runtime/cgo: pthread_create failed: Resource temporarily unavailable
runtime/cgo: pthread_create failed: Resource temporarily unavailable
SIGABRT: abort
PC=0x7fb7b5e8d38c m=0 sigcode=18446744073709551610

goroutine 0 gp=0x55b642a82580 m=0 mp=0x55b642a847a0 [idle]:
runtime: g 0 gp=0x55b642a82580: unknown pc 0x7fb7b5e8d38c
stack: frame={sp:0x7ffe217e9740, fp:0x0} stack=[0x7ffe20fef000,0x7ffe217e9d30)
                   7 6 5 4  3 2 1 0   f e d c  b a 9 8  0123456789abcdef
00007ffe217e9640: 00000000 00000000  00000000 00000000  ................
00007ffe217e9650: 00000000 00000000  00007fb7 b5e9aa09  ................
00007ffe217e9660: 00000000 00000000  00000000 00000011  ................
00007ffe217e9670: 00000000 00000130  00007ffe 217e96a8  0.........~!....
00007ffe217e9680: 00007ffe 217e96b8  000055b6 4144bb9c  ..~!......DA.U..
00007ffe217e9690: 00007fb7 00000013  000055b6 403b9578  ........x.;@.U..
                                     ^ <runtime.callCgoMmap+0x38>
00007ffe217e96a0: 00007ffe 217e96a8  00000000 00000004  ..~!............
00007ffe217e96b0: 00000034 00000013  00007ffe 217e96f8  ....4.....~!....
00007ffe217e96c0: 000055b6 40340f3f  00000000 00000000  ?.4@.U..........
                  ^ <runtime.mmap.func1+0x3f>
00007ffe217e96d0: 000055b6 4038fa4a  00000022 00000003  J.8@.U......"...
                  ^ <runtime.setVMAName+0xea>
00007ffe217e96e0: 00000000 ffffffff  00007fb7 b5c1e000  ................
00007ffe217e96f0: 00007ffe 217e9738  00007ffe 217e9770  8.~!....p.~!....
00007ffe217e9700: 000055b6 40340e7a  00007ffe 217e9740  z.4@.U..@.~!....
                  ^ <runtime.mmap+0x5a>
00007ffe217e9710: 20636720 3a6f4720  00000000 73746962   Go: gc bits....
00007ffe217e9720: 00000000 00000000  00000000 00000000  ................
00007ffe217e9730: 00000000 00000000  00007fb7 b5e8d37e  ........~.......
00007ffe217e9740: 00000000 00000000  00000000 00000000  ................
                  ^ SP
00007ffe217e9750: 00000000 00000000  00000000 00000000  ................
00007ffe217e9760: 00007ffe 217e9710  00007fb7 b5c1e000  ..~!............
00007ffe217e9770: 00007ffe 217e97b0  000055b6 40352547  ..~!....G%5@.U..
                                     ^ <runtime.sysAllocOS+0xe7>
00007ffe217e9780: 00007fb7 b5c1e000  00000000 00010000  ................
00007ffe217e9790: 000055b6 4145f329  00007ffe 217e98bf  ).EA.U....~!....
00007ffe217e97a0: 00007fb7 7effd640  00007fb7 b5c1e000  @..~............
00007ffe217e97b0: 00007ffe 217e97d8  000055b6 40352249  ..~!....I"5@.U..
                                     ^ <runtime.sysAlloc+0x49>
00007ffe217e97c0: 00000000 00010000  94ca3b51 ac097700  .........w..Q;..
00007ffe217e97d0: 00007fb7 b6011740  00000000 00000006  @...............
00007ffe217e97e0: 000055b6 41785654  00007ffe 217e9b10  TVxA.U....~!....
00007ffe217e97f0: 000055b6 42a82580  00007fb7 b5e3fa86  .%.B.U..........
00007ffe217e9800: 00007fb7 b5ffceb0  00007fb7 b5e29873  ........s.......
00007ffe217e9810: 00000000 00000020  00000000 0000000d   ...............
00007ffe217e9820: 000055b6 41785619  00000000 0000000d  .VxA.U..........
00007ffe217e9830: 00000000 00000000  00007fb7 b5e8316d  ........m1......
runtime: g 0 gp=0x55b642a82580: unknown pc 0x7fb7b5e8d38c
stack: frame={sp:0x7ffe217e9740, fp:0x0} stack=[0x7ffe20fef000,0x7ffe217e9d30)
                   7 6 5 4  3 2 1 0   f e d c  b a 9 8  0123456789abcdef
00007ffe217e9640: 00000000 00000000  00000000 00000000  ................
00007ffe217e9650: 00000000 00000000  00007fb7 b5e9aa09  ................
00007ffe217e9660: 00000000 00000000  00000000 00000011  ................
00007ffe217e9670: 00000000 00000130  00007ffe 217e96a8  0.........~!....
00007ffe217e9680: 00007ffe 217e96b8  000055b6 4144bb9c  ..~!......DA.U..
00007ffe217e9690: 00007fb7 00000013  000055b6 403b9578  ........x.;@.U..
                                     ^ <runtime.callCgoMmap+0x38>
00007ffe217e96a0: 00007ffe 217e96a8  00000000 00000004  ..~!............
00007ffe217e96b0: 00000034 00000013  00007ffe 217e96f8  ....4.....~!....
00007ffe217e96c0: 000055b6 40340f3f  00000000 00000000  ?.4@.U..........
                  ^ <runtime.mmap.func1+0x3f>
00007ffe217e96d0: 000055b6 4038fa4a  00000022 00000003  J.8@.U......"...
                  ^ <runtime.setVMAName+0xea>
00007ffe217e96e0: 00000000 ffffffff  00007fb7 b5c1e000  ................
00007ffe217e96f0: 00007ffe 217e9738  00007ffe 217e9770  8.~!....p.~!....
00007ffe217e9700: 000055b6 40340e7a  00007ffe 217e9740  z.4@.U..@.~!....
                  ^ <runtime.mmap+0x5a>
00007ffe217e9710: 20636720 3a6f4720  00000000 73746962   Go: gc bits....
00007ffe217e9720: 00000000 00000000  00000000 00000000  ................
00007ffe217e9730: 00000000 00000000  00007fb7 b5e8d37e  ........~.......
00007ffe217e9740: 00000000 00000000  00000000 00000000  ................
                  ^ SP
00007ffe217e9750: 00000000 00000000  00000000 00000000  ................
00007ffe217e9760: 00007ffe 217e9710  00007fb7 b5c1e000  ..~!............
00007ffe217e9770: 00007ffe 217e97b0  000055b6 40352547  ..~!....G%5@.U..
                                     ^ <runtime.sysAllocOS+0xe7>
00007ffe217e9780: 00007fb7 b5c1e000  00000000 00010000  ................
00007ffe217e9790: 000055b6 4145f329  00007ffe 217e98bf  ).EA.U....~!....
00007ffe217e97a0: 00007fb7 7effd640  00007fb7 b5c1e000  @..~............
00007ffe217e97b0: 00007ffe 217e97d8  000055b6 40352249  ..~!....I"5@.U..
                                     ^ <runtime.sysAlloc+0x49>
00007ffe217e97c0: 00000000 00010000  94ca3b51 ac097700  .........w..Q;..
00007ffe217e97d0: 00007fb7 b6011740  00000000 00000006  @...............
00007ffe217e97e0: 000055b6 41785654  00007ffe 217e9b10  TVxA.U....~!....
00007ffe217e97f0: 000055b6 42a82580  00007fb7 b5e3fa86  .%.B.U..........
00007ffe217e9800: 00007fb7 b5ffceb0  00007fb7 b5e29873  ........s.......
00007ffe217e9810: 00000000 00000020  00000000 0000000d   ...............
00007ffe217e9820: 000055b6 41785619  00000000 0000000d  .VxA.U..........
00007ffe217e9830: 00000000 00000000  00007fb7 b5e8316d  ........m1......

goroutine 1 gp=0x115fa5dcc1e0 m=0 mp=0x55b642a847a0 [running, locked to thread]:
runtime.systemstack_switch()
	/usr/lib/golang/src/runtime/asm_amd64.s:516 +0x8 fp=0x115fa6343b98 sp=0x115fa6343b88 pc=0x55b6403b5ea8
runtime.gcStart({0x7fb7b5dc0108?, 0x159?, 0x0?})
	/usr/lib/golang/src/runtime/mgc.go:947 +0x665 fp=0x115fa6343cb0 sp=0x115fa6343b98 pc=0x55b640356865
runtime.mallocgcSmallNoscan(0x0?, 0x115fa6330550?, 0xa5?)
	/usr/lib/golang/src/runtime/malloc.go:1448 +0x28f fp=0x115fa6343d08 sp=0x115fa6343cb0 pc=0x55b64034c36f
runtime.mallocgc(0x1000, 0x55b6425b2960, 0x1)
	/usr/lib/golang/src/runtime/malloc.go:1143 +0xcc fp=0x115fa6343d38 sp=0x115fa6343d08 pc=0x55b6403adb2c
runtime.makeslice(0x7fb78f19a7d8?, 0x100000032?, 0x115fa6330588?)
	/usr/lib/golang/src/runtime/slice.go:117 +0x49 fp=0x115fa6343d60 sp=0x115fa6343d38 pc=0x55b6403b2789
github.com/charmbracelet/x/ansi/parser.NewTransitionTable(...)
	/builddir/build/BUILD/cli-2.97.0/vendor/github.com/charmbracelet/x/ansi/parser/transition_table.go:28
github.com/charmbracelet/x/ansi/parser.GenerateTransitionTable()
	/builddir/build/BUILD/cli-2.97.0/vendor/github.com/charmbracelet/x/ansi/parser/transition_table.go:88 +0x2f fp=0x115fa6343e18 sp=0x115fa6343d60 pc=0x55b640874bcf
github.com/charmbracelet/x/ansi/parser.init()
	/builddir/build/BUILD/cli-2.97.0/vendor/github.com/charmbracelet/x/ansi/parser/transition_table.go:17 +0xf fp=0x115fa6343e28 sp=0x115fa6343e18 pc=0x55b640874b4f
runtime.doInit1(0x55b642985e00)
	/usr/lib/golang/src/runtime/proc.go:8103 +0xd7 fp=0x115fa6343f48 sp=0x115fa6343e28 pc=0x55b64038a1d7
runtime.doInit(...)
	/usr/lib/golang/src/runtime/proc.go:8070
runtime.main()
	/usr/lib/golang/src/runtime/proc.go:258 +0x270 fp=0x115fa6343fe0 sp=0x115fa6343f48 pc=0x55b64037a810
runtime.goexit({})
	/usr/lib/golang/src/runtime/asm_amd64.s:1771 +0x1 fp=0x115fa6343fe8 sp=0x115fa6343fe0 pc=0x55b6403b7b41

goroutine 2 gp=0x115fa5dccd20 m=nil [force gc (idle)]:
runtime.gopark(0x0?, 0x0?, 0x0?, 0x0?, 0x0?)
	/usr/lib/golang/src/runtime/proc.go:462 +0xce fp=0x115fa6330fa8 sp=0x115fa6330f88 pc=0x55b6403b00ae
runtime.goparkunlock(...)
	/usr/lib/golang/src/runtime/proc.go:468
runtime.forcegchelper()
	/usr/lib/golang/src/runtime/proc.go:375 +0xb8 fp=0x115fa6330fe0 sp=0x115fa6330fa8 pc=0x55b64037ab98
runtime.goexit({})
	/usr/lib/golang/src/runtime/asm_amd64.s:1771 +0x1 fp=0x115fa6330fe8 sp=0x115fa6330fe0 pc=0x55b6403b7b41
created by runtime.init.8 in goroutine 1
	/usr/lib/golang/src/runtime/proc.go:363 +0x1a

goroutine 3 gp=0x115fa5dcd2c0 m=nil [GC sweep wait]:
runtime.gopark(0x0?, 0x0?, 0x0?, 0x0?, 0x0?)
	/usr/lib/golang/src/runtime/proc.go:462 +0xce fp=0x115fa6331788 sp=0x115fa6331768 pc=0x55b6403b00ae
runtime.goparkunlock(...)
	/usr/lib/golang/src/runtime/proc.go:468
runtime.bgsweep(0x115fa5e20280)
	/usr/lib/golang/src/runtime/mgcsweep.go:279 +0x94 fp=0x115fa63317c8 sp=0x115fa6331788 pc=0x55b6403648b4
runtime.gcenable.gowrap1()
	/usr/lib/golang/src/runtime/mgc.go:214 +0x17 fp=0x115fa63317e0 sp=0x115fa63317c8 pc=0x55b640355e17
runtime.goexit({})
	/usr/lib/golang/src/runtime/asm_amd64.s:1771 +0x1 fp=0x115fa63317e8 sp=0x115fa63317e0 pc=0x55b6403b7b41
created by runtime.gcenable in goroutine 1
	/usr/lib/golang/src/runtime/mgc.go:214 +0x66

goroutine 4 gp=0x115fa5dcd4a0 m=nil [runnable]:
runtime.gopark(0x115fa5e20280?, 0x55b641768238?, 0x1?, 0x0?, 0x115fa5dcd4a0?)
	/usr/lib/golang/src/runtime/proc.go:462 +0xce fp=0x115fa6331f78 sp=0x115fa6331f58 pc=0x55b6403b00ae
runtime.goparkunlock(...)
	/usr/lib/golang/src/runtime/proc.go:468
runtime.(*scavengerState).park(0x55b642a81740)
	/usr/lib/golang/src/runtime/mgcscavenge.go:425 +0x49 fp=0x115fa6331fa8 sp=0x115fa6331f78 pc=0x55b6403623c9
runtime.bgscavenge(0x115fa5e20280)
	/usr/lib/golang/src/runtime/mgcscavenge.go:653 +0x3c fp=0x115fa6331fc8 sp=0x115fa6331fa8 pc=0x55b64036293c
runtime.gcenable.gowrap2()
	/usr/lib/golang/src/runtime/mgc.go:215 +0x17 fp=0x115fa6331fe0 sp=0x115fa6331fc8 pc=0x55b640355dd7
runtime.goexit({})
	/usr/lib/golang/src/runtime/asm_amd64.s:1771 +0x1 fp=0x115fa6331fe8 sp=0x115fa6331fe0 pc=0x55b6403b7b41
created by runtime.gcenable in goroutine 1
	/usr/lib/golang/src/runtime/mgc.go:215 +0xa5

goroutine 5 gp=0x115fa5dcda40 m=nil [GOMAXPROCS updater (idle)]:
runtime.gopark(0x0?, 0x0?, 0x0?, 0x0?, 0x0?)
	/usr/lib/golang/src/runtime/proc.go:462 +0xce fp=0x115fa6332788 sp=0x115fa6332768 pc=0x55b6403b00ae
runtime.goparkunlock(...)
	/usr/lib/golang/src/runtime/proc.go:468
runtime.updateMaxProcsGoroutine()
	/usr/lib/golang/src/runtime/proc.go:7095 +0xe7 fp=0x115fa63327e0 sp=0x115fa6332788 pc=0x55b640389167
runtime.goexit({})
	/usr/lib/golang/src/runtime/asm_amd64.s:1771 +0x1 fp=0x115fa63327e8 sp=0x115fa63327e0 pc=0x55b6403b7b41
created by runtime.defaultGOMAXPROCSUpdateEnable in goroutine 1
	/usr/lib/golang/src/runtime/proc.go:7083 +0x37

goroutine 6 gp=0x115fa63721e0 m=nil [GC worker (idle)]:
runtime.gopark(0x55b64037a810?, 0x55b642985e00?, 0x0?, 0x0?, 0x0?)
	/usr/lib/golang/src/runtime/proc.go:462 +0xce fp=0x115fa6330740 sp=0x115fa6330720 pc=0x55b6403b00ae
runtime.gcBgMarkWorker(0x115fa5e141c0)
	/usr/lib/golang/src/runtime/mgc.go:1791 +0xeb fp=0x115fa63307c8 sp=0x115fa6330740 pc=0x55b64035892b
runtime.gcBgMarkStartWorkers.gowrap1()
	/usr/lib/golang/src/runtime/mgc.go:1695 +0x17 fp=0x115fa63307e0 sp=0x115fa63307c8 pc=0x55b640358817
runtime.goexit({})
	/usr/lib/golang/src/runtime/asm_amd64.s:1771 +0x1 fp=0x115fa63307e8 sp=0x115fa63307e0 pc=0x55b6403b7b41
created by runtime.gcBgMarkStartWorkers in goroutine 1
	/usr/lib/golang/src/runtime/mgc.go:1695 +0x105

goroutine 7 gp=0x115fa63723c0 m=nil [GC worker (idle)]:
runtime.gopark(0x0?, 0x0?, 0x0?, 0x0?, 0x0?)
	/usr/lib/golang/src/runtime/proc.go:462 +0xce fp=0x115fa6332f40 sp=0x115fa6332f20 pc=0x55b6403b00ae
runtime.gcBgMarkWorker(0x115fa5e141c0)
	/usr/lib/golang/src/runtime/mgc.go:1791 +0xeb fp=0x115fa6332fc8 sp=0x115fa6332f40 pc=0x55b64035892b
runtime.gcBgMarkStartWorkers.gowrap1()
	/usr/lib/golang/src/runtime/mgc.go:1695 +0x17 fp=0x115fa6332fe0 sp=0x115fa6332fc8 pc=0x55b640358817
runtime.goexit({})
	/usr/lib/golang/src/runtime/asm_amd64.s:1771 +0x1 fp=0x115fa6332fe8 sp=0x115fa6332fe0 pc=0x55b6403b7b41
created by runtime.gcBgMarkStartWorkers in goroutine 1
	/usr/lib/golang/src/runtime/mgc.go:1695 +0x105

goroutine 8 gp=0x115fa63725a0 m=nil [GC worker (idle)]:
runtime.gopark(0x0?, 0x0?, 0x0?, 0x0?, 0x0?)
	/usr/lib/golang/src/runtime/proc.go:462 +0xce fp=0x115fa6333740 sp=0x115fa6333720 pc=0x55b6403b00ae
runtime.gcBgMarkWorker(0x115fa5e141c0)
	/usr/lib/golang/src/runtime/mgc.go:1791 +0xeb fp=0x115fa63337c8 sp=0x115fa6333740 pc=0x55b64035892b
runtime.gcBgMarkStartWorkers.gowrap1()
	/usr/lib/golang/src/runtime/mgc.go:1695 +0x17 fp=0x115fa63337e0 sp=0x115fa63337c8 pc=0x55b640358817
runtime.goexit({})
	/usr/lib/golang/src/runtime/asm_amd64.s:1771 +0x1 fp=0x115fa63337e8 sp=0x115fa63337e0 pc=0x55b6403b7b41
created by runtime.gcBgMarkStartWorkers in goroutine 1
	/usr/lib/golang/src/runtime/mgc.go:1695 +0x105

goroutine 9 gp=0x115fa6372780 m=nil [GC worker (idle)]:
runtime.gopark(0x0?, 0x0?, 0x0?, 0x0?, 0x0?)
	/usr/lib/golang/src/runtime/proc.go:462 +0xce fp=0x115fa6333f40 sp=0x115fa6333f20 pc=0x55b6403b00ae
runtime.gcBgMarkWorker(0x115fa5e141c0)
	/usr/lib/golang/src/runtime/mgc.go:1791 +0xeb fp=0x115fa6333fc8 sp=0x115fa6333f40 pc=0x55b64035892b
runtime.gcBgMarkStartWorkers.gowrap1()
	/usr/lib/golang/src/runtime/mgc.go:1695 +0x17 fp=0x115fa6333fe0 sp=0x115fa6333fc8 pc=0x55b640358817
runtime.goexit({})
	/usr/lib/golang/src/runtime/asm_amd64.s:1771 +0x1 fp=0x115fa6333fe8 sp=0x115fa6333fe0 pc=0x55b6403b7b41
created by runtime.gcBgMarkStartWorkers in goroutine 1
	/usr/lib/golang/src/runtime/mgc.go:1695 +0x105

goroutine 10 gp=0x115fa6372960 m=nil [GC worker (idle)]:
runtime.gopark(0x0?, 0x0?, 0x0?, 0x0?, 0x0?)
	/usr/lib/golang/src/runtime/proc.go:462 +0xce fp=0x115fa632c740 sp=0x115fa632c720 pc=0x55b6403b00ae
runtime.gcBgMarkWorker(0x115fa5e141c0)
	/usr/lib/golang/src/runtime/mgc.go:1791 +0xeb fp=0x115fa632c7c8 sp=0x115fa632c740 pc=0x55b64035892b
runtime.gcBgMarkStartWorkers.gowrap1()
	/usr/lib/golang/src/runtime/mgc.go:1695 +0x17 fp=0x115fa632c7e0 sp=0x115fa632c7c8 pc=0x55b640358817
runtime.goexit({})
	/usr/lib/golang/src/runtime/asm_amd64.s:1771 +0x1 fp=0x115fa632c7e8 sp=0x115fa632c7e0 pc=0x55b6403b7b41
created by runtime.gcBgMarkStartWorkers in goroutine 1
	/usr/lib/golang/src/runtime/mgc.go:1695 +0x105

goroutine 11 gp=0x115fa6372b40 m=nil [GC worker (idle)]:
runtime.gopark(0x0?, 0x0?, 0x0?, 0x0?, 0x0?)
	/usr/lib/golang/src/runtime/proc.go:462 +0xce fp=0x115fa632cf40 sp=0x115fa632cf20 pc=0x55b6403b00ae
runtime.gcBgMarkWorker(0x115fa5e141c0)
	/usr/lib/golang/src/runtime/mgc.go:1791 +0xeb fp=0x115fa632cfc8 sp=0x115fa632cf40 pc=0x55b64035892b
runtime.gcBgMarkStartWorkers.gowrap1()
	/usr/lib/golang/src/runtime/mgc.go:1695 +0x17 fp=0x115fa632cfe0 sp=0x115fa632cfc8 pc=0x55b640358817
runtime.goexit({})
	/usr/lib/golang/src/runtime/asm_amd64.s:1771 +0x1 fp=0x115fa632cfe8 sp=0x115fa632cfe0 pc=0x55b6403b7b41
created by runtime.gcBgMarkStartWorkers in goroutine 1
	/usr/lib/golang/src/runtime/mgc.go:1695 +0x105

goroutine 12 gp=0x115fa6372d20 m=nil [GC worker (idle)]:
runtime.gopark(0x0?, 0x0?, 0x0?, 0x0?, 0x0?)
	/usr/lib/golang/src/runtime/proc.go:462 +0xce fp=0x115fa632d740 sp=0x115fa632d720 pc=0x55b6403b00ae
runtime.gcBgMarkWorker(0x115fa5e141c0)
	/usr/lib/golang/src/runtime/mgc.go:1791 +0xeb fp=0x115fa632d7c8 sp=0x115fa632d740 pc=0x55b64035892b
runtime.gcBgMarkStartWorkers.gowrap1()
	/usr/lib/golang/src/runtime/mgc.go:1695 +0x17 fp=0x115fa632d7e0 sp=0x115fa632d7c8 pc=0x55b640358817
runtime.goexit({})
	/usr/lib/golang/src/runtime/asm_amd64.s:1771 +0x1 fp=0x115fa632d7e8 sp=0x115fa632d7e0 pc=0x55b6403b7b41
created by runtime.gcBgMarkStartWorkers in goroutine 1
	/usr/lib/golang/src/runtime/mgc.go:1695 +0x105

goroutine 13 gp=0x115fa6372f00 m=nil [GC worker (idle)]:
runtime.gopark(0x0?, 0x0?, 0x0?, 0x0?, 0x0?)
	/usr/lib/golang/src/runtime/proc.go:462 +0xce fp=0x115fa632df40 sp=0x115fa632df20 pc=0x55b6403b00ae
runtime.gcBgMarkWorker(0x115fa5e141c0)
	/usr/lib/golang/src/runtime/mgc.go:1791 +0xeb fp=0x115fa632dfc8 sp=0x115fa632df40 pc=0x55b64035892b
runtime.gcBgMarkStartWorkers.gowrap1()
	/usr/lib/golang/src/runtime/mgc.go:1695 +0x17 fp=0x115fa632dfe0 sp=0x115fa632dfc8 pc=0x55b640358817
runtime.goexit({})
	/usr/lib/golang/src/runtime/asm_amd64.s:1771 +0x1 fp=0x115fa632dfe8 sp=0x115fa632dfe0 pc=0x55b6403b7b41
created by runtime.gcBgMarkStartWorkers in goroutine 1
	/usr/lib/golang/src/runtime/mgc.go:1695 +0x105

goroutine 14 gp=0x115fa63730e0 m=nil [GC worker (idle)]:
runtime.gopark(0x0?, 0x0?, 0x0?, 0x0?, 0x0?)
	/usr/lib/golang/src/runtime/proc.go:462 +0xce fp=0x115fa632e740 sp=0x115fa632e720 pc=0x55b6403b00ae
runtime.gcBgMarkWorker(0x115fa5e141c0)
	/usr/lib/golang/src/runtime/mgc.go:1791 +0xeb fp=0x115fa632e7c8 sp=0x115fa632e740 pc=0x55b64035892b
runtime.gcBgMarkStartWorkers.gowrap1()
	/usr/lib/golang/src/runtime/mgc.go:1695 +0x17 fp=0x115fa632e7e0 sp=0x115fa632e7c8 pc=0x55b640358817
runtime.goexit({})
	/usr/lib/golang/src/runtime/asm_amd64.s:1771 +0x1 fp=0x115fa632e7e8 sp=0x115fa632e7e0 pc=0x55b6403b7b41
created by runtime.gcBgMarkStartWorkers in goroutine 1
	/usr/lib/golang/src/runtime/mgc.go:1695 +0x105

goroutine 15 gp=0x115fa63732c0 m=nil [GC worker (idle)]:
runtime.gopark(0x0?, 0x0?, 0x0?, 0x0?, 0x0?)
	/usr/lib/golang/src/runtime/proc.go:462 +0xce fp=0x115fa632ef40 sp=0x115fa632ef20 pc=0x55b6403b00ae
runtime.gcBgMarkWorker(0x115fa5e141c0)
	/usr/lib/golang/src/runtime/mgc.go:1791 +0xeb fp=0x115fa632efc8 sp=0x115fa632ef40 pc=0x55b64035892b
runtime.gcBgMarkStartWorkers.gowrap1()
	/usr/lib/golang/src/runtime/mgc.go:1695 +0x17 fp=0x115fa632efe0 sp=0x115fa632efc8 pc=0x55b640358817
runtime.goexit({})
	/usr/lib/golang/src/runtime/asm_amd64.s:1771 +0x1 fp=0x115fa632efe8 sp=0x115fa632efe0 pc=0x55b6403b7b41
created by runtime.gcBgMarkStartWorkers in goroutine 1
	/usr/lib/golang/src/runtime/mgc.go:1695 +0x105

goroutine 16 gp=0x115fa63734a0 m=nil [GC worker (idle)]:
runtime.gopark(0x0?, 0x0?, 0x0?, 0x0?, 0x0?)
	/usr/lib/golang/src/runtime/proc.go:462 +0xce fp=0x115fa632f740 sp=0x115fa632f720 pc=0x55b6403b00ae
runtime.gcBgMarkWorker(0x115fa5e141c0)
	/usr/lib/golang/src/runtime/mgc.go:1791 +0xeb fp=0x115fa632f7c8 sp=0x115fa632f740 pc=0x55b64035892b
runtime.gcBgMarkStartWorkers.gowrap1()
	/usr/lib/golang/src/runtime/mgc.go:1695 +0x17 fp=0x115fa632f7e0 sp=0x115fa632f7c8 pc=0x55b640358817
runtime.goexit({})
	/usr/lib/golang/src/runtime/asm_amd64.s:1771 +0x1 fp=0x115fa632f7e8 sp=0x115fa632f7e0 pc=0x55b6403b7b41
created by runtime.gcBgMarkStartWorkers in goroutine 1
	/usr/lib/golang/src/runtime/mgc.go:1695 +0x105

goroutine 18 gp=0x115fa6373680 m=nil [GC worker (idle)]:
runtime.gopark(0x0?, 0x0?, 0x0?, 0x0?, 0x0?)
	/usr/lib/golang/src/runtime/proc.go:462 +0xce fp=0x115fa632ff40 sp=0x115fa632ff20 pc=0x55b6403b00ae
runtime.gcBgMarkWorker(0x115fa5e141c0)
	/usr/lib/golang/src/runtime/mgc.go:1791 +0xeb fp=0x115fa632ffc8 sp=0x115fa632ff40 pc=0x55b64035892b
runtime.gcBgMarkStartWorkers.gowrap1()
	/usr/lib/golang/src/runtime/mgc.go:1695 +0x17 fp=0x115fa632ffe0 sp=0x115fa632ffc8 pc=0x55b640358817
runtime.goexit({})
	/usr/lib/golang/src/runtime/asm_amd64.s:1771 +0x1 fp=0x115fa632ffe8 sp=0x115fa632ffe0 pc=0x55b6403b7b41
created by runtime.gcBgMarkStartWorkers in goroutine 1
	/usr/lib/golang/src/runtime/mgc.go:1695 +0x105

goroutine 19 gp=0x115fa6373860 m=nil [GC worker (idle)]:
runtime.gopark(0x0?, 0x0?, 0x0?, 0x0?, 0x0?)
	/usr/lib/golang/src/runtime/proc.go:462 +0xce fp=0x115fa637c740 sp=0x115fa637c720 pc=0x55b6403b00ae
runtime.gcBgMarkWorker(0x115fa5e141c0)
	/usr/lib/golang/src/runtime/mgc.go:1791 +0xeb fp=0x115fa637c7c8 sp=0x115fa637c740 pc=0x55b64035892b
runtime.gcBgMarkStartWorkers.gowrap1()
	/usr/lib/golang/src/runtime/mgc.go:1695 +0x17 fp=0x115fa637c7e0 sp=0x115fa637c7c8 pc=0x55b640358817
runtime.goexit({})
	/usr/lib/golang/src/runtime/asm_amd64.s:1771 +0x1 fp=0x115fa637c7e8 sp=0x115fa637c7e0 pc=0x55b6403b7b41
created by runtime.gcBgMarkStartWorkers in goroutine 1
	/usr/lib/golang/src/runtime/mgc.go:1695 +0x105

goroutine 20 gp=0x115fa6373a40 m=nil [GC worker (idle)]:
runtime.gopark(0x0?, 0x0?, 0x0?, 0x0?, 0x0?)
	/usr/lib/golang/src/runtime/proc.go:462 +0xce fp=0x115fa637cf40 sp=0x115fa637cf20 pc=0x55b6403b00ae
runtime.gcBgMarkWorker(0x115fa5e141c0)
	/usr/lib/golang/src/runtime/mgc.go:1791 +0xeb fp=0x115fa637cfc8 sp=0x115fa637cf40 pc=0x55b64035892b
runtime.gcBgMarkStartWorkers.gowrap1()
	/usr/lib/golang/src/runtime/mgc.go:1695 +0x17 fp=0x115fa637cfe0 sp=0x115fa637cfc8 pc=0x55b640358817
runtime.goexit({})
	/usr/lib/golang/src/runtime/asm_amd64.s:1771 +0x1 fp=0x115fa637cfe8 sp=0x115fa637cfe0 pc=0x55b6403b7b41
created by runtime.gcBgMarkStartWorkers in goroutine 1
	/usr/lib/golang/src/runtime/mgc.go:1695 +0x105

goroutine 21 gp=0x115fa6373c20 m=nil [GC worker (idle)]:
runtime.gopark(0x0?, 0x0?, 0x0?, 0x0?, 0x0?)
	/usr/lib/golang/src/runtime/proc.go:462 +0xce fp=0x115fa637d740 sp=0x115fa637d720 pc=0x55b6403b00ae
runtime.gcBgMarkWorker(0x115fa5e141c0)
	/usr/lib/golang/src/runtime/mgc.go:1791 +0xeb fp=0x115fa637d7c8 sp=0x115fa637d740 pc=0x55b64035892b
runtime.gcBgMarkStartWorkers.gowrap1()
	/usr/lib/golang/src/runtime/mgc.go:1695 +0x17 fp=0x115fa637d7e0 sp=0x115fa637d7c8 pc=0x55b640358817
runtime.goexit({})
	/usr/lib/golang/src/runtime/asm_amd64.s:1771 +0x1 fp=0x115fa637d7e8 sp=0x115fa637d7e0 pc=0x55b6403b7b41
created by runtime.gcBgMarkStartWorkers in goroutine 1
	/usr/lib/golang/src/runtime/mgc.go:1695 +0x105

goroutine 22 gp=0x115fa6402000 m=nil [GC worker (idle)]:
runtime.gopark(0x0?, 0x0?, 0x0?, 0x0?, 0x0?)
	/usr/lib/golang/src/runtime/proc.go:462 +0xce fp=0x115fa637df40 sp=0x115fa637df20 pc=0x55b6403b00ae
runtime.gcBgMarkWorker(0x115fa5e141c0)
	/usr/lib/golang/src/runtime/mgc.go:1791 +0xeb fp=0x115fa637dfc8 sp=0x115fa637df40 pc=0x55b64035892b
runtime.gcBgMarkStartWorkers.gowrap1()
	/usr/lib/golang/src/runtime/mgc.go:1695 +0x17 fp=0x115fa637dfe0 sp=0x115fa637dfc8 pc=0x55b640358817
runtime.goexit({})
	/usr/lib/golang/src/runtime/asm_amd64.s:1771 +0x1 fp=0x115fa637dfe8 sp=0x115fa637dfe0 pc=0x55b6403b7b41
created by runtime.gcBgMarkStartWorkers in goroutine 1
	/usr/lib/golang/src/runtime/mgc.go:1695 +0x105

goroutine 23 gp=0x115fa64021e0 m=nil [GC worker (idle)]:
runtime.gopark(0x0?, 0x0?, 0x0?, 0x0?, 0x0?)
	/usr/lib/golang/src/runtime/proc.go:462 +0xce fp=0x115fa637e740 sp=0x115fa637e720 pc=0x55b6403b00ae
runtime.gcBgMarkWorker(0x115fa5e141c0)
	/usr/lib/golang/src/runtime/mgc.go:1791 +0xeb fp=0x115fa637e7c8 sp=0x115fa637e740 pc=0x55b64035892b
runtime.gcBgMarkStartWorkers.gowrap1()
	/usr/lib/golang/src/runtime/mgc.go:1695 +0x17 fp=0x115fa637e7e0 sp=0x115fa637e7c8 pc=0x55b640358817
runtime.goexit({})
	/usr/lib/golang/src/runtime/asm_amd64.s:1771 +0x1 fp=0x115fa637e7e8 sp=0x115fa637e7e0 pc=0x55b6403b7b41
created by runtime.gcBgMarkStartWorkers in goroutine 1
	/usr/lib/golang/src/runtime/mgc.go:1695 +0x105

goroutine 24 gp=0x115fa64023c0 m=nil [GC worker (idle)]:
runtime.gopark(0x0?, 0x0?, 0x0?, 0x0?, 0x0?)
	/usr/lib/golang/src/runtime/proc.go:462 +0xce fp=0x115fa637ef40 sp=0x115fa637ef20 pc=0x55b6403b00ae
runtime.gcBgMarkWorker(0x115fa5e141c0)
	/usr/lib/golang/src/runtime/mgc.go:1791 +0xeb fp=0x115fa637efc8 sp=0x115fa637ef40 pc=0x55b64035892b
runtime.gcBgMarkStartWorkers.gowrap1()
	/usr/lib/golang/src/runtime/mgc.go:1695 +0x17 fp=0x115fa637efe0 sp=0x115fa637efc8 pc=0x55b640358817
runtime.goexit({})
	/usr/lib/golang/src/runtime/asm_amd64.s:1771 +0x1 fp=0x115fa637efe8 sp=0x115fa637efe0 pc=0x55b6403b7b41
created by runtime.gcBgMarkStartWorkers in goroutine 1
	/usr/lib/golang/src/runtime/mgc.go:1695 +0x105

goroutine 34 gp=0x115fa6484000 m=nil [GC worker (idle)]:
runtime.gopark(0x0?, 0x0?, 0x0?, 0x0?, 0x0?)
	/usr/lib/golang/src/runtime/proc.go:462 +0xce fp=0x115fa6378740 sp=0x115fa6378720 pc=0x55b6403b00ae
runtime.gcBgMarkWorker(0x115fa5e141c0)
	/usr/lib/golang/src/runtime/mgc.go:1791 +0xeb fp=0x115fa63787c8 sp=0x115fa6378740 pc=0x55b64035892b
runtime.gcBgMarkStartWorkers.gowrap1()
	/usr/lib/golang/src/runtime/mgc.go:1695 +0x17 fp=0x115fa63787e0 sp=0x115fa63787c8 pc=0x55b640358817
runtime.goexit({})
	/usr/lib/golang/src/runtime/asm_amd64.s:1771 +0x1 fp=0x115fa63787e8 sp=0x115fa63787e0 pc=0x55b6403b7b41
created by runtime.gcBgMarkStartWorkers in goroutine 1
	/usr/lib/golang/src/runtime/mgc.go:1695 +0x105

goroutine 35 gp=0x115fa64841e0 m=nil [GC worker (idle)]:
runtime.gopark(0x0?, 0x0?, 0x0?, 0x0?, 0x0?)
	/usr/lib/golang/src/runtime/proc.go:462 +0xce fp=0x115fa6378f40 sp=0x115fa6378f20 pc=0x55b6403b00ae
runtime.gcBgMarkWorker(0x115fa5e141c0)
	/usr/lib/golang/src/runtime/mgc.go:1791 +0xeb fp=0x115fa6378fc8 sp=0x115fa6378f40 pc=0x55b64035892b
runtime.gcBgMarkStartWorkers.gowrap1()
	/usr/lib/golang/src/runtime/mgc.go:1695 +0x17 fp=0x115fa6378fe0 sp=0x115fa6378fc8 pc=0x55b640358817
runtime.goexit({})
	/usr/lib/golang/src/runtime/asm_amd64.s:1771 +0x1 fp=0x115fa6378fe8 sp=0x115fa6378fe0 pc=0x55b6403b7b41
created by runtime.gcBgMarkStartWorkers in goroutine 1
	/usr/lib/golang/src/runtime/mgc.go:1695 +0x105

goroutine 36 gp=0x115fa64843c0 m=nil [GC worker (idle)]:
runtime.gopark(0x0?, 0x0?, 0x0?, 0x0?, 0x0?)
	/usr/lib/golang/src/runtime/proc.go:462 +0xce fp=0x115fa6379740 sp=0x115fa6379720 pc=0x55b6403b00ae
runtime.gcBgMarkWorker(0x115fa5e141c0)
	/usr/lib/golang/src/runtime/mgc.go:1791 +0xeb fp=0x115fa63797c8 sp=0x115fa6379740 pc=0x55b64035892b
runtime.gcBgMarkStartWorkers.gowrap1()
	/usr/lib/golang/src/runtime/mgc.go:1695 +0x17 fp=0x115fa63797e0 sp=0x115fa63797c8 pc=0x55b640358817
runtime.goexit({})
	/usr/lib/golang/src/runtime/asm_amd64.s:1771 +0x1 fp=0x115fa63797e8 sp=0x115fa63797e0 pc=0x55b6403b7b41
created by runtime.gcBgMarkStartWorkers in goroutine 1
	/usr/lib/golang/src/runtime/mgc.go:1695 +0x105

goroutine 37 gp=0x115fa64845a0 m=nil [GC worker (idle)]:
runtime.gopark(0x0?, 0x0?, 0x0?, 0x0?, 0x0?)
	/usr/lib/golang/src/runtime/proc.go:462 +0xce fp=0x115fa6379f40 sp=0x115fa6379f20 pc=0x55b6403b00ae
runtime.gcBgMarkWorker(0x115fa5e141c0)
	/usr/lib/golang/src/runtime/mgc.go:1791 +0xeb fp=0x115fa6379fc8 sp=0x115fa6379f40 pc=0x55b64035892b
runtime.gcBgMarkStartWorkers.gowrap1()
	/usr/lib/golang/src/runtime/mgc.go:1695 +0x17 fp=0x115fa6379fe0 sp=0x115fa6379fc8 pc=0x55b640358817
runtime.goexit({})
	/usr/lib/golang/src/runtime/asm_amd64.s:1771 +0x1 fp=0x115fa6379fe8 sp=0x115fa6379fe0 pc=0x55b6403b7b41
created by runtime.gcBgMarkStartWorkers in goroutine 1
	/usr/lib/golang/src/runtime/mgc.go:1695 +0x105

goroutine 38 gp=0x115fa6484780 m=nil [GC worker (idle)]:
runtime.gopark(0x0?, 0x0?, 0x0?, 0x0?, 0x0?)
	/usr/lib/golang/src/runtime/proc.go:462 +0xce fp=0x115fa637a740 sp=0x115fa637a720 pc=0x55b6403b00ae
runtime.gcBgMarkWorker(0x115fa5e141c0)
	/usr/lib/golang/src/runtime/mgc.go:1791 +0xeb fp=0x115fa637a7c8 sp=0x115fa637a740 pc=0x55b64035892b
runtime.gcBgMarkStartWorkers.gowrap1()
	/usr/lib/golang/src/runtime/mgc.go:1695 +0x17 fp=0x115fa637a7e0 sp=0x115fa637a7c8 pc=0x55b640358817
runtime.goexit({})
	/usr/lib/golang/src/runtime/asm_amd64.s:1771 +0x1 fp=0x115fa637a7e8 sp=0x115fa637a7e0 pc=0x55b6403b7b41
created by runtime.gcBgMarkStartWorkers in goroutine 1
	/usr/lib/golang/src/runtime/mgc.go:1695 +0x105

goroutine 39 gp=0x115fa6484960 m=nil [GC worker (idle)]:
runtime.gopark(0x0?, 0x0?, 0x0?, 0x0?, 0x0?)
	/usr/lib/golang/src/runtime/proc.go:462 +0xce fp=0x115fa637af40 sp=0x115fa637af20 pc=0x55b6403b00ae
runtime.gcBgMarkWorker(0x115fa5e141c0)
	/usr/lib/golang/src/runtime/mgc.go:1791 +0xeb fp=0x115fa637afc8 sp=0x115fa637af40 pc=0x55b64035892b
runtime.gcBgMarkStartWorkers.gowrap1()
	/usr/lib/golang/src/runtime/mgc.go:1695 +0x17 fp=0x115fa637afe0 sp=0x115fa637afc8 pc=0x55b640358817
runtime.goexit({})
	/usr/lib/golang/src/runtime/asm_amd64.s:1771 +0x1 fp=0x115fa637afe8 sp=0x115fa637afe0 pc=0x55b6403b7b41
created by runtime.gcBgMarkStartWorkers in goroutine 1
	/usr/lib/golang/src/runtime/mgc.go:1695 +0x105

goroutine 50 gp=0x115fa63843c0 m=nil [GC worker (idle)]:
runtime.gopark(0x0?, 0x0?, 0x0?, 0x0?, 0x0?)
	/usr/lib/golang/src/runtime/proc.go:462 +0xce fp=0x115fa639a740 sp=0x115fa639a720 pc=0x55b6403b00ae
runtime.gcBgMarkWorker(0x115fa5e141c0)
	/usr/lib/golang/src/runtime/mgc.go:1791 +0xeb fp=0x115fa639a7c8 sp=0x115fa639a740 pc=0x55b64035892b
runtime.gcBgMarkStartWorkers.gowrap1()
	/usr/lib/golang/src/runtime/mgc.go:1695 +0x17 fp=0x115fa639a7e0 sp=0x115fa639a7c8 pc=0x55b640358817
runtime.goexit({})
	/usr/lib/golang/src/runtime/asm_amd64.s:1771 +0x1 fp=0x115fa639a7e8 sp=0x115fa639a7e0 pc=0x55b6403b7b41
created by runtime.gcBgMarkStartWorkers in goroutine 1
	/usr/lib/golang/src/runtime/mgc.go:1695 +0x105

goroutine 51 gp=0x115fa63845a0 m=nil [GC worker (idle)]:
runtime.gopark(0x0?, 0x0?, 0x0?, 0x0?, 0x0?)
	/usr/lib/golang/src/runtime/proc.go:462 +0xce fp=0x115fa639af40 sp=0x115fa639af20 pc=0x55b6403b00ae
runtime.gcBgMarkWorker(0x115fa5e141c0)
	/usr/lib/golang/src/runtime/mgc.go:1791 +0xeb fp=0x115fa639afc8 sp=0x115fa639af40 pc=0x55b64035892b
runtime.gcBgMarkStartWorkers.gowrap1()
	/usr/lib/golang/src/runtime/mgc.go:1695 +0x17 fp=0x115fa639afe0 sp=0x115fa639afc8 pc=0x55b640358817
runtime.goexit({})
	/usr/lib/golang/src/runtime/asm_amd64.s:1771 +0x1 fp=0x115fa639afe8 sp=0x115fa639afe0 pc=0x55b6403b7b41
created by runtime.gcBgMarkStartWorkers in goroutine 1
	/usr/lib/golang/src/runtime/mgc.go:1695 +0x105

goroutine 52 gp=0x115fa6384780 m=nil [GC worker (idle)]:
runtime.gopark(0x0?, 0x0?, 0x0?, 0x0?, 0x0?)
	/usr/lib/golang/src/runtime/proc.go:462 +0xce fp=0x115fa639b740 sp=0x115fa639b720 pc=0x55b6403b00ae
runtime.gcBgMarkWorker(0x115fa5e141c0)
	/usr/lib/golang/src/runtime/mgc.go:1791 +0xeb fp=0x115fa639b7c8 sp=0x115fa639b740 pc=0x55b64035892b
runtime.gcBgMarkStartWorkers.gowrap1()
	/usr/lib/golang/src/runtime/mgc.go:1695 +0x17 fp=0x115fa639b7e0 sp=0x115fa639b7c8 pc=0x55b640358817
runtime.goexit({})
	/usr/lib/golang/src/runtime/asm_amd64.s:1771 +0x1 fp=0x115fa639b7e8 sp=0x115fa639b7e0 pc=0x55b6403b7b41
created by runtime.gcBgMarkStartWorkers in goroutine 1
	/usr/lib/golang/src/runtime/mgc.go:1695 +0x105

goroutine 53 gp=0x115fa6384960 m=nil [GC worker (idle)]:
runtime.gopark(0x0?, 0x0?, 0x0?, 0x0?, 0x0?)
	/usr/lib/golang/src/runtime/proc.go:462 +0xce fp=0x115fa639bf40 sp=0x115fa639bf20 pc=0x55b6403b00ae
runtime.gcBgMarkWorker(0x115fa5e141c0)
	/usr/lib/golang/src/runtime/mgc.go:1791 +0xeb fp=0x115fa639bfc8 sp=0x115fa639bf40 pc=0x55b64035892b
runtime.gcBgMarkStartWorkers.gowrap1()
	/usr/lib/golang/src/runtime/mgc.go:1695 +0x17 fp=0x115fa639bfe0 sp=0x115fa639bfc8 pc=0x55b640358817
runtime.goexit({})
	/usr/lib/golang/src/runtime/asm_amd64.s:1771 +0x1 fp=0x115fa639bfe8 sp=0x115fa639bfe0 pc=0x55b6403b7b41
created by runtime.gcBgMarkStartWorkers in goroutine 1
	/usr/lib/golang/src/runtime/mgc.go:1695 +0x105

goroutine 40 gp=0x115fa6484b40 m=nil [GC worker (idle)]:
runtime.gopark(0x0?, 0x0?, 0x0?, 0x0?, 0x0?)
	/usr/lib/golang/src/runtime/proc.go:462 +0xce fp=0x115fa637b740 sp=0x115fa637b720 pc=0x55b6403b00ae
runtime.gcBgMarkWorker(0x115fa5e141c0)
	/usr/lib/golang/src/runtime/mgc.go:1791 +0xeb fp=0x115fa637b7c8 sp=0x115fa637b740 pc=0x55b64035892b
runtime.gcBgMarkStartWorkers.gowrap1()
	/usr/lib/golang/src/runtime/mgc.go:1695 +0x17 fp=0x115fa637b7e0 sp=0x115fa637b7c8 pc=0x55b640358817
runtime.goexit({})
	/usr/lib/golang/src/runtime/asm_amd64.s:1771 +0x1 fp=0x115fa637b7e8 sp=0x115fa637b7e0 pc=0x55b6403b7b41
created by runtime.gcBgMarkStartWorkers in goroutine 1
	/usr/lib/golang/src/runtime/mgc.go:1695 +0x105

goroutine 41 gp=0x115fa6484d20 m=nil [GC worker (idle)]:
runtime.gopark(0x0?, 0x0?, 0x0?, 0x0?, 0x0?)
	/usr/lib/golang/src/runtime/proc.go:462 +0xce fp=0x115fa637bf40 sp=0x115fa637bf20 pc=0x55b6403b00ae
runtime.gcBgMarkWorker(0x115fa5e141c0)
	/usr/lib/golang/src/runtime/mgc.go:1791 +0xeb fp=0x115fa637bfc8 sp=0x115fa637bf40 pc=0x55b64035892b
runtime.gcBgMarkStartWorkers.gowrap1()
	/usr/lib/golang/src/runtime/mgc.go:1695 +0x17 fp=0x115fa637bfe0 sp=0x115fa637bfc8 pc=0x55b640358817
runtime.goexit({})
	/usr/lib/golang/src/runtime/asm_amd64.s:1771 +0x1 fp=0x115fa637bfe8 sp=0x115fa637bfe0 pc=0x55b6403b7b41
created by runtime.gcBgMarkStartWorkers in goroutine 1
	/usr/lib/golang/src/runtime/mgc.go:1695 +0x105

goroutine 54 gp=0x115fa6384b40 m=nil [GC worker (idle)]:
runtime.gopark(0x0?, 0x0?, 0x0?, 0x0?, 0x0?)
	/usr/lib/golang/src/runtime/proc.go:462 +0xce fp=0x115fa639c740 sp=0x115fa639c720 pc=0x55b6403b00ae
runtime.gcBgMarkWorker(0x115fa5e141c0)
	/usr/lib/golang/src/runtime/mgc.go:1791 +0xeb fp=0x115fa639c7c8 sp=0x115fa639c740 pc=0x55b64035892b
runtime.gcBgMarkStartWorkers.gowrap1()
	/usr/lib/golang/src/runtime/mgc.go:1695 +0x17 fp=0x115fa639c7e0 sp=0x115fa639c7c8 pc=0x55b640358817
runtime.goexit({})
	/usr/lib/golang/src/runtime/asm_amd64.s:1771 +0x1 fp=0x115fa639c7e8 sp=0x115fa639c7e0 pc=0x55b6403b7b41
created by runtime.gcBgMarkStartWorkers in goroutine 1
	/usr/lib/golang/src/runtime/mgc.go:1695 +0x105

goroutine 25 gp=0x115fa64025a0 m=nil [GC worker (idle)]:
runtime.gopark(0x0?, 0x0?, 0x0?, 0x0?, 0x0?)
	/usr/lib/golang/src/runtime/proc.go:462 +0xce fp=0x115fa637f740 sp=0x115fa637f720 pc=0x55b6403b00ae
runtime.gcBgMarkWorker(0x115fa5e141c0)
	/usr/lib/golang/src/runtime/mgc.go:1791 +0xeb fp=0x115fa637f7c8 sp=0x115fa637f740 pc=0x55b64035892b
runtime.gcBgMarkStartWorkers.gowrap1()
	/usr/lib/golang/src/runtime/mgc.go:1695 +0x17 fp=0x115fa637f7e0 sp=0x115fa637f7c8 pc=0x55b640358817
runtime.goexit({})
	/usr/lib/golang/src/runtime/asm_amd64.s:1771 +0x1 fp=0x115fa637f7e8 sp=0x115fa637f7e0 pc=0x55b6403b7b41
created by runtime.gcBgMarkStartWorkers in goroutine 1
	/usr/lib/golang/src/runtime/mgc.go:1695 +0x105

goroutine 42 gp=0x115fa6484f00 m=nil [GC worker (idle)]:
runtime.gopark(0x0?, 0x0?, 0x0?, 0x0?, 0x0?)
	/usr/lib/golang/src/runtime/proc.go:462 +0xce fp=0x115fa6396740 sp=0x115fa6396720 pc=0x55b6403b00ae
runtime.gcBgMarkWorker(0x115fa5e141c0)
	/usr/lib/golang/src/runtime/mgc.go:1791 +0xeb fp=0x115fa63967c8 sp=0x115fa6396740 pc=0x55b64035892b
runtime.gcBgMarkStartWorkers.gowrap1()
	/usr/lib/golang/src/runtime/mgc.go:1695 +0x17 fp=0x115fa63967e0 sp=0x115fa63967c8 pc=0x55b640358817
runtime.goexit({})
	/usr/lib/golang/src/runtime/asm_amd64.s:1771 +0x1 fp=0x115fa63967e8 sp=0x115fa63967e0 pc=0x55b6403b7b41
created by runtime.gcBgMarkStartWorkers in goroutine 1
	/usr/lib/golang/src/runtime/mgc.go:1695 +0x105

goroutine 26 gp=0x115fa6402780 m=nil [GC worker (idle)]:
runtime.gopark(0x0?, 0x0?, 0x0?, 0x0?, 0x0?)
	/usr/lib/golang/src/runtime/proc.go:462 +0xce fp=0x115fa637ff40 sp=0x115fa637ff20 pc=0x55b6403b00ae
runtime.gcBgMarkWorker(0x115fa5e141c0)
	/usr/lib/golang/src/runtime/mgc.go:1791 +0xeb fp=0x115fa637ffc8 sp=0x115fa637ff40 pc=0x55b64035892b
runtime.gcBgMarkStartWorkers.gowrap1()
	/usr/lib/golang/src/runtime/mgc.go:1695 +0x17 fp=0x115fa637ffe0 sp=0x115fa637ffc8 pc=0x55b640358817
runtime.goexit({})
	/usr/lib/golang/src/runtime/asm_amd64.s:1771 +0x1 fp=0x115fa637ffe8 sp=0x115fa637ffe0 pc=0x55b6403b7b41
created by runtime.gcBgMarkStartWorkers in goroutine 1
	/usr/lib/golang/src/runtime/mgc.go:1695 +0x105

goroutine 55 gp=0x115fa6384d20 m=nil [GC worker (idle)]:
runtime.gopark(0x0?, 0x0?, 0x0?, 0x0?, 0x0?)
	/usr/lib/golang/src/runtime/proc.go:462 +0xce fp=0x115fa639cf40 sp=0x115fa639cf20 pc=0x55b6403b00ae
runtime.gcBgMarkWorker(0x115fa5e141c0)
	/usr/lib/golang/src/runtime/mgc.go:1791 +0xeb fp=0x115fa639cfc8 sp=0x115fa639cf40 pc=0x55b64035892b
runtime.gcBgMarkStartWorkers.gowrap1()
	/usr/lib/golang/src/runtime/mgc.go:1695 +0x17 fp=0x115fa639cfe0 sp=0x115fa639cfc8 pc=0x55b640358817
runtime.goexit({})
	/usr/lib/golang/src/runtime/asm_amd64.s:1771 +0x1 fp=0x115fa639cfe8 sp=0x115fa639cfe0 pc=0x55b6403b7b41
created by runtime.gcBgMarkStartWorkers in goroutine 1
	/usr/lib/golang/src/runtime/mgc.go:1695 +0x105

goroutine 27 gp=0x115fa6402d20 m=nil [GC worker (idle)]:
runtime.gopark(0x0?, 0x0?, 0x0?, 0x0?, 0x0?)
	/usr/lib/golang/src/runtime/proc.go:462 +0xce fp=0x115fa6412740 sp=0x115fa6412720 pc=0x55b6403b00ae
runtime.gcBgMarkWorker(0x115fa5e141c0)
	/usr/lib/golang/src/runtime/mgc.go:1791 +0xeb fp=0x115fa64127c8 sp=0x115fa6412740 pc=0x55b64035892b
runtime.gcBgMarkStartWorkers.gowrap1()
	/usr/lib/golang/src/runtime/mgc.go:1695 +0x17 fp=0x115fa64127e0 sp=0x115fa64127c8 pc=0x55b640358817
runtime.goexit({})
	/usr/lib/golang/src/runtime/asm_amd64.s:1771 +0x1 fp=0x115fa64127e8 sp=0x115fa64127e0 pc=0x55b6403b7b41
created by runtime.gcBgMarkStartWorkers in goroutine 1
	/usr/lib/golang/src/runtime/mgc.go:1695 +0x105

goroutine 28 gp=0x115fa6402f00 m=nil [GC worker (idle)]:
runtime.gopark(0x0?, 0x0?, 0x0?, 0x0?, 0x0?)
	/usr/lib/golang/src/runtime/proc.go:462 +0xce fp=0x115fa6412f40 sp=0x115fa6412f20 pc=0x55b6403b00ae
runtime.gcBgMarkWorker(0x115fa5e141c0)
	/usr/lib/golang/src/runtime/mgc.go:1791 +0xeb fp=0x115fa6412fc8 sp=0x115fa6412f40 pc=0x55b64035892b
runtime.gcBgMarkStartWorkers.gowrap1()
	/usr/lib/golang/src/runtime/mgc.go:1695 +0x17 fp=0x115fa6412fe0 sp=0x115fa6412fc8 pc=0x55b640358817
runtime.goexit({})
	/usr/lib/golang/src/runtime/asm_amd64.s:1771 +0x1 fp=0x115fa6412fe8 sp=0x115fa6412fe0 pc=0x55b6403b7b41
created by runtime.gcBgMarkStartWorkers in goroutine 1
	/usr/lib/golang/src/runtime/mgc.go:1695 +0x105

goroutine 66 gp=0x115fa6504000 m=nil [GC worker (idle)]:
runtime.gopark(0x0?, 0x0?, 0x0?, 0x0?, 0x0?)
	/usr/lib/golang/src/runtime/proc.go:462 +0xce fp=0x115fa640e740 sp=0x115fa640e720 pc=0x55b6403b00ae
runtime.gcBgMarkWorker(0x115fa5e141c0)
	/usr/lib/golang/src/runtime/mgc.go:1791 +0xeb fp=0x115fa640e7c8 sp=0x115fa640e740 pc=0x55b64035892b
runtime.gcBgMarkStartWorkers.gowrap1()
	/usr/lib/golang/src/runtime/mgc.go:1695 +0x17 fp=0x115fa640e7e0 sp=0x115fa640e7c8 pc=0x55b640358817
runtime.goexit({})
	/usr/lib/golang/src/runtime/asm_amd64.s:1771 +0x1 fp=0x115fa640e7e8 sp=0x115fa640e7e0 pc=0x55b6403b7b41
created by runtime.gcBgMarkStartWorkers in goroutine 1
	/usr/lib/golang/src/runtime/mgc.go:1695 +0x105

goroutine 43 gp=0x115fa64850e0 m=nil [GC worker (idle)]:
runtime.gopark(0x0?, 0x0?, 0x0?, 0x0?, 0x0?)
	/usr/lib/golang/src/runtime/proc.go:462 +0xce fp=0x115fa6396f40 sp=0x115fa6396f20 pc=0x55b6403b00ae
runtime.gcBgMarkWorker(0x115fa5e141c0)
	/usr/lib/golang/src/runtime/mgc.go:1791 +0xeb fp=0x115fa6396fc8 sp=0x115fa6396f40 pc=0x55b64035892b
runtime.gcBgMarkStartWorkers.gowrap1()
	/usr/lib/golang/src/runtime/mgc.go:1695 +0x17 fp=0x115fa6396fe0 sp=0x115fa6396fc8 pc=0x55b640358817
runtime.goexit({})
	/usr/lib/golang/src/runtime/asm_amd64.s:1771 +0x1 fp=0x115fa6396fe8 sp=0x115fa6396fe0 pc=0x55b6403b7b41
created by runtime.gcBgMarkStartWorkers in goroutine 1
	/usr/lib/golang/src/runtime/mgc.go:1695 +0x105

goroutine 29 gp=0x115fa64030e0 m=nil [GC worker (idle)]:
runtime.gopark(0x0?, 0x0?, 0x0?, 0x0?, 0x0?)
	/usr/lib/golang/src/runtime/proc.go:462 +0xce fp=0x115fa6413740 sp=0x115fa6413720 pc=0x55b6403b00ae
runtime.gcBgMarkWorker(0x115fa5e141c0)
	/usr/lib/golang/src/runtime/mgc.go:1791 +0xeb fp=0x115fa64137c8 sp=0x115fa6413740 pc=0x55b64035892b
runtime.gcBgMarkStartWorkers.gowrap1()
	/usr/lib/golang/src/runtime/mgc.go:1695 +0x17 fp=0x115fa64137e0 sp=0x115fa64137c8 pc=0x55b640358817
runtime.goexit({})
	/usr/lib/golang/src/runtime/asm_amd64.s:1771 +0x1 fp=0x115fa64137e8 sp=0x115fa64137e0 pc=0x55b6403b7b41
created by runtime.gcBgMarkStartWorkers in goroutine 1
	/usr/lib/golang/src/runtime/mgc.go:1695 +0x105

goroutine 30 gp=0x115fa64032c0 m=nil [GC worker (idle)]:
runtime.gopark(0x0?, 0x0?, 0x0?, 0x0?, 0x0?)
	/usr/lib/golang/src/runtime/proc.go:462 +0xce fp=0x115fa6413f40 sp=0x115fa6413f20 pc=0x55b6403b00ae
runtime.gcBgMarkWorker(0x115fa5e141c0)
	/usr/lib/golang/src/runtime/mgc.go:1791 +0xeb fp=0x115fa6413fc8 sp=0x115fa6413f40 pc=0x55b64035892b
runtime.gcBgMarkStartWorkers.gowrap1()
	/usr/lib/golang/src/runtime/mgc.go:1695 +0x17 fp=0x115fa6413fe0 sp=0x115fa6413fc8 pc=0x55b640358817
runtime.goexit({})
	/usr/lib/golang/src/runtime/asm_amd64.s:1771 +0x1 fp=0x115fa6413fe8 sp=0x115fa6413fe0 pc=0x55b6403b7b41
created by runtime.gcBgMarkStartWorkers in goroutine 1
	/usr/lib/golang/src/runtime/mgc.go:1695 +0x105

goroutine 44 gp=0x115fa64852c0 m=nil [GC worker (idle)]:
runtime.gopark(0x0?, 0x0?, 0x0?, 0x0?, 0x0?)
	/usr/lib/golang/src/runtime/proc.go:462 +0xce fp=0x115fa6397740 sp=0x115fa6397720 pc=0x55b6403b00ae
runtime.gcBgMarkWorker(0x115fa5e141c0)
	/usr/lib/golang/src/runtime/mgc.go:1791 +0xeb fp=0x115fa63977c8 sp=0x115fa6397740 pc=0x55b64035892b
runtime.gcBgMarkStartWorkers.gowrap1()
	/usr/lib/golang/src/runtime/mgc.go:1695 +0x17 fp=0x115fa63977e0 sp=0x115fa63977c8 pc=0x55b640358817
runtime.goexit({})
	/usr/lib/golang/src/runtime/asm_amd64.s:1771 +0x1 fp=0x115fa63977e8 sp=0x115fa63977e0 pc=0x55b6403b7b41
created by runtime.gcBgMarkStartWorkers in goroutine 1
	/usr/lib/golang/src/runtime/mgc.go:1695 +0x105

goroutine 67 gp=0x115fa65041e0 m=nil [GC worker (idle)]:
runtime.gopark(0x0?, 0x0?, 0x0?, 0x0?, 0x0?)
	/usr/lib/golang/src/runtime/proc.go:462 +0xce fp=0x115fa640ef40 sp=0x115fa640ef20 pc=0x55b6403b00ae
runtime.gcBgMarkWorker(0x115fa5e141c0)
	/usr/lib/golang/src/runtime/mgc.go:1791 +0xeb fp=0x115fa640efc8 sp=0x115fa640ef40 pc=0x55b64035892b
runtime.gcBgMarkStartWorkers.gowrap1()
	/usr/lib/golang/src/runtime/mgc.go:1695 +0x17 fp=0x115fa640efe0 sp=0x115fa640efc8 pc=0x55b640358817
runtime.goexit({})
	/usr/lib/golang/src/runtime/asm_amd64.s:1771 +0x1 fp=0x115fa640efe8 sp=0x115fa640efe0 pc=0x55b6403b7b41
created by runtime.gcBgMarkStartWorkers in goroutine 1
	/usr/lib/golang/src/runtime/mgc.go:1695 +0x105

goroutine 68 gp=0x115fa65043c0 m=nil [GC worker (idle)]:
runtime.gopark(0x0?, 0x0?, 0x0?, 0x0?, 0x0?)
	/usr/lib/golang/src/runtime/proc.go:462 +0xce fp=0x115fa640f740 sp=0x115fa640f720 pc=0x55b6403b00ae
runtime.gcBgMarkWorker(0x115fa5e141c0)
	/usr/lib/golang/src/runtime/mgc.go:1791 +0xeb fp=0x115fa640f7c8 sp=0x115fa640f740 pc=0x55b64035892b
runtime.gcBgMarkStartWorkers.gowrap1()
	/usr/lib/golang/src/runtime/mgc.go:1695 +0x17 fp=0x115fa640f7e0 sp=0x115fa640f7c8 pc=0x55b640358817
runtime.goexit({})
	/usr/lib/golang/src/runtime/asm_amd64.s:1771 +0x1 fp=0x115fa640f7e8 sp=0x115fa640f7e0 pc=0x55b6403b7b41
created by runtime.gcBgMarkStartWorkers in goroutine 1
	/usr/lib/golang/src/runtime/mgc.go:1695 +0x105

goroutine 69 gp=0x115fa65045a0 m=nil [GC worker (idle)]:
runtime.gopark(0x0?, 0x0?, 0x0?, 0x0?, 0x0?)
	/usr/lib/golang/src/runtime/proc.go:462 +0xce fp=0x115fa640ff40 sp=0x115fa640ff20 pc=0x55b6403b00ae
runtime.gcBgMarkWorker(0x115fa5e141c0)
	/usr/lib/golang/src/runtime/mgc.go:1791 +0xeb fp=0x115fa640ffc8 sp=0x115fa640ff40 pc=0x55b64035892b
runtime.gcBgMarkStartWorkers.gowrap1()
	/usr/lib/golang/src/runtime/mgc.go:1695 +0x17 fp=0x115fa640ffe0 sp=0x115fa640ffc8 pc=0x55b640358817
runtime.goexit({})
	/usr/lib/golang/src/runtime/asm_amd64.s:1771 +0x1 fp=0x115fa640ffe8 sp=0x115fa640ffe0 pc=0x55b6403b7b41
created by runtime.gcBgMarkStartWorkers in goroutine 1
	/usr/lib/golang/src/runtime/mgc.go:1695 +0x105

goroutine 70 gp=0x115fa6504780 m=nil [GC worker (idle)]:
runtime.gopark(0x0?, 0x0?, 0x0?, 0x0?, 0x0?)
	/usr/lib/golang/src/runtime/proc.go:462 +0xce fp=0x115fa6410740 sp=0x115fa6410720 pc=0x55b6403b00ae
runtime.gcBgMarkWorker(0x115fa5e141c0)
	/usr/lib/golang/src/runtime/mgc.go:1791 +0xeb fp=0x115fa64107c8 sp=0x115fa6410740 pc=0x55b64035892b
runtime.gcBgMarkStartWorkers.gowrap1()
	/usr/lib/golang/src/runtime/mgc.go:1695 +0x17 fp=0x115fa64107e0 sp=0x115fa64107c8 pc=0x55b640358817
runtime.goexit({})
	/usr/lib/golang/src/runtime/asm_amd64.s:1771 +0x1 fp=0x115fa64107e8 sp=0x115fa64107e0 pc=0x55b6403b7b41
created by runtime.gcBgMarkStartWorkers in goroutine 1
	/usr/lib/golang/src/runtime/mgc.go:1695 +0x105

goroutine 71 gp=0x115fa6504960 m=nil [GC worker (idle)]:
runtime.gopark(0x0?, 0x0?, 0x0?, 0x0?, 0x0?)
	/usr/lib/golang/src/runtime/proc.go:462 +0xce fp=0x115fa6410f40 sp=0x115fa6410f20 pc=0x55b6403b00ae
runtime.gcBgMarkWorker(0x115fa5e141c0)
	/usr/lib/golang/src/runtime/mgc.go:1791 +0xeb fp=0x115fa6410fc8 sp=0x115fa6410f40 pc=0x55b64035892b
runtime.gcBgMarkStartWorkers.gowrap1()
	/usr/lib/golang/src/runtime/mgc.go:1695 +0x17 fp=0x115fa6410fe0 sp=0x115fa6410fc8 pc=0x55b640358817
runtime.goexit({})
	/usr/lib/golang/src/runtime/asm_amd64.s:1771 +0x1 fp=0x115fa6410fe8 sp=0x115fa6410fe0 pc=0x55b6403b7b41
created by runtime.gcBgMarkStartWorkers in goroutine 1
	/usr/lib/golang/src/runtime/mgc.go:1695 +0x105

goroutine 72 gp=0x115fa6504b40 m=nil [GC worker (idle)]:
runtime.gopark(0x0?, 0x0?, 0x0?, 0x0?, 0x0?)
	/usr/lib/golang/src/runtime/proc.go:462 +0xce fp=0x115fa6411740 sp=0x115fa6411720 pc=0x55b6403b00ae
runtime.gcBgMarkWorker(0x115fa5e141c0)
	/usr/lib/golang/src/runtime/mgc.go:1791 +0xeb fp=0x115fa64117c8 sp=0x115fa6411740 pc=0x55b64035892b
runtime.gcBgMarkStartWorkers.gowrap1()
	/usr/lib/golang/src/runtime/mgc.go:1695 +0x17 fp=0x115fa64117e0 sp=0x115fa64117c8 pc=0x55b640358817
runtime.goexit({})
	/usr/lib/golang/src/runtime/asm_amd64.s:1771 +0x1 fp=0x115fa64117e8 sp=0x115fa64117e0 pc=0x55b6403b7b41
created by runtime.gcBgMarkStartWorkers in goroutine 1
	/usr/lib/golang/src/runtime/mgc.go:1695 +0x105

goroutine 73 gp=0x115fa6504d20 m=nil [GC worker (idle)]:
runtime.gopark(0x0?, 0x0?, 0x0?, 0x0?, 0x0?)
	/usr/lib/golang/src/runtime/proc.go:462 +0xce fp=0x115fa6411f40 sp=0x115fa6411f20 pc=0x55b6403b00ae
runtime.gcBgMarkWorker(0x115fa5e141c0)
	/usr/lib/golang/src/runtime/mgc.go:1791 +0xeb fp=0x115fa6411fc8 sp=0x115fa6411f40 pc=0x55b64035892b
runtime.gcBgMarkStartWorkers.gowrap1()
	/usr/lib/golang/src/runtime/mgc.go:1695 +0x17 fp=0x115fa6411fe0 sp=0x115fa6411fc8 pc=0x55b640358817
runtime.goexit({})
	/usr/lib/golang/src/runtime/asm_amd64.s:1771 +0x1 fp=0x115fa6411fe8 sp=0x115fa6411fe0 pc=0x55b6403b7b41
created by runtime.gcBgMarkStartWorkers in goroutine 1
	/usr/lib/golang/src/runtime/mgc.go:1695 +0x105

goroutine 74 gp=0x115fa6504f00 m=nil [GC worker (idle)]:
runtime.gopark(0x0?, 0x0?, 0x0?, 0x0?, 0x0?)
	/usr/lib/golang/src/runtime/proc.go:462 +0xce fp=0x115fa650a740 sp=0x115fa650a720 pc=0x55b6403b00ae
runtime.gcBgMarkWorker(0x115fa5e141c0)
	/usr/lib/golang/src/runtime/mgc.go:1791 +0xeb fp=0x115fa650a7c8 sp=0x115fa650a740 pc=0x55b64035892b
runtime.gcBgMarkStartWorkers.gowrap1()
	/usr/lib/golang/src/runtime/mgc.go:1695 +0x17 fp=0x115fa650a7e0 sp=0x115fa650a7c8 pc=0x55b640358817
runtime.goexit({})
	/usr/lib/golang/src/runtime/asm_amd64.s:1771 +0x1 fp=0x115fa650a7e8 sp=0x115fa650a7e0 pc=0x55b6403b7b41
created by runtime.gcBgMarkStartWorkers in goroutine 1
	/usr/lib/golang/src/runtime/mgc.go:1695 +0x105

goroutine 75 gp=0x115fa65050e0 m=nil [GC worker (idle)]:
runtime.gopark(0x0?, 0x0?, 0x0?, 0x0?, 0x0?)
	/usr/lib/golang/src/runtime/proc.go:462 +0xce fp=0x115fa650af40 sp=0x115fa650af20 pc=0x55b6403b00ae
runtime.gcBgMarkWorker(0x115fa5e141c0)
	/usr/lib/golang/src/runtime/mgc.go:1791 +0xeb fp=0x115fa650afc8 sp=0x115fa650af40 pc=0x55b64035892b
runtime.gcBgMarkStartWorkers.gowrap1()
	/usr/lib/golang/src/runtime/mgc.go:1695 +0x17 fp=0x115fa650afe0 sp=0x115fa650afc8 pc=0x55b640358817
runtime.goexit({})
	/usr/lib/golang/src/runtime/asm_amd64.s:1771 +0x1 fp=0x115fa650afe8 sp=0x115fa650afe0 pc=0x55b6403b7b41
created by runtime.gcBgMarkStartWorkers in goroutine 1
	/usr/lib/golang/src/runtime/mgc.go:1695 +0x105

goroutine 76 gp=0x115fa65052c0 m=nil [GC worker (idle)]:
runtime.gopark(0x0?, 0x0?, 0x0?, 0x0?, 0x0?)
	/usr/lib/golang/src/runtime/proc.go:462 +0xce fp=0x115fa650b740 sp=0x115fa650b720 pc=0x55b6403b00ae
runtime.gcBgMarkWorker(0x115fa5e141c0)
	/usr/lib/golang/src/runtime/mgc.go:1791 +0xeb fp=0x115fa650b7c8 sp=0x115fa650b740 pc=0x55b64035892b
runtime.gcBgMarkStartWorkers.gowrap1()
	/usr/lib/golang/src/runtime/mgc.go:1695 +0x17 fp=0x115fa650b7e0 sp=0x115fa650b7c8 pc=0x55b640358817
runtime.goexit({})
	/usr/lib/golang/src/runtime/asm_amd64.s:1771 +0x1 fp=0x115fa650b7e8 sp=0x115fa650b7e0 pc=0x55b6403b7b41
created by runtime.gcBgMarkStartWorkers in goroutine 1
	/usr/lib/golang/src/runtime/mgc.go:1695 +0x105

goroutine 77 gp=0x115fa65054a0 m=nil [GC worker (idle)]:
runtime.gopark(0x0?, 0x0?, 0x0?, 0x0?, 0x0?)
	/usr/lib/golang/src/runtime/proc.go:462 +0xce fp=0x115fa650bf40 sp=0x115fa650bf20 pc=0x55b6403b00ae
runtime.gcBgMarkWorker(0x115fa5e141c0)
	/usr/lib/golang/src/runtime/mgc.go:1791 +0xeb fp=0x115fa650bfc8 sp=0x115fa650bf40 pc=0x55b64035892b
runtime.gcBgMarkStartWorkers.gowrap1()
	/usr/lib/golang/src/runtime/mgc.go:1695 +0x17 fp=0x115fa650bfe0 sp=0x115fa650bfc8 pc=0x55b640358817
runtime.goexit({})
	/usr/lib/golang/src/runtime/asm_amd64.s:1771 +0x1 fp=0x115fa650bfe8 sp=0x115fa650bfe0 pc=0x55b6403b7b41
created by runtime.gcBgMarkStartWorkers in goroutine 1
	/usr/lib/golang/src/runtime/mgc.go:1695 +0x105

goroutine 78 gp=0x115fa6505680 m=nil [GC worker (idle)]:
runtime.gopark(0x0?, 0x0?, 0x0?, 0x0?, 0x0?)
	/usr/lib/golang/src/runtime/proc.go:462 +0xce fp=0x115fa650c740 sp=0x115fa650c720 pc=0x55b6403b00ae
runtime.gcBgMarkWorker(0x115fa5e141c0)
	/usr/lib/golang/src/runtime/mgc.go:1791 +0xeb fp=0x115fa650c7c8 sp=0x115fa650c740 pc=0x55b64035892b
runtime.gcBgMarkStartWorkers.gowrap1()
	/usr/lib/golang/src/runtime/mgc.go:1695 +0x17 fp=0x115fa650c7e0 sp=0x115fa650c7c8 pc=0x55b640358817
runtime.goexit({})
	/usr/lib/golang/src/runtime/asm_amd64.s:1771 +0x1 fp=0x115fa650c7e8 sp=0x115fa650c7e0 pc=0x55b6403b7b41
created by runtime.gcBgMarkStartWorkers in goroutine 1
	/usr/lib/golang/src/runtime/mgc.go:1695 +0x105

goroutine 45 gp=0x115fa64854a0 m=nil [GC worker (idle)]:
runtime.gopark(0x0?, 0x0?, 0x0?, 0x0?, 0x0?)
	/usr/lib/golang/src/runtime/proc.go:462 +0xce fp=0x115fa6397f40 sp=0x115fa6397f20 pc=0x55b6403b00ae
runtime.gcBgMarkWorker(0x115fa5e141c0)
	/usr/lib/golang/src/runtime/mgc.go:1791 +0xeb fp=0x115fa6397fc8 sp=0x115fa6397f40 pc=0x55b64035892b
runtime.gcBgMarkStartWorkers.gowrap1()
	/usr/lib/golang/src/runtime/mgc.go:1695 +0x17 fp=0x115fa6397fe0 sp=0x115fa6397fc8 pc=0x55b640358817
runtime.goexit({})
	/usr/lib/golang/src/runtime/asm_amd64.s:1771 +0x1 fp=0x115fa6397fe8 sp=0x115fa6397fe0 pc=0x55b6403b7b41
created by runtime.gcBgMarkStartWorkers in goroutine 1
	/usr/lib/golang/src/runtime/mgc.go:1695 +0x105

goroutine 79 gp=0x115fa6505860 m=nil [GC worker (idle)]:
runtime.gopark(0x0?, 0x0?, 0x0?, 0x0?, 0x0?)
	/usr/lib/golang/src/runtime/proc.go:462 +0xce fp=0x115fa650cf40 sp=0x115fa650cf20 pc=0x55b6403b00ae
runtime.gcBgMarkWorker(0x115fa5e141c0)
	/usr/lib/golang/src/runtime/mgc.go:1791 +0xeb fp=0x115fa650cfc8 sp=0x115fa650cf40 pc=0x55b64035892b
runtime.gcBgMarkStartWorkers.gowrap1()
	/usr/lib/golang/src/runtime/mgc.go:1695 +0x17 fp=0x115fa650cfe0 sp=0x115fa650cfc8 pc=0x55b640358817
runtime.goexit({})
	/usr/lib/golang/src/runtime/asm_amd64.s:1771 +0x1 fp=0x115fa650cfe8 sp=0x115fa650cfe0 pc=0x55b6403b7b41
created by runtime.gcBgMarkStartWorkers in goroutine 1
	/usr/lib/golang/src/runtime/mgc.go:1695 +0x105

goroutine 31 gp=0x115fa64034a0 m=nil [GC worker (idle)]:
runtime.gopark(0x0?, 0x0?, 0x0?, 0x0?, 0x0?)
	/usr/lib/golang/src/runtime/proc.go:462 +0xce fp=0x115fa6414740 sp=0x115fa6414720 pc=0x55b6403b00ae
runtime.gcBgMarkWorker(0x115fa5e141c0)
	/usr/lib/golang/src/runtime/mgc.go:1791 +0xeb fp=0x115fa64147c8 sp=0x115fa6414740 pc=0x55b64035892b
runtime.gcBgMarkStartWorkers.gowrap1()
	/usr/lib/golang/src/runtime/mgc.go:1695 +0x17 fp=0x115fa64147e0 sp=0x115fa64147c8 pc=0x55b640358817
runtime.goexit({})
	/usr/lib/golang/src/runtime/asm_amd64.s:1771 +0x1 fp=0x115fa64147e8 sp=0x115fa64147e0 pc=0x55b6403b7b41
created by runtime.gcBgMarkStartWorkers in goroutine 1
	/usr/lib/golang/src/runtime/mgc.go:1695 +0x105

goroutine 56 gp=0x115fa6384f00 m=nil [GC worker (idle)]:
runtime.gopark(0x0?, 0x0?, 0x0?, 0x0?, 0x0?)
	/usr/lib/golang/src/runtime/proc.go:462 +0xce fp=0x115fa639d740 sp=0x115fa639d720 pc=0x55b6403b00ae
runtime.gcBgMarkWorker(0x115fa5e141c0)
	/usr/lib/golang/src/runtime/mgc.go:1791 +0xeb fp=0x115fa639d7c8 sp=0x115fa639d740 pc=0x55b64035892b
runtime.gcBgMarkStartWorkers.gowrap1()
	/usr/lib/golang/src/runtime/mgc.go:1695 +0x17 fp=0x115fa639d7e0 sp=0x115fa639d7c8 pc=0x55b640358817
runtime.goexit({})
	/usr/lib/golang/src/runtime/asm_amd64.s:1771 +0x1 fp=0x115fa639d7e8 sp=0x115fa639d7e0 pc=0x55b6403b7b41
created by runtime.gcBgMarkStartWorkers in goroutine 1
	/usr/lib/golang/src/runtime/mgc.go:1695 +0x105

goroutine 32 gp=0x115fa6403680 m=nil [GC worker (idle)]:
runtime.gopark(0x0?, 0x0?, 0x0?, 0x0?, 0x0?)
	/usr/lib/golang/src/runtime/proc.go:462 +0xce fp=0x115fa6414f40 sp=0x115fa6414f20 pc=0x55b6403b00ae
runtime.gcBgMarkWorker(0x115fa5e141c0)
	/usr/lib/golang/src/runtime/mgc.go:1791 +0xeb fp=0x115fa6414fc8 sp=0x115fa6414f40 pc=0x55b64035892b
runtime.gcBgMarkStartWorkers.gowrap1()
	/usr/lib/golang/src/runtime/mgc.go:1695 +0x17 fp=0x115fa6414fe0 sp=0x115fa6414fc8 pc=0x55b640358817
runtime.goexit({})
	/usr/lib/golang/src/runtime/asm_amd64.s:1771 +0x1 fp=0x115fa6414fe8 sp=0x115fa6414fe0 pc=0x55b6403b7b41
created by runtime.gcBgMarkStartWorkers in goroutine 1
	/usr/lib/golang/src/runtime/mgc.go:1695 +0x105

goroutine 57 gp=0x115fa63850e0 m=nil [GC worker (idle)]:
runtime.gopark(0x0?, 0x0?, 0x0?, 0x0?, 0x0?)
	/usr/lib/golang/src/runtime/proc.go:462 +0xce fp=0x115fa639df40 sp=0x115fa639df20 pc=0x55b6403b00ae
runtime.gcBgMarkWorker(0x115fa5e141c0)
	/usr/lib/golang/src/runtime/mgc.go:1791 +0xeb fp=0x115fa639dfc8 sp=0x115fa639df40 pc=0x55b64035892b
runtime.gcBgMarkStartWorkers.gowrap1()
	/usr/lib/golang/src/runtime/mgc.go:1695 +0x17 fp=0x115fa639dfe0 sp=0x115fa639dfc8 pc=0x55b640358817
runtime.goexit({})
	/usr/lib/golang/src/runtime/asm_amd64.s:1771 +0x1 fp=0x115fa639dfe8 sp=0x115fa639dfe0 pc=0x55b6403b7b41
created by runtime.gcBgMarkStartWorkers in goroutine 1
	/usr/lib/golang/src/runtime/mgc.go:1695 +0x105

goroutine 33 gp=0x115fa6403860 m=nil [GC worker (idle)]:
runtime.gopark(0x0?, 0x0?, 0x0?, 0x0?, 0x0?)
	/usr/lib/golang/src/runtime/proc.go:462 +0xce fp=0x115fa6415740 sp=0x115fa6415720 pc=0x55b6403b00ae
runtime.gcBgMarkWorker(0x115fa5e141c0)
	/usr/lib/golang/src/runtime/mgc.go:1791 +0xeb fp=0x115fa64157c8 sp=0x115fa6415740 pc=0x55b64035892b
runtime.gcBgMarkStartWorkers.gowrap1()
	/usr/lib/golang/src/runtime/mgc.go:1695 +0x17 fp=0x115fa64157e0 sp=0x115fa64157c8 pc=0x55b640358817
runtime.goexit({})
	/usr/lib/golang/src/runtime/asm_amd64.s:1771 +0x1 fp=0x115fa64157e8 sp=0x115fa64157e0 pc=0x55b6403b7b41
created by runtime.gcBgMarkStartWorkers in goroutine 1
	/usr/lib/golang/src/runtime/mgc.go:1695 +0x105

goroutine 58 gp=0x115fa63852c0 m=nil [GC worker (idle)]:
runtime.gopark(0x0?, 0x0?, 0x0?, 0x0?, 0x0?)
	/usr/lib/golang/src/runtime/proc.go:462 +0xce fp=0x115fa6506740 sp=0x115fa6506720 pc=0x55b6403b00ae
runtime.gcBgMarkWorker(0x115fa5e141c0)
	/usr/lib/golang/src/runtime/mgc.go:1791 +0xeb fp=0x115fa65067c8 sp=0x115fa6506740 pc=0x55b64035892b
runtime.gcBgMarkStartWorkers.gowrap1()
	/usr/lib/golang/src/runtime/mgc.go:1695 +0x17 fp=0x115fa65067e0 sp=0x115fa65067c8 pc=0x55b640358817
runtime.goexit({})
	/usr/lib/golang/src/runtime/asm_amd64.s:1771 +0x1 fp=0x115fa65067e8 sp=0x115fa65067e0 pc=0x55b6403b7b41
created by runtime.gcBgMarkStartWorkers in goroutine 1
	/usr/lib/golang/src/runtime/mgc.go:1695 +0x105

goroutine 82 gp=0x115fa6403a40 m=nil [GC worker (idle)]:
runtime.gopark(0x0?, 0x0?, 0x0?, 0x0?, 0x0?)
	/usr/lib/golang/src/runtime/proc.go:462 +0xce fp=0x115fa6415f40 sp=0x115fa6415f20 pc=0x55b6403b00ae
runtime.gcBgMarkWorker(0x115fa5e141c0)
	/usr/lib/golang/src/runtime/mgc.go:1791 +0xeb fp=0x115fa6415fc8 sp=0x115fa6415f40 pc=0x55b64035892b
runtime.gcBgMarkStartWorkers.gowrap1()
	/usr/lib/golang/src/runtime/mgc.go:1695 +0x17 fp=0x115fa6415fe0 sp=0x115fa6415fc8 pc=0x55b640358817
runtime.goexit({})
	/usr/lib/golang/src/runtime/asm_amd64.s:1771 +0x1 fp=0x115fa6415fe8 sp=0x115fa6415fe0 pc=0x55b6403b7b41
created by runtime.gcBgMarkStartWorkers in goroutine 1
	/usr/lib/golang/src/runtime/mgc.go:1695 +0x105

goroutine 59 gp=0x115fa63854a0 m=nil [GC worker (idle)]:
runtime.gopark(0x0?, 0x0?, 0x0?, 0x0?, 0x0?)
	/usr/lib/golang/src/runtime/proc.go:462 +0xce fp=0x115fa6506f40 sp=0x115fa6506f20 pc=0x55b6403b00ae
runtime.gcBgMarkWorker(0x115fa5e141c0)
	/usr/lib/golang/src/runtime/mgc.go:1791 +0xeb fp=0x115fa6506fc8 sp=0x115fa6506f40 pc=0x55b64035892b
runtime.gcBgMarkStartWorkers.gowrap1()
	/usr/lib/golang/src/runtime/mgc.go:1695 +0x17 fp=0x115fa6506fe0 sp=0x115fa6506fc8 pc=0x55b640358817
runtime.goexit({})
	/usr/lib/golang/src/runtime/asm_amd64.s:1771 +0x1 fp=0x115fa6506fe8 sp=0x115fa6506fe0 pc=0x55b6403b7b41
created by runtime.gcBgMarkStartWorkers in goroutine 1
	/usr/lib/golang/src/runtime/mgc.go:1695 +0x105

goroutine 46 gp=0x115fa6485680 m=nil [GC worker (idle)]:
runtime.gopark(0x0?, 0x0?, 0x0?, 0x0?, 0x0?)
	/usr/lib/golang/src/runtime/proc.go:462 +0xce fp=0x115fa6398740 sp=0x115fa6398720 pc=0x55b6403b00ae
runtime.gcBgMarkWorker(0x115fa5e141c0)
	/usr/lib/golang/src/runtime/mgc.go:1791 +0xeb fp=0x115fa63987c8 sp=0x115fa6398740 pc=0x55b64035892b
runtime.gcBgMarkStartWorkers.gowrap1()
	/usr/lib/golang/src/runtime/mgc.go:1695 +0x17 fp=0x115fa63987e0 sp=0x115fa63987c8 pc=0x55b640358817
runtime.goexit({})
	/usr/lib/golang/src/runtime/asm_amd64.s:1771 +0x1 fp=0x115fa63987e8 sp=0x115fa63987e0 pc=0x55b6403b7b41
created by runtime.gcBgMarkStartWorkers in goroutine 1
	/usr/lib/golang/src/runtime/mgc.go:1695 +0x105

goroutine 47 gp=0x115fa6485860 m=nil [GC worker (idle)]:
runtime.gopark(0x0?, 0x0?, 0x0?, 0x0?, 0x0?)
	/usr/lib/golang/src/runtime/proc.go:462 +0xce fp=0x115fa6398f40 sp=0x115fa6398f20 pc=0x55b6403b00ae
runtime.gcBgMarkWorker(0x115fa5e141c0)
	/usr/lib/golang/src/runtime/mgc.go:1791 +0xeb fp=0x115fa6398fc8 sp=0x115fa6398f40 pc=0x55b64035892b
runtime.gcBgMarkStartWorkers.gowrap1()
	/usr/lib/golang/src/runtime/mgc.go:1695 +0x17 fp=0x115fa6398fe0 sp=0x115fa6398fc8 pc=0x55b640358817
runtime.goexit({})
	/usr/lib/golang/src/runtime/asm_amd64.s:1771 +0x1 fp=0x115fa6398fe8 sp=0x115fa6398fe0 pc=0x55b6403b7b41
created by runtime.gcBgMarkStartWorkers in goroutine 1
	/usr/lib/golang/src/runtime/mgc.go:1695 +0x105

goroutine 48 gp=0x115fa6485a40 m=nil [GC worker (idle)]:
runtime.gopark(0x0?, 0x0?, 0x0?, 0x0?, 0x0?)
	/usr/lib/golang/src/runtime/proc.go:462 +0xce fp=0x115fa6399740 sp=0x115fa6399720 pc=0x55b6403b00ae
runtime.gcBgMarkWorker(0x115fa5e141c0)
	/usr/lib/golang/src/runtime/mgc.go:1791 +0xeb fp=0x115fa63997c8 sp=0x115fa6399740 pc=0x55b64035892b
runtime.gcBgMarkStartWorkers.gowrap1()
	/usr/lib/golang/src/runtime/mgc.go:1695 +0x17 fp=0x115fa63997e0 sp=0x115fa63997c8 pc=0x55b640358817
runtime.goexit({})
	/usr/lib/golang/src/runtime/asm_amd64.s:1771 +0x1 fp=0x115fa63997e8 sp=0x115fa63997e0 pc=0x55b6403b7b41
created by runtime.gcBgMarkStartWorkers in goroutine 1
	/usr/lib/golang/src/runtime/mgc.go:1695 +0x105

goroutine 49 gp=0x115fa6485c20 m=nil [GC worker (idle)]:
runtime.gopark(0x0?, 0x0?, 0x0?, 0x0?, 0x0?)
	/usr/lib/golang/src/runtime/proc.go:462 +0xce fp=0x115fa6399f40 sp=0x115fa6399f20 pc=0x55b6403b00ae
runtime.gcBgMarkWorker(0x115fa5e141c0)
	/usr/lib/golang/src/runtime/mgc.go:1791 +0xeb fp=0x115fa6399fc8 sp=0x115fa6399f40 pc=0x55b64035892b
runtime.gcBgMarkStartWorkers.gowrap1()
	/usr/lib/golang/src/runtime/mgc.go:1695 +0x17 fp=0x115fa6399fe0 sp=0x115fa6399fc8 pc=0x55b640358817
runtime.goexit({})
	/usr/lib/golang/src/runtime/asm_amd64.s:1771 +0x1 fp=0x115fa6399fe8 sp=0x115fa6399fe0 pc=0x55b6403b7b41
created by runtime.gcBgMarkStartWorkers in goroutine 1
	/usr/lib/golang/src/runtime/mgc.go:1695 +0x105

goroutine 98 gp=0x115fa6488000 m=nil [GC worker (idle)]:
runtime.gopark(0x0?, 0x0?, 0x0?, 0x0?, 0x0?)
	/usr/lib/golang/src/runtime/proc.go:462 +0xce fp=0x115fa648e740 sp=0x115fa648e720 pc=0x55b6403b00ae
runtime.gcBgMarkWorker(0x115fa5e141c0)
	/usr/lib/golang/src/runtime/mgc.go:1791 +0xeb fp=0x115fa648e7c8 sp=0x115fa648e740 pc=0x55b64035892b
runtime.gcBgMarkStartWorkers.gowrap1()
	/usr/lib/golang/src/runtime/mgc.go:1695 +0x17 fp=0x115fa648e7e0 sp=0x115fa648e7c8 pc=0x55b640358817
runtime.goexit({})
	/usr/lib/golang/src/runtime/asm_amd64.s:1771 +0x1 fp=0x115fa648e7e8 sp=0x115fa648e7e0 pc=0x55b6403b7b41
created by runtime.gcBgMarkStartWorkers in goroutine 1
	/usr/lib/golang/src/runtime/mgc.go:1695 +0x105

goroutine 99 gp=0x115fa64881e0 m=nil [GC worker (idle)]:
runtime.gopark(0x0?, 0x0?, 0x0?, 0x0?, 0x0?)
	/usr/lib/golang/src/runtime/proc.go:462 +0xce fp=0x115fa648ef40 sp=0x115fa648ef20 pc=0x55b6403b00ae
runtime.gcBgMarkWorker(0x115fa5e141c0)
	/usr/lib/golang/src/runtime/mgc.go:1791 +0xeb fp=0x115fa648efc8 sp=0x115fa648ef40 pc=0x55b64035892b
runtime.gcBgMarkStartWorkers.gowrap1()
	/usr/lib/golang/src/runtime/mgc.go:1695 +0x17 fp=0x115fa648efe0 sp=0x115fa648efc8 pc=0x55b640358817
runtime.goexit({})
	/usr/lib/golang/src/runtime/asm_amd64.s:1771 +0x1 fp=0x115fa648efe8 sp=0x115fa648efe0 pc=0x55b6403b7b41
created by runtime.gcBgMarkStartWorkers in goroutine 1
	/usr/lib/golang/src/runtime/mgc.go:1695 +0x105

goroutine 100 gp=0x115fa64883c0 m=nil [GC worker (idle)]:
runtime.gopark(0x0?, 0x0?, 0x0?, 0x0?, 0x0?)
	/usr/lib/golang/src/runtime/proc.go:462 +0xce fp=0x115fa648f740 sp=0x115fa648f720 pc=0x55b6403b00ae
runtime.gcBgMarkWorker(0x115fa5e141c0)
	/usr/lib/golang/src/runtime/mgc.go:1791 +0xeb fp=0x115fa648f7c8 sp=0x115fa648f740 pc=0x55b64035892b
runtime.gcBgMarkStartWorkers.gowrap1()
	/usr/lib/golang/src/runtime/mgc.go:1695 +0x17 fp=0x115fa648f7e0 sp=0x115fa648f7c8 pc=0x55b640358817
runtime.goexit({})
	/usr/lib/golang/src/runtime/asm_amd64.s:1771 +0x1 fp=0x115fa648f7e8 sp=0x115fa648f7e0 pc=0x55b6403b7b41
created by runtime.gcBgMarkStartWorkers in goroutine 1
	/usr/lib/golang/src/runtime/mgc.go:1695 +0x105

goroutine 101 gp=0x115fa64885a0 m=nil [GC worker (idle)]:
runtime.gopark(0x0?, 0x0?, 0x0?, 0x0?, 0x0?)
	/usr/lib/golang/src/runtime/proc.go:462 +0xce fp=0x115fa648ff40 sp=0x115fa648ff20 pc=0x55b6403b00ae
runtime.gcBgMarkWorker(0x115fa5e141c0)
	/usr/lib/golang/src/runtime/mgc.go:1791 +0xeb fp=0x115fa648ffc8 sp=0x115fa648ff40 pc=0x55b64035892b
runtime.gcBgMarkStartWorkers.gowrap1()
	/usr/lib/golang/src/runtime/mgc.go:1695 +0x17 fp=0x115fa648ffe0 sp=0x115fa648ffc8 pc=0x55b640358817
runtime.goexit({})
	/usr/lib/golang/src/runtime/asm_amd64.s:1771 +0x1 fp=0x115fa648ffe8 sp=0x115fa648ffe0 pc=0x55b6403b7b41
created by runtime.gcBgMarkStartWorkers in goroutine 1
	/usr/lib/golang/src/runtime/mgc.go:1695 +0x105

goroutine 102 gp=0x115fa6488780 m=nil [GC worker (idle)]:
runtime.gopark(0x0?, 0x0?, 0x0?, 0x0?, 0x0?)
	/usr/lib/golang/src/runtime/proc.go:462 +0xce fp=0x115fa6490740 sp=0x115fa6490720 pc=0x55b6403b00ae
runtime.gcBgMarkWorker(0x115fa5e141c0)
	/usr/lib/golang/src/runtime/mgc.go:1791 +0xeb fp=0x115fa64907c8 sp=0x115fa6490740 pc=0x55b64035892b
runtime.gcBgMarkStartWorkers.gowrap1()
	/usr/lib/golang/src/runtime/mgc.go:1695 +0x17 fp=0x115fa64907e0 sp=0x115fa64907c8 pc=0x55b640358817
runtime.goexit({})
	/usr/lib/golang/src/runtime/asm_amd64.s:1771 +0x1 fp=0x115fa64907e8 sp=0x115fa64907e0 pc=0x55b6403b7b41
created by runtime.gcBgMarkStartWorkers in goroutine 1
	/usr/lib/golang/src/runtime/mgc.go:1695 +0x105

goroutine 103 gp=0x115fa6488960 m=nil [GC worker (idle)]:
runtime.gopark(0x0?, 0x0?, 0x0?, 0x0?, 0x0?)
	/usr/lib/golang/src/runtime/proc.go:462 +0xce fp=0x115fa6490f40 sp=0x115fa6490f20 pc=0x55b6403b00ae
runtime.gcBgMarkWorker(0x115fa5e141c0)
	/usr/lib/golang/src/runtime/mgc.go:1791 +0xeb fp=0x115fa6490fc8 sp=0x115fa6490f40 pc=0x55b64035892b
runtime.gcBgMarkStartWorkers.gowrap1()
	/usr/lib/golang/src/runtime/mgc.go:1695 +0x17 fp=0x115fa6490fe0 sp=0x115fa6490fc8 pc=0x55b640358817
runtime.goexit({})
	/usr/lib/golang/src/runtime/asm_amd64.s:1771 +0x1 fp=0x115fa6490fe8 sp=0x115fa6490fe0 pc=0x55b6403b7b41
created by runtime.gcBgMarkStartWorkers in goroutine 1
	/usr/lib/golang/src/runtime/mgc.go:1695 +0x105

goroutine 104 gp=0x115fa6488b40 m=nil [GC worker (idle)]:
runtime.gopark(0x0?, 0x0?, 0x0?, 0x0?, 0x0?)
	/usr/lib/golang/src/runtime/proc.go:462 +0xce fp=0x115fa6491740 sp=0x115fa6491720 pc=0x55b6403b00ae
runtime.gcBgMarkWorker(0x115fa5e141c0)
	/usr/lib/golang/src/runtime/mgc.go:1791 +0xeb fp=0x115fa64917c8 sp=0x115fa6491740 pc=0x55b64035892b
runtime.gcBgMarkStartWorkers.gowrap1()
	/usr/lib/golang/src/runtime/mgc.go:1695 +0x17 fp=0x115fa64917e0 sp=0x115fa64917c8 pc=0x55b640358817
runtime.goexit({})
	/usr/lib/golang/src/runtime/asm_amd64.s:1771 +0x1 fp=0x115fa64917e8 sp=0x115fa64917e0 pc=0x55b6403b7b41
created by runtime.gcBgMarkStartWorkers in goroutine 1
	/usr/lib/golang/src/runtime/mgc.go:1695 +0x105

goroutine 105 gp=0x115fa6488d20 m=nil [GC worker (idle)]:
runtime.gopark(0x0?, 0x0?, 0x0?, 0x0?, 0x0?)
	/usr/lib/golang/src/runtime/proc.go:462 +0xce fp=0x115fa6491f40 sp=0x115fa6491f20 pc=0x55b6403b00ae
runtime.gcBgMarkWorker(0x115fa5e141c0)
	/usr/lib/golang/src/runtime/mgc.go:1791 +0xeb fp=0x115fa6491fc8 sp=0x115fa6491f40 pc=0x55b64035892b
runtime.gcBgMarkStartWorkers.gowrap1()
	/usr/lib/golang/src/runtime/mgc.go:1695 +0x17 fp=0x115fa6491fe0 sp=0x115fa6491fc8 pc=0x55b640358817
runtime.goexit({})
	/usr/lib/golang/src/runtime/asm_amd64.s:1771 +0x1 fp=0x115fa6491fe8 sp=0x115fa6491fe0 pc=0x55b6403b7b41
created by runtime.gcBgMarkStartWorkers in goroutine 1
	/usr/lib/golang/src/runtime/mgc.go:1695 +0x105

goroutine 106 gp=0x115fa6488f00 m=nil [GC worker (idle)]:
runtime.gopark(0x0?, 0x0?, 0x0?, 0x0?, 0x0?)
	/usr/lib/golang/src/runtime/proc.go:462 +0xce fp=0x115fa648a740 sp=0x115fa648a720 pc=0x55b6403b00ae
runtime.gcBgMarkWorker(0x115fa5e141c0)
	/usr/lib/golang/src/runtime/mgc.go:1791 +0xeb fp=0x115fa648a7c8 sp=0x115fa648a740 pc=0x55b64035892b
runtime.gcBgMarkStartWorkers.gowrap1()
	/usr/lib/golang/src/runtime/mgc.go:1695 +0x17 fp=0x115fa648a7e0 sp=0x115fa648a7c8 pc=0x55b640358817
runtime.goexit({})
	/usr/lib/golang/src/runtime/asm_amd64.s:1771 +0x1 fp=0x115fa648a7e8 sp=0x115fa648a7e0 pc=0x55b6403b7b41
created by runtime.gcBgMarkStartWorkers in goroutine 1
	/usr/lib/golang/src/runtime/mgc.go:1695 +0x105

goroutine 107 gp=0x115fa64890e0 m=nil [GC worker (idle)]:
runtime.gopark(0x0?, 0x0?, 0x0?, 0x0?, 0x0?)
	/usr/lib/golang/src/runtime/proc.go:462 +0xce fp=0x115fa648af40 sp=0x115fa648af20 pc=0x55b6403b00ae
runtime.gcBgMarkWorker(0x115fa5e141c0)
	/usr/lib/golang/src/runtime/mgc.go:1791 +0xeb fp=0x115fa648afc8 sp=0x115fa648af40 pc=0x55b64035892b
runtime.gcBgMarkStartWorkers.gowrap1()
	/usr/lib/golang/src/runtime/mgc.go:1695 +0x17 fp=0x115fa648afe0 sp=0x115fa648afc8 pc=0x55b640358817
runtime.goexit({})
	/usr/lib/golang/src/runtime/asm_amd64.s:1771 +0x1 fp=0x115fa648afe8 sp=0x115fa648afe0 pc=0x55b6403b7b41
created by runtime.gcBgMarkStartWorkers in goroutine 1
	/usr/lib/golang/src/runtime/mgc.go:1695 +0x105

goroutine 108 gp=0x115fa64892c0 m=nil [GC worker (idle)]:
runtime.gopark(0x0?, 0x0?, 0x0?, 0x0?, 0x0?)
	/usr/lib/golang/src/runtime/proc.go:462 +0xce fp=0x115fa648b740 sp=0x115fa648b720 pc=0x55b6403b00ae
runtime.gcBgMarkWorker(0x115fa5e141c0)
	/usr/lib/golang/src/runtime/mgc.go:1791 +0xeb fp=0x115fa648b7c8 sp=0x115fa648b740 pc=0x55b64035892b
runtime.gcBgMarkStartWorkers.gowrap1()
	/usr/lib/golang/src/runtime/mgc.go:1695 +0x17 fp=0x115fa648b7e0 sp=0x115fa648b7c8 pc=0x55b640358817
runtime.goexit({})
	/usr/lib/golang/src/runtime/asm_amd64.s:1771 +0x1 fp=0x115fa648b7e8 sp=0x115fa648b7e0 pc=0x55b6403b7b41
created by runtime.gcBgMarkStartWorkers in goroutine 1
	/usr/lib/golang/src/runtime/mgc.go:1695 +0x105

goroutine 109 gp=0x115fa64894a0 m=nil [GC worker (idle)]:
runtime.gopark(0x0?, 0x0?, 0x0?, 0x0?, 0x0?)
	/usr/lib/golang/src/runtime/proc.go:462 +0xce fp=0x115fa648bf40 sp=0x115fa648bf20 pc=0x55b6403b00ae
runtime.gcBgMarkWorker(0x115fa5e141c0)
	/usr/lib/golang/src/runtime/mgc.go:1791 +0xeb fp=0x115fa648bfc8 sp=0x115fa648bf40 pc=0x55b64035892b
runtime.gcBgMarkStartWorkers.gowrap1()
	/usr/lib/golang/src/runtime/mgc.go:1695 +0x17 fp=0x115fa648bfe0 sp=0x115fa648bfc8 pc=0x55b640358817
runtime.goexit({})
	/usr/lib/golang/src/runtime/asm_amd64.s:1771 +0x1 fp=0x115fa648bfe8 sp=0x115fa648bfe0 pc=0x55b6403b7b41
created by runtime.gcBgMarkStartWorkers in goroutine 1
	/usr/lib/golang/src/runtime/mgc.go:1695 +0x105

goroutine 110 gp=0x115fa6489680 m=nil [GC worker (idle)]:
runtime.gopark(0x0?, 0x0?, 0x0?, 0x0?, 0x0?)
	/usr/lib/golang/src/runtime/proc.go:462 +0xce fp=0x115fa648c740 sp=0x115fa648c720 pc=0x55b6403b00ae
runtime.gcBgMarkWorker(0x115fa5e141c0)
	/usr/lib/golang/src/runtime/mgc.go:1791 +0xeb fp=0x115fa648c7c8 sp=0x115fa648c740 pc=0x55b64035892b
runtime.gcBgMarkStartWorkers.gowrap1()
	/usr/lib/golang/src/runtime/mgc.go:1695 +0x17 fp=0x115fa648c7e0 sp=0x115fa648c7c8 pc=0x55b640358817
runtime.goexit({})
	/usr/lib/golang/src/runtime/asm_amd64.s:1771 +0x1 fp=0x115fa648c7e8 sp=0x115fa648c7e0 pc=0x55b6403b7b41
created by runtime.gcBgMarkStartWorkers in goroutine 1
	/usr/lib/golang/src/runtime/mgc.go:1695 +0x105

goroutine 111 gp=0x115fa6489860 m=nil [GC worker (idle)]:
runtime.gopark(0x0?, 0x0?, 0x0?, 0x0?, 0x0?)
	/usr/lib/golang/src/runtime/proc.go:462 +0xce fp=0x115fa648cf40 sp=0x115fa648cf20 pc=0x55b6403b00ae
runtime.gcBgMarkWorker(0x115fa5e141c0)
	/usr/lib/golang/src/runtime/mgc.go:1791 +0xeb fp=0x115fa648cfc8 sp=0x115fa648cf40 pc=0x55b64035892b
runtime.gcBgMarkStartWorkers.gowrap1()
	/usr/lib/golang/src/runtime/mgc.go:1695 +0x17 fp=0x115fa648cfe0 sp=0x115fa648cfc8 pc=0x55b640358817
runtime.goexit({})
	/usr/lib/golang/src/runtime/asm_amd64.s:1771 +0x1 fp=0x115fa648cfe8 sp=0x115fa648cfe0 pc=0x55b6403b7b41
created by runtime.gcBgMarkStartWorkers in goroutine 1
	/usr/lib/golang/src/runtime/mgc.go:1695 +0x105

goroutine 112 gp=0x115fa6489a40 m=nil [GC worker (idle)]:
runtime.gopark(0x0?, 0x0?, 0x0?, 0x0?, 0x0?)
	/usr/lib/golang/src/runtime/proc.go:462 +0xce fp=0x115fa648d740 sp=0x115fa648d720 pc=0x55b6403b00ae
runtime.gcBgMarkWorker(0x115fa5e141c0)
	/usr/lib/golang/src/runtime/mgc.go:1791 +0xeb fp=0x115fa648d7c8 sp=0x115fa648d740 pc=0x55b64035892b
runtime.gcBgMarkStartWorkers.gowrap1()
	/usr/lib/golang/src/runtime/mgc.go:1695 +0x17 fp=0x115fa648d7e0 sp=0x115fa648d7c8 pc=0x55b640358817
runtime.goexit({})
	/usr/lib/golang/src/runtime/asm_amd64.s:1771 +0x1 fp=0x115fa648d7e8 sp=0x115fa648d7e0 pc=0x55b6403b7b41
created by runtime.gcBgMarkStartWorkers in goroutine 1
	/usr/lib/golang/src/runtime/mgc.go:1695 +0x105

goroutine 113 gp=0x115fa6489c20 m=nil [GC worker (idle)]:
runtime.gopark(0x0?, 0x0?, 0x0?, 0x0?, 0x0?)
	/usr/lib/golang/src/runtime/proc.go:462 +0xce fp=0x115fa648df40 sp=0x115fa648df20 pc=0x55b6403b00ae
runtime.gcBgMarkWorker(0x115fa5e141c0)
	/usr/lib/golang/src/runtime/mgc.go:1791 +0xeb fp=0x115fa648dfc8 sp=0x115fa648df40 pc=0x55b64035892b
runtime.gcBgMarkStartWorkers.gowrap1()
	/usr/lib/golang/src/runtime/mgc.go:1695 +0x17 fp=0x115fa648dfe0 sp=0x115fa648dfc8 pc=0x55b640358817
runtime.goexit({})
	/usr/lib/golang/src/runtime/asm_amd64.s:1771 +0x1 fp=0x115fa648dfe8 sp=0x115fa648dfe0 pc=0x55b6403b7b41
created by runtime.gcBgMarkStartWorkers in goroutine 1
	/usr/lib/golang/src/runtime/mgc.go:1695 +0x105

goroutine 114 gp=0x115fa6494000 m=nil [GC worker (idle)]:
runtime.gopark(0x0?, 0x0?, 0x0?, 0x0?, 0x0?)
	/usr/lib/golang/src/runtime/proc.go:462 +0xce fp=0x115fa649a740 sp=0x115fa649a720 pc=0x55b6403b00ae
runtime.gcBgMarkWorker(0x115fa5e141c0)
	/usr/lib/golang/src/runtime/mgc.go:1791 +0xeb fp=0x115fa649a7c8 sp=0x115fa649a740 pc=0x55b64035892b
runtime.gcBgMarkStartWorkers.gowrap1()
	/usr/lib/golang/src/runtime/mgc.go:1695 +0x17 fp=0x115fa649a7e0 sp=0x115fa649a7c8 pc=0x55b640358817
runtime.goexit({})
	/usr/lib/golang/src/runtime/asm_amd64.s:1771 +0x1 fp=0x115fa649a7e8 sp=0x115fa649a7e0 pc=0x55b6403b7b41
created by runtime.gcBgMarkStartWorkers in goroutine 1
	/usr/lib/golang/src/runtime/mgc.go:1695 +0x105

goroutine 115 gp=0x115fa64941e0 m=nil [GC worker (idle)]:
runtime.gopark(0x0?, 0x0?, 0x0?, 0x0?, 0x0?)
	/usr/lib/golang/src/runtime/proc.go:462 +0xce fp=0x115fa649af40 sp=0x115fa649af20 pc=0x55b6403b00ae
runtime.gcBgMarkWorker(0x115fa5e141c0)
	/usr/lib/golang/src/runtime/mgc.go:1791 +0xeb fp=0x115fa649afc8 sp=0x115fa649af40 pc=0x55b64035892b
runtime.gcBgMarkStartWorkers.gowrap1()
	/usr/lib/golang/src/runtime/mgc.go:1695 +0x17 fp=0x115fa649afe0 sp=0x115fa649afc8 pc=0x55b640358817
runtime.goexit({})
	/usr/lib/golang/src/runtime/asm_amd64.s:1771 +0x1 fp=0x115fa649afe8 sp=0x115fa649afe0 pc=0x55b6403b7b41
created by runtime.gcBgMarkStartWorkers in goroutine 1
	/usr/lib/golang/src/runtime/mgc.go:1695 +0x105

goroutine 116 gp=0x115fa64943c0 m=nil [GC worker (idle)]:
runtime.gopark(0x0?, 0x0?, 0x0?, 0x0?, 0x0?)
	/usr/lib/golang/src/runtime/proc.go:462 +0xce fp=0x115fa649b740 sp=0x115fa649b720 pc=0x55b6403b00ae
runtime.gcBgMarkWorker(0x115fa5e141c0)
	/usr/lib/golang/src/runtime/mgc.go:1791 +0xeb fp=0x115fa649b7c8 sp=0x115fa649b740 pc=0x55b64035892b
runtime.gcBgMarkStartWorkers.gowrap1()
	/usr/lib/golang/src/runtime/mgc.go:1695 +0x17 fp=0x115fa649b7e0 sp=0x115fa649b7c8 pc=0x55b640358817
runtime.goexit({})
	/usr/lib/golang/src/runtime/asm_amd64.s:1771 +0x1 fp=0x115fa649b7e8 sp=0x115fa649b7e0 pc=0x55b6403b7b41
created by runtime.gcBgMarkStartWorkers in goroutine 1
	/usr/lib/golang/src/runtime/mgc.go:1695 +0x105

goroutine 117 gp=0x115fa64945a0 m=nil [GC worker (idle)]:
runtime.gopark(0x0?, 0x0?, 0x0?, 0x0?, 0x0?)
	/usr/lib/golang/src/runtime/proc.go:462 +0xce fp=0x115fa649bf40 sp=0x115fa649bf20 pc=0x55b6403b00ae
runtime.gcBgMarkWorker(0x115fa5e141c0)
	/usr/lib/golang/src/runtime/mgc.go:1791 +0xeb fp=0x115fa649bfc8 sp=0x115fa649bf40 pc=0x55b64035892b
runtime.gcBgMarkStartWorkers.gowrap1()
	/usr/lib/golang/src/runtime/mgc.go:1695 +0x17 fp=0x115fa649bfe0 sp=0x115fa649bfc8 pc=0x55b640358817
runtime.goexit({})
	/usr/lib/golang/src/runtime/asm_amd64.s:1771 +0x1 fp=0x115fa649bfe8 sp=0x115fa649bfe0 pc=0x55b6403b7b41
created by runtime.gcBgMarkStartWorkers in goroutine 1
	/usr/lib/golang/src/runtime/mgc.go:1695 +0x105

goroutine 118 gp=0x115fa6494780 m=nil [GC worker (idle)]:
runtime.gopark(0x0?, 0x0?, 0x0?, 0x0?, 0x0?)
	/usr/lib/golang/src/runtime/proc.go:462 +0xce fp=0x115fa649c740 sp=0x115fa649c720 pc=0x55b6403b00ae
runtime.gcBgMarkWorker(0x115fa5e141c0)
	/usr/lib/golang/src/runtime/mgc.go:1791 +0xeb fp=0x115fa649c7c8 sp=0x115fa649c740 pc=0x55b64035892b
runtime.gcBgMarkStartWorkers.gowrap1()
	/usr/lib/golang/src/runtime/mgc.go:1695 +0x17 fp=0x115fa649c7e0 sp=0x115fa649c7c8 pc=0x55b640358817
runtime.goexit({})
	/usr/lib/golang/src/runtime/asm_amd64.s:1771 +0x1 fp=0x115fa649c7e8 sp=0x115fa649c7e0 pc=0x55b6403b7b41
created by runtime.gcBgMarkStartWorkers in goroutine 1
	/usr/lib/golang/src/runtime/mgc.go:1695 +0x105

goroutine 119 gp=0x115fa6494960 m=nil [GC worker (idle)]:
runtime.gopark(0x0?, 0x0?, 0x0?, 0x0?, 0x0?)
	/usr/lib/golang/src/runtime/proc.go:462 +0xce fp=0x115fa649cf40 sp=0x115fa649cf20 pc=0x55b6403b00ae
runtime.gcBgMarkWorker(0x115fa5e141c0)
	/usr/lib/golang/src/runtime/mgc.go:1791 +0xeb fp=0x115fa649cfc8 sp=0x115fa649cf40 pc=0x55b64035892b
runtime.gcBgMarkStartWorkers.gowrap1()
	/usr/lib/golang/src/runtime/mgc.go:1695 +0x17 fp=0x115fa649cfe0 sp=0x115fa649cfc8 pc=0x55b640358817
runtime.goexit({})
	/usr/lib/golang/src/runtime/asm_amd64.s:1771 +0x1 fp=0x115fa649cfe8 sp=0x115fa649cfe0 pc=0x55b6403b7b41
created by runtime.gcBgMarkStartWorkers in goroutine 1
	/usr/lib/golang/src/runtime/mgc.go:1695 +0x105

goroutine 120 gp=0x115fa6494b40 m=nil [GC worker (idle)]:
runtime.gopark(0x0?, 0x0?, 0x0?, 0x0?, 0x0?)
	/usr/lib/golang/src/runtime/proc.go:462 +0xce fp=0x115fa649d740 sp=0x115fa649d720 pc=0x55b6403b00ae
runtime.gcBgMarkWorker(0x115fa5e141c0)
	/usr/lib/golang/src/runtime/mgc.go:1791 +0xeb fp=0x115fa649d7c8 sp=0x115fa649d740 pc=0x55b64035892b
runtime.gcBgMarkStartWorkers.gowrap1()
	/usr/lib/golang/src/runtime/mgc.go:1695 +0x17 fp=0x115fa649d7e0 sp=0x115fa649d7c8 pc=0x55b640358817
runtime.goexit({})
	/usr/lib/golang/src/runtime/asm_amd64.s:1771 +0x1 fp=0x115fa649d7e8 sp=0x115fa649d7e0 pc=0x55b6403b7b41
created by runtime.gcBgMarkStartWorkers in goroutine 1
	/usr/lib/golang/src/runtime/mgc.go:1695 +0x105

goroutine 121 gp=0x115fa6494d20 m=nil [GC worker (idle)]:
runtime.gopark(0x0?, 0x0?, 0x0?, 0x0?, 0x0?)
	/usr/lib/golang/src/runtime/proc.go:462 +0xce fp=0x115fa649df40 sp=0x115fa649df20 pc=0x55b6403b00ae
runtime.gcBgMarkWorker(0x115fa5e141c0)
	/usr/lib/golang/src/runtime/mgc.go:1791 +0xeb fp=0x115fa649dfc8 sp=0x115fa649df40 pc=0x55b64035892b
runtime.gcBgMarkStartWorkers.gowrap1()
	/usr/lib/golang/src/runtime/mgc.go:1695 +0x17 fp=0x115fa649dfe0 sp=0x115fa649dfc8 pc=0x55b640358817
runtime.goexit({})
	/usr/lib/golang/src/runtime/asm_amd64.s:1771 +0x1 fp=0x115fa649dfe8 sp=0x115fa649dfe0 pc=0x55b6403b7b41
created by runtime.gcBgMarkStartWorkers in goroutine 1
	/usr/lib/golang/src/runtime/mgc.go:1695 +0x105

goroutine 122 gp=0x115fa6494f00 m=nil [GC worker (idle)]:
runtime.gopark(0x0?, 0x0?, 0x0?, 0x0?, 0x0?)
	/usr/lib/golang/src/runtime/proc.go:462 +0xce fp=0x115fa6496740 sp=0x115fa6496720 pc=0x55b6403b00ae
runtime.gcBgMarkWorker(0x115fa5e141c0)
	/usr/lib/golang/src/runtime/mgc.go:1791 +0xeb fp=0x115fa64967c8 sp=0x115fa6496740 pc=0x55b64035892b
runtime.gcBgMarkStartWorkers.gowrap1()
	/usr/lib/golang/src/runtime/mgc.go:1695 +0x17 fp=0x115fa64967e0 sp=0x115fa64967c8 pc=0x55b640358817
runtime.goexit({})
	/usr/lib/golang/src/runtime/asm_amd64.s:1771 +0x1 fp=0x115fa64967e8 sp=0x115fa64967e0 pc=0x55b6403b7b41
created by runtime.gcBgMarkStartWorkers in goroutine 1
	/usr/lib/golang/src/runtime/mgc.go:1695 +0x105

goroutine 123 gp=0x115fa64950e0 m=nil [GC worker (idle)]:
runtime.gopark(0x0?, 0x0?, 0x0?, 0x0?, 0x0?)
	/usr/lib/golang/src/runtime/proc.go:462 +0xce fp=0x115fa6496f40 sp=0x115fa6496f20 pc=0x55b6403b00ae
runtime.gcBgMarkWorker(0x115fa5e141c0)
	/usr/lib/golang/src/runtime/mgc.go:1791 +0xeb fp=0x115fa6496fc8 sp=0x115fa6496f40 pc=0x55b64035892b
runtime.gcBgMarkStartWorkers.gowrap1()
	/usr/lib/golang/src/runtime/mgc.go:1695 +0x17 fp=0x115fa6496fe0 sp=0x115fa6496fc8 pc=0x55b640358817
runtime.goexit({})
	/usr/lib/golang/src/runtime/asm_amd64.s:1771 +0x1 fp=0x115fa6496fe8 sp=0x115fa6496fe0 pc=0x55b6403b7b41
created by runtime.gcBgMarkStartWorkers in goroutine 1
	/usr/lib/golang/src/runtime/mgc.go:1695 +0x105

goroutine 124 gp=0x115fa64952c0 m=nil [GC worker (idle)]:
runtime.gopark(0x0?, 0x0?, 0x0?, 0x0?, 0x0?)
	/usr/lib/golang/src/runtime/proc.go:462 +0xce fp=0x115fa6497740 sp=0x115fa6497720 pc=0x55b6403b00ae
runtime.gcBgMarkWorker(0x115fa5e141c0)
	/usr/lib/golang/src/runtime/mgc.go:1791 +0xeb fp=0x115fa64977c8 sp=0x115fa6497740 pc=0x55b64035892b
runtime.gcBgMarkStartWorkers.gowrap1()
	/usr/lib/golang/src/runtime/mgc.go:1695 +0x17 fp=0x115fa64977e0 sp=0x115fa64977c8 pc=0x55b640358817
runtime.goexit({})
	/usr/lib/golang/src/runtime/asm_amd64.s:1771 +0x1 fp=0x115fa64977e8 sp=0x115fa64977e0 pc=0x55b6403b7b41
created by runtime.gcBgMarkStartWorkers in goroutine 1
	/usr/lib/golang/src/runtime/mgc.go:1695 +0x105

goroutine 125 gp=0x115fa64954a0 m=nil [GC worker (idle)]:
runtime.gopark(0x0?, 0x0?, 0x0?, 0x0?, 0x0?)
	/usr/lib/golang/src/runtime/proc.go:462 +0xce fp=0x115fa6497f40 sp=0x115fa6497f20 pc=0x55b6403b00ae
runtime.gcBgMarkWorker(0x115fa5e141c0)
	/usr/lib/golang/src/runtime/mgc.go:1791 +0xeb fp=0x115fa6497fc8 sp=0x115fa6497f40 pc=0x55b64035892b
runtime.gcBgMarkStartWorkers.gowrap1()
	/usr/lib/golang/src/runtime/mgc.go:1695 +0x17 fp=0x115fa6497fe0 sp=0x115fa6497fc8 pc=0x55b640358817
runtime.goexit({})
	/usr/lib/golang/src/runtime/asm_amd64.s:1771 +0x1 fp=0x115fa6497fe8 sp=0x115fa6497fe0 pc=0x55b6403b7b41
created by runtime.gcBgMarkStartWorkers in goroutine 1
	/usr/lib/golang/src/runtime/mgc.go:1695 +0x105

goroutine 126 gp=0x115fa6495680 m=nil [GC worker (idle)]:
runtime.gopark(0x0?, 0x0?, 0x0?, 0x0?, 0x0?)
	/usr/lib/golang/src/runtime/proc.go:462 +0xce fp=0x115fa6498740 sp=0x115fa6498720 pc=0x55b6403b00ae
runtime.gcBgMarkWorker(0x115fa5e141c0)
	/usr/lib/golang/src/runtime/mgc.go:1791 +0xeb fp=0x115fa64987c8 sp=0x115fa6498740 pc=0x55b64035892b
runtime.gcBgMarkStartWorkers.gowrap1()
	/usr/lib/golang/src/runtime/mgc.go:1695 +0x17 fp=0x115fa64987e0 sp=0x115fa64987c8 pc=0x55b640358817
runtime.goexit({})
	/usr/lib/golang/src/runtime/asm_amd64.s:1771 +0x1 fp=0x115fa64987e8 sp=0x115fa64987e0 pc=0x55b6403b7b41
created by runtime.gcBgMarkStartWorkers in goroutine 1
	/usr/lib/golang/src/runtime/mgc.go:1695 +0x105

goroutine 127 gp=0x115fa6495860 m=nil [GC worker (idle)]:
runtime.gopark(0x0?, 0x0?, 0x0?, 0x0?, 0x0?)
	/usr/lib/golang/src/runtime/proc.go:462 +0xce fp=0x115fa6498f40 sp=0x115fa6498f20 pc=0x55b6403b00ae
runtime.gcBgMarkWorker(0x115fa5e141c0)
	/usr/lib/golang/src/runtime/mgc.go:1791 +0xeb fp=0x115fa6498fc8 sp=0x115fa6498f40 pc=0x55b64035892b
runtime.gcBgMarkStartWorkers.gowrap1()
	/usr/lib/golang/src/runtime/mgc.go:1695 +0x17 fp=0x115fa6498fe0 sp=0x115fa6498fc8 pc=0x55b640358817
runtime.goexit({})
	/usr/lib/golang/src/runtime/asm_amd64.s:1771 +0x1 fp=0x115fa6498fe8 sp=0x115fa6498fe0 pc=0x55b6403b7b41
created by runtime.gcBgMarkStartWorkers in goroutine 1
	/usr/lib/golang/src/runtime/mgc.go:1695 +0x105

goroutine 60 gp=0x115fa6385680 m=nil [GC worker (idle)]:
runtime.gopark(0x0?, 0x0?, 0x0?, 0x0?, 0x0?)
	/usr/lib/golang/src/runtime/proc.go:462 +0xce fp=0x115fa6507740 sp=0x115fa6507720 pc=0x55b6403b00ae
runtime.gcBgMarkWorker(0x115fa5e141c0)
	/usr/lib/golang/src/runtime/mgc.go:1791 +0xeb fp=0x115fa65077c8 sp=0x115fa6507740 pc=0x55b64035892b
runtime.gcBgMarkStartWorkers.gowrap1()
	/usr/lib/golang/src/runtime/mgc.go:1695 +0x17 fp=0x115fa65077e0 sp=0x115fa65077c8 pc=0x55b640358817
runtime.goexit({})
	/usr/lib/golang/src/runtime/asm_amd64.s:1771 +0x1 fp=0x115fa65077e8 sp=0x115fa65077e0 pc=0x55b6403b7b41
created by runtime.gcBgMarkStartWorkers in goroutine 1
	/usr/lib/golang/src/runtime/mgc.go:1695 +0x105

goroutine 83 gp=0x115fa6403c20 m=nil [GC worker (idle)]:
runtime.gopark(0x0?, 0x0?, 0x0?, 0x0?, 0x0?)
	/usr/lib/golang/src/runtime/proc.go:462 +0xce fp=0x115fa641a740 sp=0x115fa641a720 pc=0x55b6403b00ae
runtime.gcBgMarkWorker(0x115fa5e141c0)
	/usr/lib/golang/src/runtime/mgc.go:1791 +0xeb fp=0x115fa641a7c8 sp=0x115fa641a740 pc=0x55b64035892b
runtime.gcBgMarkStartWorkers.gowrap1()
	/usr/lib/golang/src/runtime/mgc.go:1695 +0x17 fp=0x115fa641a7e0 sp=0x115fa641a7c8 pc=0x55b640358817
runtime.goexit({})
	/usr/lib/golang/src/runtime/asm_amd64.s:1771 +0x1 fp=0x115fa641a7e8 sp=0x115fa641a7e0 pc=0x55b6403b7b41
created by runtime.gcBgMarkStartWorkers in goroutine 1
	/usr/lib/golang/src/runtime/mgc.go:1695 +0x105

goroutine 84 gp=0x115fa641e000 m=nil [GC worker (idle)]:
runtime.gopark(0x0?, 0x0?, 0x0?, 0x0?, 0x0?)
	/usr/lib/golang/src/runtime/proc.go:462 +0xce fp=0x115fa641af40 sp=0x115fa641af20 pc=0x55b6403b00ae
runtime.gcBgMarkWorker(0x115fa5e141c0)
	/usr/lib/golang/src/runtime/mgc.go:1791 +0xeb fp=0x115fa641afc8 sp=0x115fa641af40 pc=0x55b64035892b
runtime.gcBgMarkStartWorkers.gowrap1()
	/usr/lib/golang/src/runtime/mgc.go:1695 +0x17 fp=0x115fa641afe0 sp=0x115fa641afc8 pc=0x55b640358817
runtime.goexit({})
	/usr/lib/golang/src/runtime/asm_amd64.s:1771 +0x1 fp=0x115fa641afe8 sp=0x115fa641afe0 pc=0x55b6403b7b41
created by runtime.gcBgMarkStartWorkers in goroutine 1
	/usr/lib/golang/src/runtime/mgc.go:1695 +0x105

goroutine 85 gp=0x115fa641e1e0 m=nil [GC worker (idle)]:
runtime.gopark(0x0?, 0x0?, 0x0?, 0x0?, 0x0?)
	/usr/lib/golang/src/runtime/proc.go:462 +0xce fp=0x115fa641b740 sp=0x115fa641b720 pc=0x55b6403b00ae
runtime.gcBgMarkWorker(0x115fa5e141c0)
	/usr/lib/golang/src/runtime/mgc.go:1791 +0xeb fp=0x115fa641b7c8 sp=0x115fa641b740 pc=0x55b64035892b
runtime.gcBgMarkStartWorkers.gowrap1()
	/usr/lib/golang/src/runtime/mgc.go:1695 +0x17 fp=0x115fa641b7e0 sp=0x115fa641b7c8 pc=0x55b640358817
runtime.goexit({})
	/usr/lib/golang/src/runtime/asm_amd64.s:1771 +0x1 fp=0x115fa641b7e8 sp=0x115fa641b7e0 pc=0x55b6403b7b41
created by runtime.gcBgMarkStartWorkers in goroutine 1
	/usr/lib/golang/src/runtime/mgc.go:1695 +0x105

goroutine 86 gp=0x115fa641e3c0 m=nil [GC worker (idle)]:
runtime.gopark(0x0?, 0x0?, 0x0?, 0x0?, 0x0?)
	/usr/lib/golang/src/runtime/proc.go:462 +0xce fp=0x115fa641bf40 sp=0x115fa641bf20 pc=0x55b6403b00ae
runtime.gcBgMarkWorker(0x115fa5e141c0)
	/usr/lib/golang/src/runtime/mgc.go:1791 +0xeb fp=0x115fa641bfc8 sp=0x115fa641bf40 pc=0x55b64035892b
runtime.gcBgMarkStartWorkers.gowrap1()
	/usr/lib/golang/src/runtime/mgc.go:1695 +0x17 fp=0x115fa641bfe0 sp=0x115fa641bfc8 pc=0x55b640358817
runtime.goexit({})
	/usr/lib/golang/src/runtime/asm_amd64.s:1771 +0x1 fp=0x115fa641bfe8 sp=0x115fa641bfe0 pc=0x55b6403b7b41
created by runtime.gcBgMarkStartWorkers in goroutine 1
	/usr/lib/golang/src/runtime/mgc.go:1695 +0x105

goroutine 87 gp=0x115fa641e5a0 m=nil [GC worker (idle)]:
runtime.gopark(0x0?, 0x0?, 0x0?, 0x0?, 0x0?)
	/usr/lib/golang/src/runtime/proc.go:462 +0xce fp=0x115fa641c740 sp=0x115fa641c720 pc=0x55b6403b00ae
runtime.gcBgMarkWorker(0x115fa5e141c0)
	/usr/lib/golang/src/runtime/mgc.go:1791 +0xeb fp=0x115fa641c7c8 sp=0x115fa641c740 pc=0x55b64035892b
runtime.gcBgMarkStartWorkers.gowrap1()
	/usr/lib/golang/src/runtime/mgc.go:1695 +0x17 fp=0x115fa641c7e0 sp=0x115fa641c7c8 pc=0x55b640358817
runtime.goexit({})
	/usr/lib/golang/src/runtime/asm_amd64.s:1771 +0x1 fp=0x115fa641c7e8 sp=0x115fa641c7e0 pc=0x55b6403b7b41
created by runtime.gcBgMarkStartWorkers in goroutine 1
	/usr/lib/golang/src/runtime/mgc.go:1695 +0x105

goroutine 88 gp=0x115fa641e780 m=nil [GC worker (idle)]:
runtime.gopark(0x0?, 0x0?, 0x0?, 0x0?, 0x0?)
	/usr/lib/golang/src/runtime/proc.go:462 +0xce fp=0x115fa641cf40 sp=0x115fa641cf20 pc=0x55b6403b00ae
runtime.gcBgMarkWorker(0x115fa5e141c0)
	/usr/lib/golang/src/runtime/mgc.go:1791 +0xeb fp=0x115fa641cfc8 sp=0x115fa641cf40 pc=0x55b64035892b
runtime.gcBgMarkStartWorkers.gowrap1()
	/usr/lib/golang/src/runtime/mgc.go:1695 +0x17 fp=0x115fa641cfe0 sp=0x115fa641cfc8 pc=0x55b640358817
runtime.goexit({})
	/usr/lib/golang/src/runtime/asm_amd64.s:1771 +0x1 fp=0x115fa641cfe8 sp=0x115fa641cfe0 pc=0x55b6403b7b41
created by runtime.gcBgMarkStartWorkers in goroutine 1
	/usr/lib/golang/src/runtime/mgc.go:1695 +0x105

goroutine 89 gp=0x115fa641e960 m=nil [GC worker (idle)]:
runtime.gopark(0x0?, 0x0?, 0x0?, 0x0?, 0x0?)
	/usr/lib/golang/src/runtime/proc.go:462 +0xce fp=0x115fa641d740 sp=0x115fa641d720 pc=0x55b6403b00ae
runtime.gcBgMarkWorker(0x115fa5e141c0)
	/usr/lib/golang/src/runtime/mgc.go:1791 +0xeb fp=0x115fa641d7c8 sp=0x115fa641d740 pc=0x55b64035892b
runtime.gcBgMarkStartWorkers.gowrap1()
	/usr/lib/golang/src/runtime/mgc.go:1695 +0x17 fp=0x115fa641d7e0 sp=0x115fa641d7c8 pc=0x55b640358817
runtime.goexit({})
	/usr/lib/golang/src/runtime/asm_amd64.s:1771 +0x1 fp=0x115fa641d7e8 sp=0x115fa641d7e0 pc=0x55b6403b7b41
created by runtime.gcBgMarkStartWorkers in goroutine 1
	/usr/lib/golang/src/runtime/mgc.go:1695 +0x105

goroutine 90 gp=0x115fa641eb40 m=nil [GC worker (idle)]:
runtime.gopark(0x0?, 0x0?, 0x0?, 0x0?, 0x0?)
	/usr/lib/golang/src/runtime/proc.go:462 +0xce fp=0x115fa641df40 sp=0x115fa641df20 pc=0x55b6403b00ae
runtime.gcBgMarkWorker(0x115fa5e141c0)
	/usr/lib/golang/src/runtime/mgc.go:1791 +0xeb fp=0x115fa641dfc8 sp=0x115fa641df40 pc=0x55b64035892b
runtime.gcBgMarkStartWorkers.gowrap1()
	/usr/lib/golang/src/runtime/mgc.go:1695 +0x17 fp=0x115fa641dfe0 sp=0x115fa641dfc8 pc=0x55b640358817
runtime.goexit({})
	/usr/lib/golang/src/runtime/asm_amd64.s:1771 +0x1 fp=0x115fa641dfe8 sp=0x115fa641dfe0 pc=0x55b6403b7b41
created by runtime.gcBgMarkStartWorkers in goroutine 1
	/usr/lib/golang/src/runtime/mgc.go:1695 +0x105

goroutine 91 gp=0x115fa641ed20 m=nil [GC worker (idle)]:
runtime.gopark(0x0?, 0x0?, 0x0?, 0x0?, 0x0?)
	/usr/lib/golang/src/runtime/proc.go:462 +0xce fp=0x115fa6416740 sp=0x115fa6416720 pc=0x55b6403b00ae
runtime.gcBgMarkWorker(0x115fa5e141c0)
	/usr/lib/golang/src/runtime/mgc.go:1791 +0xeb fp=0x115fa64167c8 sp=0x115fa6416740 pc=0x55b64035892b
runtime.gcBgMarkStartWorkers.gowrap1()
	/usr/lib/golang/src/runtime/mgc.go:1695 +0x17 fp=0x115fa64167e0 sp=0x115fa64167c8 pc=0x55b640358817
runtime.goexit({})
	/usr/lib/golang/src/runtime/asm_amd64.s:1771 +0x1 fp=0x115fa64167e8 sp=0x115fa64167e0 pc=0x55b6403b7b41
created by runtime.gcBgMarkStartWorkers in goroutine 1
	/usr/lib/golang/src/runtime/mgc.go:1695 +0x105

goroutine 92 gp=0x115fa641ef00 m=nil [GC worker (idle)]:
runtime.gopark(0x0?, 0x0?, 0x0?, 0x0?, 0x0?)
	/usr/lib/golang/src/runtime/proc.go:462 +0xce fp=0x115fa6416f40 sp=0x115fa6416f20 pc=0x55b6403b00ae
runtime.gcBgMarkWorker(0x115fa5e141c0)
	/usr/lib/golang/src/runtime/mgc.go:1791 +0xeb fp=0x115fa6416fc8 sp=0x115fa6416f40 pc=0x55b64035892b
runtime.gcBgMarkStartWorkers.gowrap1()
	/usr/lib/golang/src/runtime/mgc.go:1695 +0x17 fp=0x115fa6416fe0 sp=0x115fa6416fc8 pc=0x55b640358817
runtime.goexit({})
	/usr/lib/golang/src/runtime/asm_amd64.s:1771 +0x1 fp=0x115fa6416fe8 sp=0x115fa6416fe0 pc=0x55b6403b7b41
created by runtime.gcBgMarkStartWorkers in goroutine 1
	/usr/lib/golang/src/runtime/mgc.go:1695 +0x105

goroutine 93 gp=0x115fa641f0e0 m=nil [GC worker (idle)]:
runtime.gopark(0x0?, 0x0?, 0x0?, 0x0?, 0x0?)
	/usr/lib/golang/src/runtime/proc.go:462 +0xce fp=0x115fa6417740 sp=0x115fa6417720 pc=0x55b6403b00ae
runtime.gcBgMarkWorker(0x115fa5e141c0)
	/usr/lib/golang/src/runtime/mgc.go:1791 +0xeb fp=0x115fa64177c8 sp=0x115fa6417740 pc=0x55b64035892b
runtime.gcBgMarkStartWorkers.gowrap1()
	/usr/lib/golang/src/runtime/mgc.go:1695 +0x17 fp=0x115fa64177e0 sp=0x115fa64177c8 pc=0x55b640358817
runtime.goexit({})
	/usr/lib/golang/src/runtime/asm_amd64.s:1771 +0x1 fp=0x115fa64177e8 sp=0x115fa64177e0 pc=0x55b6403b7b41
created by runtime.gcBgMarkStartWorkers in goroutine 1
	/usr/lib/golang/src/runtime/mgc.go:1695 +0x105

goroutine 94 gp=0x115fa641f2c0 m=nil [GC worker (idle)]:
runtime.gopark(0x0?, 0x0?, 0x0?, 0x0?, 0x0?)
	/usr/lib/golang/src/runtime/proc.go:462 +0xce fp=0x115fa6417f40 sp=0x115fa6417f20 pc=0x55b6403b00ae
runtime.gcBgMarkWorker(0x115fa5e141c0)
	/usr/lib/golang/src/runtime/mgc.go:1791 +0xeb fp=0x115fa6417fc8 sp=0x115fa6417f40 pc=0x55b64035892b
runtime.gcBgMarkStartWorkers.gowrap1()
	/usr/lib/golang/src/runtime/mgc.go:1695 +0x17 fp=0x115fa6417fe0 sp=0x115fa6417fc8 pc=0x55b640358817
runtime.goexit({})
	/usr/lib/golang/src/runtime/asm_amd64.s:1771 +0x1 fp=0x115fa6417fe8 sp=0x115fa6417fe0 pc=0x55b6403b7b41
created by runtime.gcBgMarkStartWorkers in goroutine 1
	/usr/lib/golang/src/runtime/mgc.go:1695 +0x105

goroutine 95 gp=0x115fa641f4a0 m=nil [GC worker (idle)]:
runtime.gopark(0x0?, 0x0?, 0x0?, 0x0?, 0x0?)
	/usr/lib/golang/src/runtime/proc.go:462 +0xce fp=0x115fa6418740 sp=0x115fa6418720 pc=0x55b6403b00ae
runtime.gcBgMarkWorker(0x115fa5e141c0)
	/usr/lib/golang/src/runtime/mgc.go:1791 +0xeb fp=0x115fa64187c8 sp=0x115fa6418740 pc=0x55b64035892b
runtime.gcBgMarkStartWorkers.gowrap1()
	/usr/lib/golang/src/runtime/mgc.go:1695 +0x17 fp=0x115fa64187e0 sp=0x115fa64187c8 pc=0x55b640358817
runtime.goexit({})
	/usr/lib/golang/src/runtime/asm_amd64.s:1771 +0x1 fp=0x115fa64187e8 sp=0x115fa64187e0 pc=0x55b6403b7b41
created by runtime.gcBgMarkStartWorkers in goroutine 1
	/usr/lib/golang/src/runtime/mgc.go:1695 +0x105

goroutine 96 gp=0x115fa641f680 m=nil [GC worker (idle)]:
runtime.gopark(0x0?, 0x0?, 0x0?, 0x0?, 0x0?)
	/usr/lib/golang/src/runtime/proc.go:462 +0xce fp=0x115fa6418f40 sp=0x115fa6418f20 pc=0x55b6403b00ae
runtime.gcBgMarkWorker(0x115fa5e141c0)
	/usr/lib/golang/src/runtime/mgc.go:1791 +0xeb fp=0x115fa6418fc8 sp=0x115fa6418f40 pc=0x55b64035892b
runtime.gcBgMarkStartWorkers.gowrap1()
	/usr/lib/golang/src/runtime/mgc.go:1695 +0x17 fp=0x115fa6418fe0 sp=0x115fa6418fc8 pc=0x55b640358817
runtime.goexit({})
	/usr/lib/golang/src/runtime/asm_amd64.s:1771 +0x1 fp=0x115fa6418fe8 sp=0x115fa6418fe0 pc=0x55b6403b7b41
created by runtime.gcBgMarkStartWorkers in goroutine 1
	/usr/lib/golang/src/runtime/mgc.go:1695 +0x105

goroutine 97 gp=0x115fa641f860 m=nil [GC worker (idle)]:
runtime.gopark(0x0?, 0x0?, 0x0?, 0x0?, 0x0?)
	/usr/lib/golang/src/runtime/proc.go:462 +0xce fp=0x115fa6419740 sp=0x115fa6419720 pc=0x55b6403b00ae
runtime.gcBgMarkWorker(0x115fa5e141c0)
	/usr/lib/golang/src/runtime/mgc.go:1791 +0xeb fp=0x115fa64197c8 sp=0x115fa6419740 pc=0x55b64035892b
runtime.gcBgMarkStartWorkers.gowrap1()
	/usr/lib/golang/src/runtime/mgc.go:1695 +0x17 fp=0x115fa64197e0 sp=0x115fa64197c8 pc=0x55b640358817
runtime.goexit({})
	/usr/lib/golang/src/runtime/asm_amd64.s:1771 +0x1 fp=0x115fa64197e8 sp=0x115fa64197e0 pc=0x55b6403b7b41
created by runtime.gcBgMarkStartWorkers in goroutine 1
	/usr/lib/golang/src/runtime/mgc.go:1695 +0x105

goroutine 130 gp=0x115fa641fa40 m=nil [GC worker (idle)]:
runtime.gopark(0x0?, 0x0?, 0x0?, 0x0?, 0x0?)
	/usr/lib/golang/src/runtime/proc.go:462 +0xce fp=0x115fa6419f40 sp=0x115fa6419f20 pc=0x55b6403b00ae
runtime.gcBgMarkWorker(0x115fa5e141c0)
	/usr/lib/golang/src/runtime/mgc.go:1791 +0xeb fp=0x115fa6419fc8 sp=0x115fa6419f40 pc=0x55b64035892b
runtime.gcBgMarkStartWorkers.gowrap1()
	/usr/lib/golang/src/runtime/mgc.go:1695 +0x17 fp=0x115fa6419fe0 sp=0x115fa6419fc8 pc=0x55b640358817
runtime.goexit({})
	/usr/lib/golang/src/runtime/asm_amd64.s:1771 +0x1 fp=0x115fa6419fe8 sp=0x115fa6419fe0 pc=0x55b6403b7b41
created by runtime.gcBgMarkStartWorkers in goroutine 1
	/usr/lib/golang/src/runtime/mgc.go:1695 +0x105

goroutine 131 gp=0x115fa641fc20 m=nil [GC worker (idle)]:
runtime.gopark(0x0?, 0x0?, 0x0?, 0x0?, 0x0?)
	/usr/lib/golang/src/runtime/proc.go:462 +0xce fp=0x115fa6426740 sp=0x115fa6426720 pc=0x55b6403b00ae
runtime.gcBgMarkWorker(0x115fa5e141c0)
	/usr/lib/golang/src/runtime/mgc.go:1791 +0xeb fp=0x115fa64267c8 sp=0x115fa6426740 pc=0x55b64035892b
runtime.gcBgMarkStartWorkers.gowrap1()
	/usr/lib/golang/src/runtime/mgc.go:1695 +0x17 fp=0x115fa64267e0 sp=0x115fa64267c8 pc=0x55b640358817
runtime.goexit({})
	/usr/lib/golang/src/runtime/asm_amd64.s:1771 +0x1 fp=0x115fa64267e8 sp=0x115fa64267e0 pc=0x55b6403b7b41
created by runtime.gcBgMarkStartWorkers in goroutine 1
	/usr/lib/golang/src/runtime/mgc.go:1695 +0x105

goroutine 132 gp=0x115fa642c000 m=nil [GC worker (idle)]:
runtime.gopark(0x0?, 0x0?, 0x0?, 0x0?, 0x0?)
	/usr/lib/golang/src/runtime/proc.go:462 +0xce fp=0x115fa6426f40 sp=0x115fa6426f20 pc=0x55b6403b00ae
runtime.gcBgMarkWorker(0x115fa5e141c0)
	/usr/lib/golang/src/runtime/mgc.go:1791 +0xeb fp=0x115fa6426fc8 sp=0x115fa6426f40 pc=0x55b64035892b
runtime.gcBgMarkStartWorkers.gowrap1()
	/usr/lib/golang/src/runtime/mgc.go:1695 +0x17 fp=0x115fa6426fe0 sp=0x115fa6426fc8 pc=0x55b640358817
runtime.goexit({})
	/usr/lib/golang/src/runtime/asm_amd64.s:1771 +0x1 fp=0x115fa6426fe8 sp=0x115fa6426fe0 pc=0x55b6403b7b41
created by runtime.gcBgMarkStartWorkers in goroutine 1
	/usr/lib/golang/src/runtime/mgc.go:1695 +0x105

goroutine 133 gp=0x115fa642c1e0 m=nil [GC worker (idle)]:
runtime.gopark(0x0?, 0x0?, 0x0?, 0x0?, 0x0?)
	/usr/lib/golang/src/runtime/proc.go:462 +0xce fp=0x115fa6427740 sp=0x115fa6427720 pc=0x55b6403b00ae
runtime.gcBgMarkWorker(0x115fa5e141c0)
	/usr/lib/golang/src/runtime/mgc.go:1791 +0xeb fp=0x115fa64277c8 sp=0x115fa6427740 pc=0x55b64035892b
runtime.gcBgMarkStartWorkers.gowrap1()
	/usr/lib/golang/src/runtime/mgc.go:1695 +0x17 fp=0x115fa64277e0 sp=0x115fa64277c8 pc=0x55b640358817
runtime.goexit({})
	/usr/lib/golang/src/runtime/asm_amd64.s:1771 +0x1 fp=0x115fa64277e8 sp=0x115fa64277e0 pc=0x55b6403b7b41
created by runtime.gcBgMarkStartWorkers in goroutine 1
	/usr/lib/golang/src/runtime/mgc.go:1695 +0x105

goroutine 134 gp=0x115fa642c3c0 m=nil [GC worker (idle)]:
runtime.gopark(0x0?, 0x0?, 0x0?, 0x0?, 0x0?)
	/usr/lib/golang/src/runtime/proc.go:462 +0xce fp=0x115fa6427f40 sp=0x115fa6427f20 pc=0x55b6403b00ae
runtime.gcBgMarkWorker(0x115fa5e141c0)
	/usr/lib/golang/src/runtime/mgc.go:1791 +0xeb fp=0x115fa6427fc8 sp=0x115fa6427f40 pc=0x55b64035892b
runtime.gcBgMarkStartWorkers.gowrap1()
	/usr/lib/golang/src/runtime/mgc.go:1695 +0x17 fp=0x115fa6427fe0 sp=0x115fa6427fc8 pc=0x55b640358817
runtime.goexit({})
	/usr/lib/golang/src/runtime/asm_amd64.s:1771 +0x1 fp=0x115fa6427fe8 sp=0x115fa6427fe0 pc=0x55b6403b7b41
created by runtime.gcBgMarkStartWorkers in goroutine 1
	/usr/lib/golang/src/runtime/mgc.go:1695 +0x105

goroutine 135 gp=0x115fa642c5a0 m=nil [GC worker (idle)]:
runtime.gopark(0x0?, 0x0?, 0x0?, 0x0?, 0x0?)
	/usr/lib/golang/src/runtime/proc.go:462 +0xce fp=0x115fa6428740 sp=0x115fa6428720 pc=0x55b6403b00ae
runtime.gcBgMarkWorker(0x115fa5e141c0)
	/usr/lib/golang/src/runtime/mgc.go:1791 +0xeb fp=0x115fa64287c8 sp=0x115fa6428740 pc=0x55b64035892b
runtime.gcBgMarkStartWorkers.gowrap1()
	/usr/lib/golang/src/runtime/mgc.go:1695 +0x17 fp=0x115fa64287e0 sp=0x115fa64287c8 pc=0x55b640358817
runtime.goexit({})
	/usr/lib/golang/src/runtime/asm_amd64.s:1771 +0x1 fp=0x115fa64287e8 sp=0x115fa64287e0 pc=0x55b6403b7b41
created by runtime.gcBgMarkStartWorkers in goroutine 1
	/usr/lib/golang/src/runtime/mgc.go:1695 +0x105

goroutine 136 gp=0x115fa642c780 m=nil [GC worker (idle)]:
runtime.gopark(0x0?, 0x0?, 0x0?, 0x0?, 0x0?)
	/usr/lib/golang/src/runtime/proc.go:462 +0xce fp=0x115fa6428f40 sp=0x115fa6428f20 pc=0x55b6403b00ae
runtime.gcBgMarkWorker(0x115fa5e141c0)
	/usr/lib/golang/src/runtime/mgc.go:1791 +0xeb fp=0x115fa6428fc8 sp=0x115fa6428f40 pc=0x55b64035892b
runtime.gcBgMarkStartWorkers.gowrap1()
	/usr/lib/golang/src/runtime/mgc.go:1695 +0x17 fp=0x115fa6428fe0 sp=0x115fa6428fc8 pc=0x55b640358817
runtime.goexit({})
	/usr/lib/golang/src/runtime/asm_amd64.s:1771 +0x1 fp=0x115fa6428fe8 sp=0x115fa6428fe0 pc=0x55b6403b7b41
created by runtime.gcBgMarkStartWorkers in goroutine 1
	/usr/lib/golang/src/runtime/mgc.go:1695 +0x105

goroutine 137 gp=0x115fa642c960 m=nil [GC worker (idle)]:
runtime.gopark(0x0?, 0x0?, 0x0?, 0x0?, 0x0?)
	/usr/lib/golang/src/runtime/proc.go:462 +0xce fp=0x115fa6429740 sp=0x115fa6429720 pc=0x55b6403b00ae
runtime.gcBgMarkWorker(0x115fa5e141c0)
	/usr/lib/golang/src/runtime/mgc.go:1791 +0xeb fp=0x115fa64297c8 sp=0x115fa6429740 pc=0x55b64035892b
runtime.gcBgMarkStartWorkers.gowrap1()
	/usr/lib/golang/src/runtime/mgc.go:1695 +0x17 fp=0x115fa64297e0 sp=0x115fa64297c8 pc=0x55b640358817
runtime.goexit({})
	/usr/lib/golang/src/runtime/asm_amd64.s:1771 +0x1 fp=0x115fa64297e8 sp=0x115fa64297e0 pc=0x55b6403b7b41
created by runtime.gcBgMarkStartWorkers in goroutine 1
	/usr/lib/golang/src/runtime/mgc.go:1695 +0x105

goroutine 138 gp=0x115fa642cb40 m=nil [GC worker (idle)]:
runtime.gopark(0x0?, 0x0?, 0x0?, 0x0?, 0x0?)
	/usr/lib/golang/src/runtime/proc.go:462 +0xce fp=0x115fa6429f40 sp=0x115fa6429f20 pc=0x55b6403b00ae
runtime.gcBgMarkWorker(0x115fa5e141c0)
	/usr/lib/golang/src/runtime/mgc.go:1791 +0xeb fp=0x115fa6429fc8 sp=0x115fa6429f40 pc=0x55b64035892b
runtime.gcBgMarkStartWorkers.gowrap1()
	/usr/lib/golang/src/runtime/mgc.go:1695 +0x17 fp=0x115fa6429fe0 sp=0x115fa6429fc8 pc=0x55b640358817
runtime.goexit({})
	/usr/lib/golang/src/runtime/asm_amd64.s:1771 +0x1 fp=0x115fa6429fe8 sp=0x115fa6429fe0 pc=0x55b6403b7b41
created by runtime.gcBgMarkStartWorkers in goroutine 1
	/usr/lib/golang/src/runtime/mgc.go:1695 +0x105

goroutine 139 gp=0x115fa642cd20 m=nil [GC worker (idle)]:
runtime.gopark(0x0?, 0x0?, 0x0?, 0x0?, 0x0?)
	/usr/lib/golang/src/runtime/proc.go:462 +0xce fp=0x115fa6422740 sp=0x115fa6422720 pc=0x55b6403b00ae
runtime.gcBgMarkWorker(0x115fa5e141c0)
	/usr/lib/golang/src/runtime/mgc.go:1791 +0xeb fp=0x115fa64227c8 sp=0x115fa6422740 pc=0x55b64035892b
runtime.gcBgMarkStartWorkers.gowrap1()
	/usr/lib/golang/src/runtime/mgc.go:1695 +0x17 fp=0x115fa64227e0 sp=0x115fa64227c8 pc=0x55b640358817
runtime.goexit({})
	/usr/lib/golang/src/runtime/asm_amd64.s:1771 +0x1 fp=0x115fa64227e8 sp=0x115fa64227e0 pc=0x55b6403b7b41
created by runtime.gcBgMarkStartWorkers in goroutine 1
	/usr/lib/golang/src/runtime/mgc.go:1695 +0x105

goroutine 140 gp=0x115fa642cf00 m=nil [GC worker (idle)]:
runtime.gopark(0x0?, 0x0?, 0x0?, 0x0?, 0x0?)
	/usr/lib/golang/src/runtime/proc.go:462 +0xce fp=0x115fa6422f40 sp=0x115fa6422f20 pc=0x55b6403b00ae
runtime.gcBgMarkWorker(0x115fa5e141c0)
	/usr/lib/golang/src/runtime/mgc.go:1791 +0xeb fp=0x115fa6422fc8 sp=0x115fa6422f40 pc=0x55b64035892b
runtime.gcBgMarkStartWorkers.gowrap1()
	/usr/lib/golang/src/runtime/mgc.go:1695 +0x17 fp=0x115fa6422fe0 sp=0x115fa6422fc8 pc=0x55b640358817
runtime.goexit({})
	/usr/lib/golang/src/runtime/asm_amd64.s:1771 +0x1 fp=0x115fa6422fe8 sp=0x115fa6422fe0 pc=0x55b6403b7b41
created by runtime.gcBgMarkStartWorkers in goroutine 1
	/usr/lib/golang/src/runtime/mgc.go:1695 +0x105

goroutine 141 gp=0x115fa642d0e0 m=nil [GC worker (idle)]:
runtime.gopark(0x0?, 0x0?, 0x0?, 0x0?, 0x0?)
	/usr/lib/golang/src/runtime/proc.go:462 +0xce fp=0x115fa6423740 sp=0x115fa6423720 pc=0x55b6403b00ae
runtime.gcBgMarkWorker(0x115fa5e141c0)
	/usr/lib/golang/src/runtime/mgc.go:1791 +0xeb fp=0x115fa64237c8 sp=0x115fa6423740 pc=0x55b64035892b
runtime.gcBgMarkStartWorkers.gowrap1()
	/usr/lib/golang/src/runtime/mgc.go:1695 +0x17 fp=0x115fa64237e0 sp=0x115fa64237c8 pc=0x55b640358817
runtime.goexit({})
	/usr/lib/golang/src/runtime/asm_amd64.s:1771 +0x1 fp=0x115fa64237e8 sp=0x115fa64237e0 pc=0x55b6403b7b41
created by runtime.gcBgMarkStartWorkers in goroutine 1
	/usr/lib/golang/src/runtime/mgc.go:1695 +0x105

goroutine 142 gp=0x115fa642d2c0 m=nil [GC worker (idle)]:
runtime.gopark(0x0?, 0x0?, 0x0?, 0x0?, 0x0?)
	/usr/lib/golang/src/runtime/proc.go:462 +0xce fp=0x115fa6423f40 sp=0x115fa6423f20 pc=0x55b6403b00ae
runtime.gcBgMarkWorker(0x115fa5e141c0)
	/usr/lib/golang/src/runtime/mgc.go:1791 +0xeb fp=0x115fa6423fc8 sp=0x115fa6423f40 pc=0x55b64035892b
runtime.gcBgMarkStartWorkers.gowrap1()
	/usr/lib/golang/src/runtime/mgc.go:1695 +0x17 fp=0x115fa6423fe0 sp=0x115fa6423fc8 pc=0x55b640358817
runtime.goexit({})
	/usr/lib/golang/src/runtime/asm_amd64.s:1771 +0x1 fp=0x115fa6423fe8 sp=0x115fa6423fe0 pc=0x55b6403b7b41
created by runtime.gcBgMarkStartWorkers in goroutine 1
	/usr/lib/golang/src/runtime/mgc.go:1695 +0x105

goroutine 143 gp=0x115fa642d4a0 m=nil [GC worker (idle)]:
runtime.gopark(0x0?, 0x0?, 0x0?, 0x0?, 0x0?)
	/usr/lib/golang/src/runtime/proc.go:462 +0xce fp=0x115fa6424740 sp=0x115fa6424720 pc=0x55b6403b00ae
runtime.gcBgMarkWorker(0x115fa5e141c0)
	/usr/lib/golang/src/runtime/mgc.go:1791 +0xeb fp=0x115fa64247c8 sp=0x115fa6424740 pc=0x55b64035892b
runtime.gcBgMarkStartWorkers.gowrap1()
	/usr/lib/golang/src/runtime/mgc.go:1695 +0x17 fp=0x115fa64247e0 sp=0x115fa64247c8 pc=0x55b640358817
runtime.goexit({})
	/usr/lib/golang/src/runtime/asm_amd64.s:1771 +0x1 fp=0x115fa64247e8 sp=0x115fa64247e0 pc=0x55b6403b7b41
created by runtime.gcBgMarkStartWorkers in goroutine 1
	/usr/lib/golang/src/runtime/mgc.go:1695 +0x105

goroutine 144 gp=0x115fa642d680 m=nil [GC worker (idle)]:
runtime.gopark(0x0?, 0x0?, 0x0?, 0x0?, 0x0?)
	/usr/lib/golang/src/runtime/proc.go:462 +0xce fp=0x115fa6424f40 sp=0x115fa6424f20 pc=0x55b6403b00ae
runtime.gcBgMarkWorker(0x115fa5e141c0)
	/usr/lib/golang/src/runtime/mgc.go:1791 +0xeb fp=0x115fa6424fc8 sp=0x115fa6424f40 pc=0x55b64035892b
runtime.gcBgMarkStartWorkers.gowrap1()
	/usr/lib/golang/src/runtime/mgc.go:1695 +0x17 fp=0x115fa6424fe0 sp=0x115fa6424fc8 pc=0x55b640358817
runtime.goexit({})
	/usr/lib/golang/src/runtime/asm_amd64.s:1771 +0x1 fp=0x115fa6424fe8 sp=0x115fa6424fe0 pc=0x55b6403b7b41
created by runtime.gcBgMarkStartWorkers in goroutine 1
	/usr/lib/golang/src/runtime/mgc.go:1695 +0x105

goroutine 145 gp=0x115fa642d860 m=nil [GC worker (idle)]:
runtime.gopark(0x0?, 0x0?, 0x0?, 0x0?, 0x0?)
	/usr/lib/golang/src/runtime/proc.go:462 +0xce fp=0x115fa6425740 sp=0x115fa6425720 pc=0x55b6403b00ae
runtime.gcBgMarkWorker(0x115fa5e141c0)
	/usr/lib/golang/src/runtime/mgc.go:1791 +0xeb fp=0x115fa64257c8 sp=0x115fa6425740 pc=0x55b64035892b
runtime.gcBgMarkStartWorkers.gowrap1()
	/usr/lib/golang/src/runtime/mgc.go:1695 +0x17 fp=0x115fa64257e0 sp=0x115fa64257c8 pc=0x55b640358817
runtime.goexit({})
	/usr/lib/golang/src/runtime/asm_amd64.s:1771 +0x1 fp=0x115fa64257e8 sp=0x115fa64257e0 pc=0x55b6403b7b41
created by runtime.gcBgMarkStartWorkers in goroutine 1
	/usr/lib/golang/src/runtime/mgc.go:1695 +0x105

goroutine 146 gp=0x115fa642da40 m=nil [GC worker (idle)]:
runtime.gopark(0x0?, 0x0?, 0x0?, 0x0?, 0x0?)
	/usr/lib/golang/src/runtime/proc.go:462 +0xce fp=0x115fa6425f40 sp=0x115fa6425f20 pc=0x55b6403b00ae
runtime.gcBgMarkWorker(0x115fa5e141c0)
	/usr/lib/golang/src/runtime/mgc.go:1791 +0xeb fp=0x115fa6425fc8 sp=0x115fa6425f40 pc=0x55b64035892b
runtime.gcBgMarkStartWorkers.gowrap1()
	/usr/lib/golang/src/runtime/mgc.go:1695 +0x17 fp=0x115fa6425fe0 sp=0x115fa6425fc8 pc=0x55b640358817
runtime.goexit({})
	/usr/lib/golang/src/runtime/asm_amd64.s:1771 +0x1 fp=0x115fa6425fe8 sp=0x115fa6425fe0 pc=0x55b6403b7b41
created by runtime.gcBgMarkStartWorkers in goroutine 1
	/usr/lib/golang/src/runtime/mgc.go:1695 +0x105

goroutine 147 gp=0x115fa642dc20 m=nil [GC worker (idle)]:
runtime.gopark(0x0?, 0x0?, 0x0?, 0x0?, 0x0?)
	/usr/lib/golang/src/runtime/proc.go:462 +0xce fp=0x115fa6434740 sp=0x115fa6434720 pc=0x55b6403b00ae
runtime.gcBgMarkWorker(0x115fa5e141c0)
	/usr/lib/golang/src/runtime/mgc.go:1791 +0xeb fp=0x115fa64347c8 sp=0x115fa6434740 pc=0x55b64035892b
runtime.gcBgMarkStartWorkers.gowrap1()
	/usr/lib/golang/src/runtime/mgc.go:1695 +0x17 fp=0x115fa64347e0 sp=0x115fa64347c8 pc=0x55b640358817
runtime.goexit({})
	/usr/lib/golang/src/runtime/asm_amd64.s:1771 +0x1 fp=0x115fa64347e8 sp=0x115fa64347e0 pc=0x55b6403b7b41
created by runtime.gcBgMarkStartWorkers in goroutine 1
	/usr/lib/golang/src/runtime/mgc.go:1695 +0x105

goroutine 148 gp=0x115fa6438000 m=nil [GC worker (idle)]:
runtime.gopark(0x0?, 0x0?, 0x0?, 0x0?, 0x0?)
	/usr/lib/golang/src/runtime/proc.go:462 +0xce fp=0x115fa6434f40 sp=0x115fa6434f20 pc=0x55b6403b00ae
runtime.gcBgMarkWorker(0x115fa5e141c0)
	/usr/lib/golang/src/runtime/mgc.go:1791 +0xeb fp=0x115fa6434fc8 sp=0x115fa6434f40 pc=0x55b64035892b
runtime.gcBgMarkStartWorkers.gowrap1()
	/usr/lib/golang/src/runtime/mgc.go:1695 +0x17 fp=0x115fa6434fe0 sp=0x115fa6434fc8 pc=0x55b640358817
runtime.goexit({})
	/usr/lib/golang/src/runtime/asm_amd64.s:1771 +0x1 fp=0x115fa6434fe8 sp=0x115fa6434fe0 pc=0x55b6403b7b41
created by runtime.gcBgMarkStartWorkers in goroutine 1
	/usr/lib/golang/src/runtime/mgc.go:1695 +0x105

goroutine 149 gp=0x115fa64381e0 m=nil [GC worker (idle)]:
runtime.gopark(0x0?, 0x0?, 0x0?, 0x0?, 0x0?)
	/usr/lib/golang/src/runtime/proc.go:462 +0xce fp=0x115fa6435740 sp=0x115fa6435720 pc=0x55b6403b00ae
runtime.gcBgMarkWorker(0x115fa5e141c0)
	/usr/lib/golang/src/runtime/mgc.go:1791 +0xeb fp=0x115fa64357c8 sp=0x115fa6435740 pc=0x55b64035892b
runtime.gcBgMarkStartWorkers.gowrap1()
	/usr/lib/golang/src/runtime/mgc.go:1695 +0x17 fp=0x115fa64357e0 sp=0x115fa64357c8 pc=0x55b640358817
runtime.goexit({})
	/usr/lib/golang/src/runtime/asm_amd64.s:1771 +0x1 fp=0x115fa64357e8 sp=0x115fa64357e0 pc=0x55b6403b7b41
created by runtime.gcBgMarkStartWorkers in goroutine 1
	/usr/lib/golang/src/runtime/mgc.go:1695 +0x105

goroutine 150 gp=0x115fa64383c0 m=nil [GC worker (idle)]:
runtime.gopark(0x0?, 0x0?, 0x0?, 0x0?, 0x0?)
	/usr/lib/golang/src/runtime/proc.go:462 +0xce fp=0x115fa6435f40 sp=0x115fa6435f20 pc=0x55b6403b00ae
runtime.gcBgMarkWorker(0x115fa5e141c0)
	/usr/lib/golang/src/runtime/mgc.go:1791 +0xeb fp=0x115fa6435fc8 sp=0x115fa6435f40 pc=0x55b64035892b
runtime.gcBgMarkStartWorkers.gowrap1()
	/usr/lib/golang/src/runtime/mgc.go:1695 +0x17 fp=0x115fa6435fe0 sp=0x115fa6435fc8 pc=0x55b640358817
runtime.goexit({})
	/usr/lib/golang/src/runtime/asm_amd64.s:1771 +0x1 fp=0x115fa6435fe8 sp=0x115fa6435fe0 pc=0x55b6403b7b41
created by runtime.gcBgMarkStartWorkers in goroutine 1
	/usr/lib/golang/src/runtime/mgc.go:1695 +0x105

goroutine 151 gp=0x115fa64385a0 m=nil [GC worker (idle)]:
runtime.gopark(0x0?, 0x0?, 0x0?, 0x0?, 0x0?)
	/usr/lib/golang/src/runtime/proc.go:462 +0xce fp=0x115fa6436740 sp=0x115fa6436720 pc=0x55b6403b00ae
runtime.gcBgMarkWorker(0x115fa5e141c0)
	/usr/lib/golang/src/runtime/mgc.go:1791 +0xeb fp=0x115fa64367c8 sp=0x115fa6436740 pc=0x55b64035892b
runtime.gcBgMarkStartWorkers.gowrap1()
	/usr/lib/golang/src/runtime/mgc.go:1695 +0x17 fp=0x115fa64367e0 sp=0x115fa64367c8 pc=0x55b640358817
runtime.goexit({})
	/usr/lib/golang/src/runtime/asm_amd64.s:1771 +0x1 fp=0x115fa64367e8 sp=0x115fa64367e0 pc=0x55b6403b7b41
created by runtime.gcBgMarkStartWorkers in goroutine 1
	/usr/lib/golang/src/runtime/mgc.go:1695 +0x105

goroutine 152 gp=0x115fa6438780 m=nil [GC worker (idle)]:
runtime.gopark(0x0?, 0x0?, 0x0?, 0x0?, 0x0?)
	/usr/lib/golang/src/runtime/proc.go:462 +0xce fp=0x115fa6436f40 sp=0x115fa6436f20 pc=0x55b6403b00ae
runtime.gcBgMarkWorker(0x115fa5e141c0)
	/usr/lib/golang/src/runtime/mgc.go:1791 +0xeb fp=0x115fa6436fc8 sp=0x115fa6436f40 pc=0x55b64035892b
runtime.gcBgMarkStartWorkers.gowrap1()
	/usr/lib/golang/src/runtime/mgc.go:1695 +0x17 fp=0x115fa6436fe0 sp=0x115fa6436fc8 pc=0x55b640358817
runtime.goexit({})
	/usr/lib/golang/src/runtime/asm_amd64.s:1771 +0x1 fp=0x115fa6436fe8 sp=0x115fa6436fe0 pc=0x55b6403b7b41
created by runtime.gcBgMarkStartWorkers in goroutine 1
	/usr/lib/golang/src/runtime/mgc.go:1695 +0x105

goroutine 153 gp=0x115fa6438960 m=nil [GC worker (idle)]:
runtime.gopark(0x0?, 0x0?, 0x0?, 0x0?, 0x0?)
	/usr/lib/golang/src/runtime/proc.go:462 +0xce fp=0x115fa6437740 sp=0x115fa6437720 pc=0x55b6403b00ae
runtime.gcBgMarkWorker(0x115fa5e141c0)
	/usr/lib/golang/src/runtime/mgc.go:1791 +0xeb fp=0x115fa64377c8 sp=0x115fa6437740 pc=0x55b64035892b
runtime.gcBgMarkStartWorkers.gowrap1()
	/usr/lib/golang/src/runtime/mgc.go:1695 +0x17 fp=0x115fa64377e0 sp=0x115fa64377c8 pc=0x55b640358817
runtime.goexit({})
	/usr/lib/golang/src/runtime/asm_amd64.s:1771 +0x1 fp=0x115fa64377e8 sp=0x115fa64377e0 pc=0x55b6403b7b41
created by runtime.gcBgMarkStartWorkers in goroutine 1
	/usr/lib/golang/src/runtime/mgc.go:1695 +0x105

goroutine 154 gp=0x115fa6438b40 m=nil [GC worker (idle)]:
runtime.gopark(0x0?, 0x0?, 0x0?, 0x0?, 0x0?)
	/usr/lib/golang/src/runtime/proc.go:462 +0xce fp=0x115fa6437f40 sp=0x115fa6437f20 pc=0x55b6403b00ae
runtime.gcBgMarkWorker(0x115fa5e141c0)
	/usr/lib/golang/src/runtime/mgc.go:1791 +0xeb fp=0x115fa6437fc8 sp=0x115fa6437f40 pc=0x55b64035892b
runtime.gcBgMarkStartWorkers.gowrap1()
	/usr/lib/golang/src/runtime/mgc.go:1695 +0x17 fp=0x115fa6437fe0 sp=0x115fa6437fc8 pc=0x55b640358817
runtime.goexit({})
	/usr/lib/golang/src/runtime/asm_amd64.s:1771 +0x1 fp=0x115fa6437fe8 sp=0x115fa6437fe0 pc=0x55b6403b7b41
created by runtime.gcBgMarkStartWorkers in goroutine 1
	/usr/lib/golang/src/runtime/mgc.go:1695 +0x105

goroutine 155 gp=0x115fa6438d20 m=nil [GC worker (idle)]:
runtime.gopark(0x0?, 0x0?, 0x0?, 0x0?, 0x0?)
	/usr/lib/golang/src/runtime/proc.go:462 +0xce fp=0x115fa6430740 sp=0x115fa6430720 pc=0x55b6403b00ae
runtime.gcBgMarkWorker(0x115fa5e141c0)
	/usr/lib/golang/src/runtime/mgc.go:1791 +0xeb fp=0x115fa64307c8 sp=0x115fa6430740 pc=0x55b64035892b
runtime.gcBgMarkStartWorkers.gowrap1()
	/usr/lib/golang/src/runtime/mgc.go:1695 +0x17 fp=0x115fa64307e0 sp=0x115fa64307c8 pc=0x55b640358817
runtime.goexit({})
	/usr/lib/golang/src/runtime/asm_amd64.s:1771 +0x1 fp=0x115fa64307e8 sp=0x115fa64307e0 pc=0x55b6403b7b41
created by runtime.gcBgMarkStartWorkers in goroutine 1
	/usr/lib/golang/src/runtime/mgc.go:1695 +0x105

goroutine 156 gp=0x115fa6438f00 m=nil [GC worker (idle)]:
runtime.gopark(0x0?, 0x0?, 0x0?, 0x0?, 0x0?)
	/usr/lib/golang/src/runtime/proc.go:462 +0xce fp=0x115fa6430f40 sp=0x115fa6430f20 pc=0x55b6403b00ae
runtime.gcBgMarkWorker(0x115fa5e141c0)
	/usr/lib/golang/src/runtime/mgc.go:1791 +0xeb fp=0x115fa6430fc8 sp=0x115fa6430f40 pc=0x55b64035892b
runtime.gcBgMarkStartWorkers.gowrap1()
	/usr/lib/golang/src/runtime/mgc.go:1695 +0x17 fp=0x115fa6430fe0 sp=0x115fa6430fc8 pc=0x55b640358817
runtime.goexit({})
	/usr/lib/golang/src/runtime/asm_amd64.s:1771 +0x1 fp=0x115fa6430fe8 sp=0x115fa6430fe0 pc=0x55b6403b7b41
created by runtime.gcBgMarkStartWorkers in goroutine 1
	/usr/lib/golang/src/runtime/mgc.go:1695 +0x105

goroutine 157 gp=0x115fa64390e0 m=nil [GC worker (idle)]:
runtime.gopark(0x0?, 0x0?, 0x0?, 0x0?, 0x0?)
	/usr/lib/golang/src/runtime/proc.go:462 +0xce fp=0x115fa6431740 sp=0x115fa6431720 pc=0x55b6403b00ae
runtime.gcBgMarkWorker(0x115fa5e141c0)
	/usr/lib/golang/src/runtime/mgc.go:1791 +0xeb fp=0x115fa64317c8 sp=0x115fa6431740 pc=0x55b64035892b
runtime.gcBgMarkStartWorkers.gowrap1()
	/usr/lib/golang/src/runtime/mgc.go:1695 +0x17 fp=0x115fa64317e0 sp=0x115fa64317c8 pc=0x55b640358817
runtime.goexit({})
	/usr/lib/golang/src/runtime/asm_amd64.s:1771 +0x1 fp=0x115fa64317e8 sp=0x115fa64317e0 pc=0x55b6403b7b41
created by runtime.gcBgMarkStartWorkers in goroutine 1
	/usr/lib/golang/src/runtime/mgc.go:1695 +0x105

goroutine 158 gp=0x115fa64392c0 m=nil [GC worker (idle)]:
runtime.gopark(0x0?, 0x0?, 0x0?, 0x0?, 0x0?)
	/usr/lib/golang/src/runtime/proc.go:462 +0xce fp=0x115fa6431f40 sp=0x115fa6431f20 pc=0x55b6403b00ae
runtime.gcBgMarkWorker(0x115fa5e141c0)
	/usr/lib/golang/src/runtime/mgc.go:1791 +0xeb fp=0x115fa6431fc8 sp=0x115fa6431f40 pc=0x55b64035892b
runtime.gcBgMarkStartWorkers.gowrap1()
	/usr/lib/golang/src/runtime/mgc.go:1695 +0x17 fp=0x115fa6431fe0 sp=0x115fa6431fc8 pc=0x55b640358817
runtime.goexit({})
	/usr/lib/golang/src/runtime/asm_amd64.s:1771 +0x1 fp=0x115fa6431fe8 sp=0x115fa6431fe0 pc=0x55b6403b7b41
created by runtime.gcBgMarkStartWorkers in goroutine 1
	/usr/lib/golang/src/runtime/mgc.go:1695 +0x105

goroutine 159 gp=0x115fa64394a0 m=nil [GC worker (idle)]:
runtime.gopark(0x0?, 0x0?, 0x0?, 0x0?, 0x0?)
	/usr/lib/golang/src/runtime/proc.go:462 +0xce fp=0x115fa6432740 sp=0x115fa6432720 pc=0x55b6403b00ae
runtime.gcBgMarkWorker(0x115fa5e141c0)
	/usr/lib/golang/src/runtime/mgc.go:1791 +0xeb fp=0x115fa64327c8 sp=0x115fa6432740 pc=0x55b64035892b
runtime.gcBgMarkStartWorkers.gowrap1()
	/usr/lib/golang/src/runtime/mgc.go:1695 +0x17 fp=0x115fa64327e0 sp=0x115fa64327c8 pc=0x55b640358817
runtime.goexit({})
	/usr/lib/golang/src/runtime/asm_amd64.s:1771 +0x1 fp=0x115fa64327e8 sp=0x115fa64327e0 pc=0x55b6403b7b41
created by runtime.gcBgMarkStartWorkers in goroutine 1
	/usr/lib/golang/src/runtime/mgc.go:1695 +0x105

goroutine 160 gp=0x115fa6439680 m=nil [GC worker (idle)]:
runtime.gopark(0x0?, 0x0?, 0x0?, 0x0?, 0x0?)
	/usr/lib/golang/src/runtime/proc.go:462 +0xce fp=0x115fa6432f40 sp=0x115fa6432f20 pc=0x55b6403b00ae
runtime.gcBgMarkWorker(0x115fa5e141c0)
	/usr/lib/golang/src/runtime/mgc.go:1791 +0xeb fp=0x115fa6432fc8 sp=0x115fa6432f40 pc=0x55b64035892b
runtime.gcBgMarkStartWorkers.gowrap1()
	/usr/lib/golang/src/runtime/mgc.go:1695 +0x17 fp=0x115fa6432fe0 sp=0x115fa6432fc8 pc=0x55b640358817
runtime.goexit({})
	/usr/lib/golang/src/runtime/asm_amd64.s:1771 +0x1 fp=0x115fa6432fe8 sp=0x115fa6432fe0 pc=0x55b6403b7b41
created by runtime.gcBgMarkStartWorkers in goroutine 1
	/usr/lib/golang/src/runtime/mgc.go:1695 +0x105

goroutine 161 gp=0x115fa6439860 m=nil [GC worker (idle)]:
runtime.gopark(0x0?, 0x0?, 0x0?, 0x0?, 0x0?)
	/usr/lib/golang/src/runtime/proc.go:462 +0xce fp=0x115fa6433740 sp=0x115fa6433720 pc=0x55b6403b00ae
runtime.gcBgMarkWorker(0x115fa5e141c0)
	/usr/lib/golang/src/runtime/mgc.go:1791 +0xeb fp=0x115fa64337c8 sp=0x115fa6433740 pc=0x55b64035892b
runtime.gcBgMarkStartWorkers.gowrap1()
	/usr/lib/golang/src/runtime/mgc.go:1695 +0x17 fp=0x115fa64337e0 sp=0x115fa64337c8 pc=0x55b640358817
runtime.goexit({})
	/usr/lib/golang/src/runtime/asm_amd64.s:1771 +0x1 fp=0x115fa64337e8 sp=0x115fa64337e0 pc=0x55b6403b7b41
created by runtime.gcBgMarkStartWorkers in goroutine 1
	/usr/lib/golang/src/runtime/mgc.go:1695 +0x105

goroutine 162 gp=0x115fa6439a40 m=nil [GC worker (idle)]:
runtime.gopark(0x0?, 0x0?, 0x0?, 0x0?, 0x0?)
	/usr/lib/golang/src/runtime/proc.go:462 +0xce fp=0x115fa6433f40 sp=0x115fa6433f20 pc=0x55b6403b00ae
runtime.gcBgMarkWorker(0x115fa5e141c0)
	/usr/lib/golang/src/runtime/mgc.go:1791 +0xeb fp=0x115fa6433fc8 sp=0x115fa6433f40 pc=0x55b64035892b
runtime.gcBgMarkStartWorkers.gowrap1()
	/usr/lib/golang/src/runtime/mgc.go:1695 +0x17 fp=0x115fa6433fe0 sp=0x115fa6433fc8 pc=0x55b640358817
runtime.goexit({})
	/usr/lib/golang/src/runtime/asm_amd64.s:1771 +0x1 fp=0x115fa6433fe8 sp=0x115fa6433fe0 pc=0x55b6403b7b41
created by runtime.gcBgMarkStartWorkers in goroutine 1
	/usr/lib/golang/src/runtime/mgc.go:1695 +0x105

goroutine 163 gp=0x115fa6439c20 m=nil [GC worker (idle)]:
runtime.gopark(0x0?, 0x0?, 0x0?, 0x0?, 0x0?)
	/usr/lib/golang/src/runtime/proc.go:462 +0xce fp=0x115fa6444740 sp=0x115fa6444720 pc=0x55b6403b00ae
runtime.gcBgMarkWorker(0x115fa5e141c0)
	/usr/lib/golang/src/runtime/mgc.go:1791 +0xeb fp=0x115fa64447c8 sp=0x115fa6444740 pc=0x55b64035892b
runtime.gcBgMarkStartWorkers.gowrap1()
	/usr/lib/golang/src/runtime/mgc.go:1695 +0x17 fp=0x115fa64447e0 sp=0x115fa64447c8 pc=0x55b640358817
runtime.goexit({})
	/usr/lib/golang/src/runtime/asm_amd64.s:1771 +0x1 fp=0x115fa64447e8 sp=0x115fa64447e0 pc=0x55b6403b7b41
created by runtime.gcBgMarkStartWorkers in goroutine 1
	/usr/lib/golang/src/runtime/mgc.go:1695 +0x105

goroutine 164 gp=0x115fa6448000 m=nil [GC worker (idle)]:
runtime.gopark(0x0?, 0x0?, 0x0?, 0x0?, 0x0?)
	/usr/lib/golang/src/runtime/proc.go:462 +0xce fp=0x115fa6444f40 sp=0x115fa6444f20 pc=0x55b6403b00ae
runtime.gcBgMarkWorker(0x115fa5e141c0)
	/usr/lib/golang/src/runtime/mgc.go:1791 +0xeb fp=0x115fa6444fc8 sp=0x115fa6444f40 pc=0x55b64035892b
runtime.gcBgMarkStartWorkers.gowrap1()
	/usr/lib/golang/src/runtime/mgc.go:1695 +0x17 fp=0x115fa6444fe0 sp=0x115fa6444fc8 pc=0x55b640358817
runtime.goexit({})
	/usr/lib/golang/src/runtime/asm_amd64.s:1771 +0x1 fp=0x115fa6444fe8 sp=0x115fa6444fe0 pc=0x55b6403b7b41
created by runtime.gcBgMarkStartWorkers in goroutine 1
	/usr/lib/golang/src/runtime/mgc.go:1695 +0x105

goroutine 165 gp=0x115fa64481e0 m=nil [GC worker (idle)]:
runtime.gopark(0x0?, 0x0?, 0x0?, 0x0?, 0x0?)
	/usr/lib/golang/src/runtime/proc.go:462 +0xce fp=0x115fa6445740 sp=0x115fa6445720 pc=0x55b6403b00ae
runtime.gcBgMarkWorker(0x115fa5e141c0)
	/usr/lib/golang/src/runtime/mgc.go:1791 +0xeb fp=0x115fa64457c8 sp=0x115fa6445740 pc=0x55b64035892b
runtime.gcBgMarkStartWorkers.gowrap1()
	/usr/lib/golang/src/runtime/mgc.go:1695 +0x17 fp=0x115fa64457e0 sp=0x115fa64457c8 pc=0x55b640358817
runtime.goexit({})
	/usr/lib/golang/src/runtime/asm_amd64.s:1771 +0x1 fp=0x115fa64457e8 sp=0x115fa64457e0 pc=0x55b6403b7b41
created by runtime.gcBgMarkStartWorkers in goroutine 1
	/usr/lib/golang/src/runtime/mgc.go:1695 +0x105

goroutine 166 gp=0x115fa64483c0 m=nil [GC worker (idle)]:
runtime.gopark(0x0?, 0x0?, 0x0?, 0x0?, 0x0?)
	/usr/lib/golang/src/runtime/proc.go:462 +0xce fp=0x115fa6445f40 sp=0x115fa6445f20 pc=0x55b6403b00ae
runtime.gcBgMarkWorker(0x115fa5e141c0)
	/usr/lib/golang/src/runtime/mgc.go:1791 +0xeb fp=0x115fa6445fc8 sp=0x115fa6445f40 pc=0x55b64035892b
runtime.gcBgMarkStartWorkers.gowrap1()
	/usr/lib/golang/src/runtime/mgc.go:1695 +0x17 fp=0x115fa6445fe0 sp=0x115fa6445fc8 pc=0x55b640358817
runtime.goexit({})
	/usr/lib/golang/src/runtime/asm_amd64.s:1771 +0x1 fp=0x115fa6445fe8 sp=0x115fa6445fe0 pc=0x55b6403b7b41
created by runtime.gcBgMarkStartWorkers in goroutine 1
	/usr/lib/golang/src/runtime/mgc.go:1695 +0x105

goroutine 167 gp=0x115fa64485a0 m=nil [GC worker (idle)]:
runtime.gopark(0x0?, 0x0?, 0x0?, 0x0?, 0x0?)
	/usr/lib/golang/src/runtime/proc.go:462 +0xce fp=0x115fa6446740 sp=0x115fa6446720 pc=0x55b6403b00ae
runtime.gcBgMarkWorker(0x115fa5e141c0)
	/usr/lib/golang/src/runtime/mgc.go:1791 +0xeb fp=0x115fa64467c8 sp=0x115fa6446740 pc=0x55b64035892b
runtime.gcBgMarkStartWorkers.gowrap1()
	/usr/lib/golang/src/runtime/mgc.go:1695 +0x17 fp=0x115fa64467e0 sp=0x115fa64467c8 pc=0x55b640358817
runtime.goexit({})
	/usr/lib/golang/src/runtime/asm_amd64.s:1771 +0x1 fp=0x115fa64467e8 sp=0x115fa64467e0 pc=0x55b6403b7b41
created by runtime.gcBgMarkStartWorkers in goroutine 1
	/usr/lib/golang/src/runtime/mgc.go:1695 +0x105

goroutine 168 gp=0x115fa6448780 m=nil [GC worker (idle)]:
runtime.gopark(0x0?, 0x0?, 0x0?, 0x0?, 0x0?)
	/usr/lib/golang/src/runtime/proc.go:462 +0xce fp=0x115fa6446f40 sp=0x115fa6446f20 pc=0x55b6403b00ae
runtime.gcBgMarkWorker(0x115fa5e141c0)
	/usr/lib/golang/src/runtime/mgc.go:1791 +0xeb fp=0x115fa6446fc8 sp=0x115fa6446f40 pc=0x55b64035892b
runtime.gcBgMarkStartWorkers.gowrap1()
	/usr/lib/golang/src/runtime/mgc.go:1695 +0x17 fp=0x115fa6446fe0 sp=0x115fa6446fc8 pc=0x55b640358817
runtime.goexit({})
	/usr/lib/golang/src/runtime/asm_amd64.s:1771 +0x1 fp=0x115fa6446fe8 sp=0x115fa6446fe0 pc=0x55b6403b7b41
created by runtime.gcBgMarkStartWorkers in goroutine 1
	/usr/lib/golang/src/runtime/mgc.go:1695 +0x105

goroutine 169 gp=0x115fa6448960 m=nil [GC worker (idle)]:
runtime.gopark(0x0?, 0x0?, 0x0?, 0x0?, 0x0?)
	/usr/lib/golang/src/runtime/proc.go:462 +0xce fp=0x115fa6447740 sp=0x115fa6447720 pc=0x55b6403b00ae
runtime.gcBgMarkWorker(0x115fa5e141c0)
	/usr/lib/golang/src/runtime/mgc.go:1791 +0xeb fp=0x115fa64477c8 sp=0x115fa6447740 pc=0x55b64035892b
runtime.gcBgMarkStartWorkers.gowrap1()
	/usr/lib/golang/src/runtime/mgc.go:1695 +0x17 fp=0x115fa64477e0 sp=0x115fa64477c8 pc=0x55b640358817
runtime.goexit({})
	/usr/lib/golang/src/runtime/asm_amd64.s:1771 +0x1 fp=0x115fa64477e8 sp=0x115fa64477e0 pc=0x55b6403b7b41
created by runtime.gcBgMarkStartWorkers in goroutine 1
	/usr/lib/golang/src/runtime/mgc.go:1695 +0x105

goroutine 170 gp=0x115fa6448b40 m=nil [GC worker (idle)]:
runtime.gopark(0x0?, 0x0?, 0x0?, 0x0?, 0x0?)
	/usr/lib/golang/src/runtime/proc.go:462 +0xce fp=0x115fa6447f40 sp=0x115fa6447f20 pc=0x55b6403b00ae
runtime.gcBgMarkWorker(0x115fa5e141c0)
	/usr/lib/golang/src/runtime/mgc.go:1791 +0xeb fp=0x115fa6447fc8 sp=0x115fa6447f40 pc=0x55b64035892b
runtime.gcBgMarkStartWorkers.gowrap1()
	/usr/lib/golang/src/runtime/mgc.go:1695 +0x17 fp=0x115fa6447fe0 sp=0x115fa6447fc8 pc=0x55b640358817
runtime.goexit({})
	/usr/lib/golang/src/runtime/asm_amd64.s:1771 +0x1 fp=0x115fa6447fe8 sp=0x115fa6447fe0 pc=0x55b6403b7b41
created by runtime.gcBgMarkStartWorkers in goroutine 1
	/usr/lib/golang/src/runtime/mgc.go:1695 +0x105

goroutine 171 gp=0x115fa6448d20 m=nil [GC worker (idle)]:
runtime.gopark(0x0?, 0x0?, 0x0?, 0x0?, 0x0?)
	/usr/lib/golang/src/runtime/proc.go:462 +0xce fp=0x115fa6440740 sp=0x115fa6440720 pc=0x55b6403b00ae
runtime.gcBgMarkWorker(0x115fa5e141c0)
	/usr/lib/golang/src/runtime/mgc.go:1791 +0xeb fp=0x115fa64407c8 sp=0x115fa6440740 pc=0x55b64035892b
runtime.gcBgMarkStartWorkers.gowrap1()
	/usr/lib/golang/src/runtime/mgc.go:1695 +0x17 fp=0x115fa64407e0 sp=0x115fa64407c8 pc=0x55b640358817
runtime.goexit({})
	/usr/lib/golang/src/runtime/asm_amd64.s:1771 +0x1 fp=0x115fa64407e8 sp=0x115fa64407e0 pc=0x55b6403b7b41
created by runtime.gcBgMarkStartWorkers in goroutine 1
	/usr/lib/golang/src/runtime/mgc.go:1695 +0x105

goroutine 172 gp=0x115fa6448f00 m=nil [GC worker (idle)]:
runtime.gopark(0x0?, 0x0?, 0x0?, 0x0?, 0x0?)
	/usr/lib/golang/src/runtime/proc.go:462 +0xce fp=0x115fa6440f40 sp=0x115fa6440f20 pc=0x55b6403b00ae
runtime.gcBgMarkWorker(0x115fa5e141c0)
	/usr/lib/golang/src/runtime/mgc.go:1791 +0xeb fp=0x115fa6440fc8 sp=0x115fa6440f40 pc=0x55b64035892b
runtime.gcBgMarkStartWorkers.gowrap1()
	/usr/lib/golang/src/runtime/mgc.go:1695 +0x17 fp=0x115fa6440fe0 sp=0x115fa6440fc8 pc=0x55b640358817
runtime.goexit({})
	/usr/lib/golang/src/runtime/asm_amd64.s:1771 +0x1 fp=0x115fa6440fe8 sp=0x115fa6440fe0 pc=0x55b6403b7b41
created by runtime.gcBgMarkStartWorkers in goroutine 1
	/usr/lib/golang/src/runtime/mgc.go:1695 +0x105

goroutine 173 gp=0x115fa64490e0 m=nil [GC worker (idle)]:
runtime.gopark(0x0?, 0x0?, 0x0?, 0x0?, 0x0?)
	/usr/lib/golang/src/runtime/proc.go:462 +0xce fp=0x115fa6441740 sp=0x115fa6441720 pc=0x55b6403b00ae
runtime.gcBgMarkWorker(0x115fa5e141c0)
	/usr/lib/golang/src/runtime/mgc.go:1791 +0xeb fp=0x115fa64417c8 sp=0x115fa6441740 pc=0x55b64035892b
runtime.gcBgMarkStartWorkers.gowrap1()
	/usr/lib/golang/src/runtime/mgc.go:1695 +0x17 fp=0x115fa64417e0 sp=0x115fa64417c8 pc=0x55b640358817
runtime.goexit({})
	/usr/lib/golang/src/runtime/asm_amd64.s:1771 +0x1 fp=0x115fa64417e8 sp=0x115fa64417e0 pc=0x55b6403b7b41
created by runtime.gcBgMarkStartWorkers in goroutine 1
	/usr/lib/golang/src/runtime/mgc.go:1695 +0x105

goroutine 174 gp=0x115fa64492c0 m=nil [GC worker (idle)]:
runtime.gopark(0x0?, 0x0?, 0x0?, 0x0?, 0x0?)
	/usr/lib/golang/src/runtime/proc.go:462 +0xce fp=0x115fa6441f40 sp=0x115fa6441f20 pc=0x55b6403b00ae
runtime.gcBgMarkWorker(0x115fa5e141c0)
	/usr/lib/golang/src/runtime/mgc.go:1791 +0xeb fp=0x115fa6441fc8 sp=0x115fa6441f40 pc=0x55b64035892b
runtime.gcBgMarkStartWorkers.gowrap1()
	/usr/lib/golang/src/runtime/mgc.go:1695 +0x17 fp=0x115fa6441fe0 sp=0x115fa6441fc8 pc=0x55b640358817
runtime.goexit({})
	/usr/lib/golang/src/runtime/asm_amd64.s:1771 +0x1 fp=0x115fa6441fe8 sp=0x115fa6441fe0 pc=0x55b6403b7b41
created by runtime.gcBgMarkStartWorkers in goroutine 1
	/usr/lib/golang/src/runtime/mgc.go:1695 +0x105

goroutine 175 gp=0x115fa64494a0 m=nil [GC worker (idle)]:
runtime.gopark(0x0?, 0x0?, 0x0?, 0x0?, 0x0?)
	/usr/lib/golang/src/runtime/proc.go:462 +0xce fp=0x115fa6442740 sp=0x115fa6442720 pc=0x55b6403b00ae
runtime.gcBgMarkWorker(0x115fa5e141c0)
	/usr/lib/golang/src/runtime/mgc.go:1791 +0xeb fp=0x115fa64427c8 sp=0x115fa6442740 pc=0x55b64035892b
runtime.gcBgMarkStartWorkers.gowrap1()
	/usr/lib/golang/src/runtime/mgc.go:1695 +0x17 fp=0x115fa64427e0 sp=0x115fa64427c8 pc=0x55b640358817
runtime.goexit({})
	/usr/lib/golang/src/runtime/asm_amd64.s:1771 +0x1 fp=0x115fa64427e8 sp=0x115fa64427e0 pc=0x55b6403b7b41
created by runtime.gcBgMarkStartWorkers in goroutine 1
	/usr/lib/golang/src/runtime/mgc.go:1695 +0x105

goroutine 176 gp=0x115fa6449680 m=nil [GC worker (idle)]:
runtime.gopark(0x0?, 0x0?, 0x0?, 0x0?, 0x0?)
	/usr/lib/golang/src/runtime/proc.go:462 +0xce fp=0x115fa6442f40 sp=0x115fa6442f20 pc=0x55b6403b00ae
runtime.gcBgMarkWorker(0x115fa5e141c0)
	/usr/lib/golang/src/runtime/mgc.go:1791 +0xeb fp=0x115fa6442fc8 sp=0x115fa6442f40 pc=0x55b64035892b
runtime.gcBgMarkStartWorkers.gowrap1()
	/usr/lib/golang/src/runtime/mgc.go:1695 +0x17 fp=0x115fa6442fe0 sp=0x115fa6442fc8 pc=0x55b640358817
runtime.goexit({})
	/usr/lib/golang/src/runtime/asm_amd64.s:1771 +0x1 fp=0x115fa6442fe8 sp=0x115fa6442fe0 pc=0x55b6403b7b41
created by runtime.gcBgMarkStartWorkers in goroutine 1
	/usr/lib/golang/src/runtime/mgc.go:1695 +0x105

goroutine 177 gp=0x115fa6449860 m=nil [GC worker (idle)]:
runtime.gopark(0x0?, 0x0?, 0x0?, 0x0?, 0x0?)
	/usr/lib/golang/src/runtime/proc.go:462 +0xce fp=0x115fa6443740 sp=0x115fa6443720 pc=0x55b6403b00ae
runtime.gcBgMarkWorker(0x115fa5e141c0)
	/usr/lib/golang/src/runtime/mgc.go:1791 +0xeb fp=0x115fa64437c8 sp=0x115fa6443740 pc=0x55b64035892b
runtime.gcBgMarkStartWorkers.gowrap1()
	/usr/lib/golang/src/runtime/mgc.go:1695 +0x17 fp=0x115fa64437e0 sp=0x115fa64437c8 pc=0x55b640358817
runtime.goexit({})
	/usr/lib/golang/src/runtime/asm_amd64.s:1771 +0x1 fp=0x115fa64437e8 sp=0x115fa64437e0 pc=0x55b6403b7b41
created by runtime.gcBgMarkStartWorkers in goroutine 1
	/usr/lib/golang/src/runtime/mgc.go:1695 +0x105

goroutine 128 gp=0x115fa6495a40 m=nil [GC worker (idle)]:
runtime.gopark(0x0?, 0x0?, 0x0?, 0x0?, 0x0?)
	/usr/lib/golang/src/runtime/proc.go:462 +0xce fp=0x115fa6499740 sp=0x115fa6499720 pc=0x55b6403b00ae
runtime.gcBgMarkWorker(0x115fa5e141c0)
	/usr/lib/golang/src/runtime/mgc.go:1791 +0xeb fp=0x115fa64997c8 sp=0x115fa6499740 pc=0x55b64035892b
runtime.gcBgMarkStartWorkers.gowrap1()
	/usr/lib/golang/src/runtime/mgc.go:1695 +0x17 fp=0x115fa64997e0 sp=0x115fa64997c8 pc=0x55b640358817
runtime.goexit({})
	/usr/lib/golang/src/runtime/asm_amd64.s:1771 +0x1 fp=0x115fa64997e8 sp=0x115fa64997e0 pc=0x55b6403b7b41
created by runtime.gcBgMarkStartWorkers in goroutine 1
	/usr/lib/golang/src/runtime/mgc.go:1695 +0x105

goroutine 61 gp=0x115fa6385860 m=nil [GC worker (idle)]:
runtime.gopark(0x0?, 0x0?, 0x0?, 0x0?, 0x0?)
	/usr/lib/golang/src/runtime/proc.go:462 +0xce fp=0x115fa6507f40 sp=0x115fa6507f20 pc=0x55b6403b00ae
runtime.gcBgMarkWorker(0x115fa5e141c0)
	/usr/lib/golang/src/runtime/mgc.go:1791 +0xeb fp=0x115fa6507fc8 sp=0x115fa6507f40 pc=0x55b64035892b
runtime.gcBgMarkStartWorkers.gowrap1()
	/usr/lib/golang/src/runtime/mgc.go:1695 +0x17 fp=0x115fa6507fe0 sp=0x115fa6507fc8 pc=0x55b640358817
runtime.goexit({})
	/usr/lib/golang/src/runtime/asm_amd64.s:1771 +0x1 fp=0x115fa6507fe8 sp=0x115fa6507fe0 pc=0x55b6403b7b41
created by runtime.gcBgMarkStartWorkers in goroutine 1
	/usr/lib/golang/src/runtime/mgc.go:1695 +0x105

goroutine 62 gp=0x115fa6385a40 m=nil [GC worker (idle)]:
runtime.gopark(0x0?, 0x0?, 0x0?, 0x0?, 0x0?)
	/usr/lib/golang/src/runtime/proc.go:462 +0xce fp=0x115fa6508740 sp=0x115fa6508720 pc=0x55b6403b00ae
runtime.gcBgMarkWorker(0x115fa5e141c0)
	/usr/lib/golang/src/runtime/mgc.go:1791 +0xeb fp=0x115fa65087c8 sp=0x115fa6508740 pc=0x55b64035892b
runtime.gcBgMarkStartWorkers.gowrap1()
	/usr/lib/golang/src/runtime/mgc.go:1695 +0x17 fp=0x115fa65087e0 sp=0x115fa65087c8 pc=0x55b640358817
runtime.goexit({})
	/usr/lib/golang/src/runtime/asm_amd64.s:1771 +0x1 fp=0x115fa65087e8 sp=0x115fa65087e0 pc=0x55b6403b7b41
created by runtime.gcBgMarkStartWorkers in goroutine 1
	/usr/lib/golang/src/runtime/mgc.go:1695 +0x105

goroutine 63 gp=0x115fa6385c20 m=nil [GC worker (idle)]:
runtime.gopark(0x0?, 0x0?, 0x0?, 0x0?, 0x0?)
	/usr/lib/golang/src/runtime/proc.go:462 +0xce fp=0x115fa6508f40 sp=0x115fa6508f20 pc=0x55b6403b00ae
runtime.gcBgMarkWorker(0x115fa5e141c0)
	/usr/lib/golang/src/runtime/mgc.go:1791 +0xeb fp=0x115fa6508fc8 sp=0x115fa6508f40 pc=0x55b64035892b
runtime.gcBgMarkStartWorkers.gowrap1()
	/usr/lib/golang/src/runtime/mgc.go:1695 +0x17 fp=0x115fa6508fe0 sp=0x115fa6508fc8 pc=0x55b640358817
runtime.goexit({})
	/usr/lib/golang/src/runtime/asm_amd64.s:1771 +0x1 fp=0x115fa6508fe8 sp=0x115fa6508fe0 pc=0x55b6403b7b41
created by runtime.gcBgMarkStartWorkers in goroutine 1
	/usr/lib/golang/src/runtime/mgc.go:1695 +0x105

goroutine 64 gp=0x115fa63a0000 m=nil [GC worker (idle)]:
runtime.gopark(0x0?, 0x0?, 0x0?, 0x0?, 0x0?)
	/usr/lib/golang/src/runtime/proc.go:462 +0xce fp=0x115fa6509740 sp=0x115fa6509720 pc=0x55b6403b00ae
runtime.gcBgMarkWorker(0x115fa5e141c0)
	/usr/lib/golang/src/runtime/mgc.go:1791 +0xeb fp=0x115fa65097c8 sp=0x115fa6509740 pc=0x55b64035892b
runtime.gcBgMarkStartWorkers.gowrap1()
	/usr/lib/golang/src/runtime/mgc.go:1695 +0x17 fp=0x115fa65097e0 sp=0x115fa65097c8 pc=0x55b640358817
runtime.goexit({})
	/usr/lib/golang/src/runtime/asm_amd64.s:1771 +0x1 fp=0x115fa65097e8 sp=0x115fa65097e0 pc=0x55b6403b7b41
created by runtime.gcBgMarkStartWorkers in goroutine 1
	/usr/lib/golang/src/runtime/mgc.go:1695 +0x105

goroutine 65 gp=0x115fa63a01e0 m=nil [GC worker (idle)]:
runtime.gopark(0x0?, 0x0?, 0x0?, 0x0?, 0x0?)
	/usr/lib/golang/src/runtime/proc.go:462 +0xce fp=0x115fa6509f40 sp=0x115fa6509f20 pc=0x55b6403b00ae
runtime.gcBgMarkWorker(0x115fa5e141c0)
	/usr/lib/golang/src/runtime/mgc.go:1791 +0xeb fp=0x115fa6509fc8 sp=0x115fa6509f40 pc=0x55b64035892b
runtime.gcBgMarkStartWorkers.gowrap1()
	/usr/lib/golang/src/runtime/mgc.go:1695 +0x17 fp=0x115fa6509fe0 sp=0x115fa6509fc8 pc=0x55b640358817
runtime.goexit({})
	/usr/lib/golang/src/runtime/asm_amd64.s:1771 +0x1 fp=0x115fa6509fe8 sp=0x115fa6509fe0 pc=0x55b6403b7b41
created by runtime.gcBgMarkStartWorkers in goroutine 1
	/usr/lib/golang/src/runtime/mgc.go:1695 +0x105

goroutine 80 gp=0x115fa6505a40 m=nil [GC worker (idle)]:
runtime.gopark(0x0?, 0x0?, 0x0?, 0x0?, 0x0?)
	/usr/lib/golang/src/runtime/proc.go:462 +0xce fp=0x115fa650d740 sp=0x115fa650d720 pc=0x55b6403b00ae
runtime.gcBgMarkWorker(0x115fa5e141c0)
	/usr/lib/golang/src/runtime/mgc.go:1791 +0xeb fp=0x115fa650d7c8 sp=0x115fa650d740 pc=0x55b64035892b
runtime.gcBgMarkStartWorkers.gowrap1()
	/usr/lib/golang/src/runtime/mgc.go:1695 +0x17 fp=0x115fa650d7e0 sp=0x115fa650d7c8 pc=0x55b640358817
runtime.goexit({})
	/usr/lib/golang/src/runtime/asm_amd64.s:1771 +0x1 fp=0x115fa650d7e8 sp=0x115fa650d7e0 pc=0x55b6403b7b41
created by runtime.gcBgMarkStartWorkers in goroutine 1
	/usr/lib/golang/src/runtime/mgc.go:1695 +0x105

goroutine 81 gp=0x115fa6505c20 m=nil [GC worker (idle)]:
runtime.gopark(0x0?, 0x0?, 0x0?, 0x0?, 0x0?)
	/usr/lib/golang/src/runtime/proc.go:462 +0xce fp=0x115fa650df40 sp=0x115fa650df20 pc=0x55b6403b00ae
runtime.gcBgMarkWorker(0x115fa5e141c0)
	/usr/lib/golang/src/runtime/mgc.go:1791 +0xeb fp=0x115fa650dfc8 sp=0x115fa650df40 pc=0x55b64035892b
runtime.gcBgMarkStartWorkers.gowrap1()
	/usr/lib/golang/src/runtime/mgc.go:1695 +0x17 fp=0x115fa650dfe0 sp=0x115fa650dfc8 pc=0x55b640358817
runtime.goexit({})
	/usr/lib/golang/src/runtime/asm_amd64.s:1771 +0x1 fp=0x115fa650dfe8 sp=0x115fa650dfe0 pc=0x55b6403b7b41
created by runtime.gcBgMarkStartWorkers in goroutine 1
	/usr/lib/golang/src/runtime/mgc.go:1695 +0x105

goroutine 178 gp=0x115fa6510000 m=nil [GC worker (idle)]:
runtime.gopark(0x0?, 0x0?, 0x0?, 0x0?, 0x0?)
	/usr/lib/golang/src/runtime/proc.go:462 +0xce fp=0x115fa6516740 sp=0x115fa6516720 pc=0x55b6403b00ae
runtime.gcBgMarkWorker(0x115fa5e141c0)
	/usr/lib/golang/src/runtime/mgc.go:1791 +0xeb fp=0x115fa65167c8 sp=0x115fa6516740 pc=0x55b64035892b
runtime.gcBgMarkStartWorkers.gowrap1()
	/usr/lib/golang/src/runtime/mgc.go:1695 +0x17 fp=0x115fa65167e0 sp=0x115fa65167c8 pc=0x55b640358817
runtime.goexit({})
	/usr/lib/golang/src/runtime/asm_amd64.s:1771 +0x1 fp=0x115fa65167e8 sp=0x115fa65167e0 pc=0x55b6403b7b41
created by runtime.gcBgMarkStartWorkers in goroutine 1
	/usr/lib/golang/src/runtime/mgc.go:1695 +0x105

goroutine 179 gp=0x115fa65101e0 m=nil [GC worker (idle)]:
runtime.gopark(0x0?, 0x0?, 0x0?, 0x0?, 0x0?)
	/usr/lib/golang/src/runtime/proc.go:462 +0xce fp=0x115fa6516f40 sp=0x115fa6516f20 pc=0x55b6403b00ae
runtime.gcBgMarkWorker(0x115fa5e141c0)
	/usr/lib/golang/src/runtime/mgc.go:1791 +0xeb fp=0x115fa6516fc8 sp=0x115fa6516f40 pc=0x55b64035892b
runtime.gcBgMarkStartWorkers.gowrap1()
	/usr/lib/golang/src/runtime/mgc.go:1695 +0x17 fp=0x115fa6516fe0 sp=0x115fa6516fc8 pc=0x55b640358817
runtime.goexit({})
	/usr/lib/golang/src/runtime/asm_amd64.s:1771 +0x1 fp=0x115fa6516fe8 sp=0x115fa6516fe0 pc=0x55b6403b7b41
created by runtime.gcBgMarkStartWorkers in goroutine 1
	/usr/lib/golang/src/runtime/mgc.go:1695 +0x105

goroutine 180 gp=0x115fa65103c0 m=nil [GC worker (idle)]:
runtime.gopark(0x0?, 0x0?, 0x0?, 0x0?, 0x0?)
	/usr/lib/golang/src/runtime/proc.go:462 +0xce fp=0x115fa6517740 sp=0x115fa6517720 pc=0x55b6403b00ae
runtime.gcBgMarkWorker(0x115fa5e141c0)
	/usr/lib/golang/src/runtime/mgc.go:1791 +0xeb fp=0x115fa65177c8 sp=0x115fa6517740 pc=0x55b64035892b
runtime.gcBgMarkStartWorkers.gowrap1()
	/usr/lib/golang/src/runtime/mgc.go:1695 +0x17 fp=0x115fa65177e0 sp=0x115fa65177c8 pc=0x55b640358817
runtime.goexit({})
	/usr/lib/golang/src/runtime/asm_amd64.s:1771 +0x1 fp=0x115fa65177e8 sp=0x115fa65177e0 pc=0x55b6403b7b41
created by runtime.gcBgMarkStartWorkers in goroutine 1
	/usr/lib/golang/src/runtime/mgc.go:1695 +0x105

goroutine 181 gp=0x115fa65105a0 m=nil [GC worker (idle)]:
runtime.gopark(0x0?, 0x0?, 0x0?, 0x0?, 0x0?)
	/usr/lib/golang/src/runtime/proc.go:462 +0xce fp=0x115fa6517f40 sp=0x115fa6517f20 pc=0x55b6403b00ae
runtime.gcBgMarkWorker(0x115fa5e141c0)
	/usr/lib/golang/src/runtime/mgc.go:1791 +0xeb fp=0x115fa6517fc8 sp=0x115fa6517f40 pc=0x55b64035892b
runtime.gcBgMarkStartWorkers.gowrap1()
	/usr/lib/golang/src/runtime/mgc.go:1695 +0x17 fp=0x115fa6517fe0 sp=0x115fa6517fc8 pc=0x55b640358817
runtime.goexit({})
	/usr/lib/golang/src/runtime/asm_amd64.s:1771 +0x1 fp=0x115fa6517fe8 sp=0x115fa6517fe0 pc=0x55b6403b7b41
created by runtime.gcBgMarkStartWorkers in goroutine 1
	/usr/lib/golang/src/runtime/mgc.go:1695 +0x105

goroutine 194 gp=0x115fa6449a40 m=nil [GC worker (idle)]:
runtime.gopark(0x0?, 0x0?, 0x0?, 0x0?, 0x0?)
	/usr/lib/golang/src/runtime/proc.go:462 +0xce fp=0x115fa6443f40 sp=0x115fa6443f20 pc=0x55b6403b00ae
runtime.gcBgMarkWorker(0x115fa5e141c0)
	/usr/lib/golang/src/runtime/mgc.go:1791 +0xeb fp=0x115fa6443fc8 sp=0x115fa6443f40 pc=0x55b64035892b
runtime.gcBgMarkStartWorkers.gowrap1()
	/usr/lib/golang/src/runtime/mgc.go:1695 +0x17 fp=0x115fa6443fe0 sp=0x115fa6443fc8 pc=0x55b640358817
runtime.goexit({})
	/usr/lib/golang/src/runtime/asm_amd64.s:1771 +0x1 fp=0x115fa6443fe8 sp=0x115fa6443fe0 pc=0x55b6403b7b41
created by runtime.gcBgMarkStartWorkers in goroutine 1
	/usr/lib/golang/src/runtime/mgc.go:1695 +0x105

goroutine 195 gp=0x115fa6449c20 m=nil [GC worker (idle)]:
runtime.gopark(0x0?, 0x0?, 0x0?, 0x0?, 0x0?)
	/usr/lib/golang/src/runtime/proc.go:462 +0xce fp=0x115fa6512740 sp=0x115fa6512720 pc=0x55b6403b00ae
runtime.gcBgMarkWorker(0x115fa5e141c0)
	/usr/lib/golang/src/runtime/mgc.go:1791 +0xeb fp=0x115fa65127c8 sp=0x115fa6512740 pc=0x55b64035892b
runtime.gcBgMarkStartWorkers.gowrap1()
	/usr/lib/golang/src/runtime/mgc.go:1695 +0x17 fp=0x115fa65127e0 sp=0x115fa65127c8 pc=0x55b640358817
runtime.goexit({})
	/usr/lib/golang/src/runtime/asm_amd64.s:1771 +0x1 fp=0x115fa65127e8 sp=0x115fa65127e0 pc=0x55b6403b7b41
created by runtime.gcBgMarkStartWorkers in goroutine 1
	/usr/lib/golang/src/runtime/mgc.go:1695 +0x105

goroutine 196 gp=0x115fa644c000 m=nil [GC worker (idle)]:
runtime.gopark(0x0?, 0x0?, 0x0?, 0x0?, 0x0?)
	/usr/lib/golang/src/runtime/proc.go:462 +0xce fp=0x115fa6512f40 sp=0x115fa6512f20 pc=0x55b6403b00ae
runtime.gcBgMarkWorker(0x115fa5e141c0)
	/usr/lib/golang/src/runtime/mgc.go:1791 +0xeb fp=0x115fa6512fc8 sp=0x115fa6512f40 pc=0x55b64035892b
runtime.gcBgMarkStartWorkers.gowrap1()
	/usr/lib/golang/src/runtime/mgc.go:1695 +0x17 fp=0x115fa6512fe0 sp=0x115fa6512fc8 pc=0x55b640358817
runtime.goexit({})
	/usr/lib/golang/src/runtime/asm_amd64.s:1771 +0x1 fp=0x115fa6512fe8 sp=0x115fa6512fe0 pc=0x55b6403b7b41
created by runtime.gcBgMarkStartWorkers in goroutine 1
	/usr/lib/golang/src/runtime/mgc.go:1695 +0x105

goroutine 197 gp=0x115fa644c1e0 m=nil [GC worker (idle)]:
runtime.gopark(0x0?, 0x0?, 0x0?, 0x0?, 0x0?)
	/usr/lib/golang/src/runtime/proc.go:462 +0xce fp=0x115fa6513740 sp=0x115fa6513720 pc=0x55b6403b00ae
runtime.gcBgMarkWorker(0x115fa5e141c0)
	/usr/lib/golang/src/runtime/mgc.go:1791 +0xeb fp=0x115fa65137c8 sp=0x115fa6513740 pc=0x55b64035892b
runtime.gcBgMarkStartWorkers.gowrap1()
	/usr/lib/golang/src/runtime/mgc.go:1695 +0x17 fp=0x115fa65137e0 sp=0x115fa65137c8 pc=0x55b640358817
runtime.goexit({})
	/usr/lib/golang/src/runtime/asm_amd64.s:1771 +0x1 fp=0x115fa65137e8 sp=0x115fa65137e0 pc=0x55b6403b7b41
created by runtime.gcBgMarkStartWorkers in goroutine 1
	/usr/lib/golang/src/runtime/mgc.go:1695 +0x105

goroutine 198 gp=0x115fa644c3c0 m=nil [GC worker (idle)]:
runtime.gopark(0x0?, 0x0?, 0x0?, 0x0?, 0x0?)
	/usr/lib/golang/src/runtime/proc.go:462 +0xce fp=0x115fa6513f40 sp=0x115fa6513f20 pc=0x55b6403b00ae
runtime.gcBgMarkWorker(0x115fa5e141c0)
	/usr/lib/golang/src/runtime/mgc.go:1791 +0xeb fp=0x115fa6513fc8 sp=0x115fa6513f40 pc=0x55b64035892b
runtime.gcBgMarkStartWorkers.gowrap1()
	/usr/lib/golang/src/runtime/mgc.go:1695 +0x17 fp=0x115fa6513fe0 sp=0x115fa6513fc8 pc=0x55b640358817
runtime.goexit({})
	/usr/lib/golang/src/runtime/asm_amd64.s:1771 +0x1 fp=0x115fa6513fe8 sp=0x115fa6513fe0 pc=0x55b6403b7b41
created by runtime.gcBgMarkStartWorkers in goroutine 1
	/usr/lib/golang/src/runtime/mgc.go:1695 +0x105

goroutine 199 gp=0x115fa644c5a0 m=nil [GC worker (idle)]:
runtime.gopark(0x0?, 0x0?, 0x0?, 0x0?, 0x0?)
	/usr/lib/golang/src/runtime/proc.go:462 +0xce fp=0x115fa6514740 sp=0x115fa6514720 pc=0x55b6403b00ae
runtime.gcBgMarkWorker(0x115fa5e141c0)
	/usr/lib/golang/src/runtime/mgc.go:1791 +0xeb fp=0x115fa65147c8 sp=0x115fa6514740 pc=0x55b64035892b
runtime.gcBgMarkStartWorkers.gowrap1()
	/usr/lib/golang/src/runtime/mgc.go:1695 +0x17 fp=0x115fa65147e0 sp=0x115fa65147c8 pc=0x55b640358817
runtime.goexit({})
	/usr/lib/golang/src/runtime/asm_amd64.s:1771 +0x1 fp=0x115fa65147e8 sp=0x115fa65147e0 pc=0x55b6403b7b41
created by runtime.gcBgMarkStartWorkers in goroutine 1
	/usr/lib/golang/src/runtime/mgc.go:1695 +0x105

goroutine 200 gp=0x115fa644c780 m=nil [GC worker (idle)]:
runtime.gopark(0x0?, 0x0?, 0x0?, 0x0?, 0x0?)
	/usr/lib/golang/src/runtime/proc.go:462 +0xce fp=0x115fa6514f40 sp=0x115fa6514f20 pc=0x55b6403b00ae
runtime.gcBgMarkWorker(0x115fa5e141c0)
	/usr/lib/golang/src/runtime/mgc.go:1791 +0xeb fp=0x115fa6514fc8 sp=0x115fa6514f40 pc=0x55b64035892b
runtime.gcBgMarkStartWorkers.gowrap1()
	/usr/lib/golang/src/runtime/mgc.go:1695 +0x17 fp=0x115fa6514fe0 sp=0x115fa6514fc8 pc=0x55b640358817
runtime.goexit({})
	/usr/lib/golang/src/runtime/asm_amd64.s:1771 +0x1 fp=0x115fa6514fe8 sp=0x115fa6514fe0 pc=0x55b6403b7b41
created by runtime.gcBgMarkStartWorkers in goroutine 1
	/usr/lib/golang/src/runtime/mgc.go:1695 +0x105

goroutine 201 gp=0x115fa644c960 m=nil [GC worker (idle)]:
runtime.gopark(0x0?, 0x0?, 0x0?, 0x0?, 0x0?)
	/usr/lib/golang/src/runtime/proc.go:462 +0xce fp=0x115fa6515740 sp=0x115fa6515720 pc=0x55b6403b00ae
runtime.gcBgMarkWorker(0x115fa5e141c0)
	/usr/lib/golang/src/runtime/mgc.go:1791 +0xeb fp=0x115fa65157c8 sp=0x115fa6515740 pc=0x55b64035892b
runtime.gcBgMarkStartWorkers.gowrap1()
	/usr/lib/golang/src/runtime/mgc.go:1695 +0x17 fp=0x115fa65157e0 sp=0x115fa65157c8 pc=0x55b640358817
runtime.goexit({})
	/usr/lib/golang/src/runtime/asm_amd64.s:1771 +0x1 fp=0x115fa65157e8 sp=0x115fa65157e0 pc=0x55b6403b7b41
created by runtime.gcBgMarkStartWorkers in goroutine 1
	/usr/lib/golang/src/runtime/mgc.go:1695 +0x105

goroutine 202 gp=0x115fa644cb40 m=nil [GC worker (idle)]:
runtime.gopark(0x0?, 0x0?, 0x0?, 0x0?, 0x0?)
	/usr/lib/golang/src/runtime/proc.go:462 +0xce fp=0x115fa6515f40 sp=0x115fa6515f20 pc=0x55b6403b00ae
runtime.gcBgMarkWorker(0x115fa5e141c0)
	/usr/lib/golang/src/runtime/mgc.go:1791 +0xeb fp=0x115fa6515fc8 sp=0x115fa6515f40 pc=0x55b64035892b
runtime.gcBgMarkStartWorkers.gowrap1()
	/usr/lib/golang/src/runtime/mgc.go:1695 +0x17 fp=0x115fa6515fe0 sp=0x115fa6515fc8 pc=0x55b640358817
runtime.goexit({})
	/usr/lib/golang/src/runtime/asm_amd64.s:1771 +0x1 fp=0x115fa6515fe8 sp=0x115fa6515fe0 pc=0x55b6403b7b41
created by runtime.gcBgMarkStartWorkers in goroutine 1
	/usr/lib/golang/src/runtime/mgc.go:1695 +0x105

goroutine 203 gp=0x115fa644cd20 m=nil [GC worker (idle)]:
runtime.gopark(0x0?, 0x0?, 0x0?, 0x0?, 0x0?)
	/usr/lib/golang/src/runtime/proc.go:462 +0xce fp=0x115fa6452740 sp=0x115fa6452720 pc=0x55b6403b00ae
runtime.gcBgMarkWorker(0x115fa5e141c0)
	/usr/lib/golang/src/runtime/mgc.go:1791 +0xeb fp=0x115fa64527c8 sp=0x115fa6452740 pc=0x55b64035892b
runtime.gcBgMarkStartWorkers.gowrap1()
	/usr/lib/golang/src/runtime/mgc.go:1695 +0x17 fp=0x115fa64527e0 sp=0x115fa64527c8 pc=0x55b640358817
runtime.goexit({})
	/usr/lib/golang/src/runtime/asm_amd64.s:1771 +0x1 fp=0x115fa64527e8 sp=0x115fa64527e0 pc=0x55b6403b7b41
created by runtime.gcBgMarkStartWorkers in goroutine 1
	/usr/lib/golang/src/runtime/mgc.go:1695 +0x105

goroutine 204 gp=0x115fa644cf00 m=nil [GC worker (idle)]:
runtime.gopark(0x0?, 0x0?, 0x0?, 0x0?, 0x0?)
	/usr/lib/golang/src/runtime/proc.go:462 +0xce fp=0x115fa6452f40 sp=0x115fa6452f20 pc=0x55b6403b00ae
runtime.gcBgMarkWorker(0x115fa5e141c0)
	/usr/lib/golang/src/runtime/mgc.go:1791 +0xeb fp=0x115fa6452fc8 sp=0x115fa6452f40 pc=0x55b64035892b
runtime.gcBgMarkStartWorkers.gowrap1()
	/usr/lib/golang/src/runtime/mgc.go:1695 +0x17 fp=0x115fa6452fe0 sp=0x115fa6452fc8 pc=0x55b640358817
runtime.goexit({})
	/usr/lib/golang/src/runtime/asm_amd64.s:1771 +0x1 fp=0x115fa6452fe8 sp=0x115fa6452fe0 pc=0x55b6403b7b41
created by runtime.gcBgMarkStartWorkers in goroutine 1
	/usr/lib/golang/src/runtime/mgc.go:1695 +0x105

goroutine 205 gp=0x115fa644d0e0 m=nil [GC worker (idle)]:
runtime.gopark(0x0?, 0x0?, 0x0?, 0x0?, 0x0?)
	/usr/lib/golang/src/runtime/proc.go:462 +0xce fp=0x115fa6453740 sp=0x115fa6453720 pc=0x55b6403b00ae
runtime.gcBgMarkWorker(0x115fa5e141c0)
	/usr/lib/golang/src/runtime/mgc.go:1791 +0xeb fp=0x115fa64537c8 sp=0x115fa6453740 pc=0x55b64035892b
runtime.gcBgMarkStartWorkers.gowrap1()
	/usr/lib/golang/src/runtime/mgc.go:1695 +0x17 fp=0x115fa64537e0 sp=0x115fa64537c8 pc=0x55b640358817
runtime.goexit({})
	/usr/lib/golang/src/runtime/asm_amd64.s:1771 +0x1 fp=0x115fa64537e8 sp=0x115fa64537e0 pc=0x55b6403b7b41
created by runtime.gcBgMarkStartWorkers in goroutine 1
	/usr/lib/golang/src/runtime/mgc.go:1695 +0x105

goroutine 206 gp=0x115fa644d2c0 m=nil [GC worker (idle)]:
runtime.gopark(0x0?, 0x0?, 0x0?, 0x0?, 0x0?)
	/usr/lib/golang/src/runtime/proc.go:462 +0xce fp=0x115fa6453f40 sp=0x115fa6453f20 pc=0x55b6403b00ae
runtime.gcBgMarkWorker(0x115fa5e141c0)
	/usr/lib/golang/src/runtime/mgc.go:1791 +0xeb fp=0x115fa6453fc8 sp=0x115fa6453f40 pc=0x55b64035892b
runtime.gcBgMarkStartWorkers.gowrap1()
	/usr/lib/golang/src/runtime/mgc.go:1695 +0x17 fp=0x115fa6453fe0 sp=0x115fa6453fc8 pc=0x55b640358817
runtime.goexit({})
	/usr/lib/golang/src/runtime/asm_amd64.s:1771 +0x1 fp=0x115fa6453fe8 sp=0x115fa6453fe0 pc=0x55b6403b7b41
created by runtime.gcBgMarkStartWorkers in goroutine 1
	/usr/lib/golang/src/runtime/mgc.go:1695 +0x105

goroutine 207 gp=0x115fa644d4a0 m=nil [GC worker (idle)]:
runtime.gopark(0x0?, 0x0?, 0x0?, 0x0?, 0x0?)
	/usr/lib/golang/src/runtime/proc.go:462 +0xce fp=0x115fa6454740 sp=0x115fa6454720 pc=0x55b6403b00ae
runtime.gcBgMarkWorker(0x115fa5e141c0)
	/usr/lib/golang/src/runtime/mgc.go:1791 +0xeb fp=0x115fa64547c8 sp=0x115fa6454740 pc=0x55b64035892b
runtime.gcBgMarkStartWorkers.gowrap1()
	/usr/lib/golang/src/runtime/mgc.go:1695 +0x17 fp=0x115fa64547e0 sp=0x115fa64547c8 pc=0x55b640358817
runtime.goexit({})
	/usr/lib/golang/src/runtime/asm_amd64.s:1771 +0x1 fp=0x115fa64547e8 sp=0x115fa64547e0 pc=0x55b6403b7b41
created by runtime.gcBgMarkStartWorkers in goroutine 1
	/usr/lib/golang/src/runtime/mgc.go:1695 +0x105

goroutine 208 gp=0x115fa644d680 m=nil [GC worker (idle)]:
runtime.gopark(0x0?, 0x0?, 0x0?, 0x0?, 0x0?)
	/usr/lib/golang/src/runtime/proc.go:462 +0xce fp=0x115fa6454f40 sp=0x115fa6454f20 pc=0x55b6403b00ae
runtime.gcBgMarkWorker(0x115fa5e141c0)
	/usr/lib/golang/src/runtime/mgc.go:1791 +0xeb fp=0x115fa6454fc8 sp=0x115fa6454f40 pc=0x55b64035892b
runtime.gcBgMarkStartWorkers.gowrap1()
	/usr/lib/golang/src/runtime/mgc.go:1695 +0x17 fp=0x115fa6454fe0 sp=0x115fa6454fc8 pc=0x55b640358817
runtime.goexit({})
	/usr/lib/golang/src/runtime/asm_amd64.s:1771 +0x1 fp=0x115fa6454fe8 sp=0x115fa6454fe0 pc=0x55b6403b7b41
created by runtime.gcBgMarkStartWorkers in goroutine 1
	/usr/lib/golang/src/runtime/mgc.go:1695 +0x105

goroutine 182 gp=0x115fa6510780 m=nil [GC worker (idle)]:
runtime.gopark(0x0?, 0x0?, 0x0?, 0x0?, 0x0?)
	/usr/lib/golang/src/runtime/proc.go:462 +0xce fp=0x115fa6518740 sp=0x115fa6518720 pc=0x55b6403b00ae
runtime.gcBgMarkWorker(0x115fa5e141c0)
	/usr/lib/golang/src/runtime/mgc.go:1791 +0xeb fp=0x115fa65187c8 sp=0x115fa6518740 pc=0x55b64035892b
runtime.gcBgMarkStartWorkers.gowrap1()
	/usr/lib/golang/src/runtime/mgc.go:1695 +0x17 fp=0x115fa65187e0 sp=0x115fa65187c8 pc=0x55b640358817
runtime.goexit({})
	/usr/lib/golang/src/runtime/asm_amd64.s:1771 +0x1 fp=0x115fa65187e8 sp=0x115fa65187e0 pc=0x55b6403b7b41
created by runtime.gcBgMarkStartWorkers in goroutine 1
	/usr/lib/golang/src/runtime/mgc.go:1695 +0x105

goroutine 209 gp=0x115fa644d860 m=nil [GC worker (idle)]:
runtime.gopark(0x0?, 0x0?, 0x0?, 0x0?, 0x0?)
	/usr/lib/golang/src/runtime/proc.go:462 +0xce fp=0x115fa6455740 sp=0x115fa6455720 pc=0x55b6403b00ae
runtime.gcBgMarkWorker(0x115fa5e141c0)
	/usr/lib/golang/src/runtime/mgc.go:1791 +0xeb fp=0x115fa64557c8 sp=0x115fa6455740 pc=0x55b64035892b
runtime.gcBgMarkStartWorkers.gowrap1()
	/usr/lib/golang/src/runtime/mgc.go:1695 +0x17 fp=0x115fa64557e0 sp=0x115fa64557c8 pc=0x55b640358817
runtime.goexit({})
	/usr/lib/golang/src/runtime/asm_amd64.s:1771 +0x1 fp=0x115fa64557e8 sp=0x115fa64557e0 pc=0x55b6403b7b41
created by runtime.gcBgMarkStartWorkers in goroutine 1
	/usr/lib/golang/src/runtime/mgc.go:1695 +0x105

goroutine 210 gp=0x115fa644da40 m=nil [GC worker (idle)]:
runtime.gopark(0x0?, 0x0?, 0x0?, 0x0?, 0x0?)
	/usr/lib/golang/src/runtime/proc.go:462 +0xce fp=0x115fa6455f40 sp=0x115fa6455f20 pc=0x55b6403b00ae
runtime.gcBgMarkWorker(0x115fa5e141c0)
	/usr/lib/golang/src/runtime/mgc.go:1791 +0xeb fp=0x115fa6455fc8 sp=0x115fa6455f40 pc=0x55b64035892b
runtime.gcBgMarkStartWorkers.gowrap1()
	/usr/lib/golang/src/runtime/mgc.go:1695 +0x17 fp=0x115fa6455fe0 sp=0x115fa6455fc8 pc=0x55b640358817
runtime.goexit({})
	/usr/lib/golang/src/runtime/asm_amd64.s:1771 +0x1 fp=0x115fa6455fe8 sp=0x115fa6455fe0 pc=0x55b6403b7b41
created by runtime.gcBgMarkStartWorkers in goroutine 1
	/usr/lib/golang/src/runtime/mgc.go:1695 +0x105

goroutine 211 gp=0x115fa644dc20 m=nil [GC worker (idle)]:
runtime.gopark(0x0?, 0x0?, 0x0?, 0x0?, 0x0?)
	/usr/lib/golang/src/runtime/proc.go:462 +0xce fp=0x115fa644e740 sp=0x115fa644e720 pc=0x55b6403b00ae
runtime.gcBgMarkWorker(0x115fa5e141c0)
	/usr/lib/golang/src/runtime/mgc.go:1791 +0xeb fp=0x115fa644e7c8 sp=0x115fa644e740 pc=0x55b64035892b
runtime.gcBgMarkStartWorkers.gowrap1()
	/usr/lib/golang/src/runtime/mgc.go:1695 +0x17 fp=0x115fa644e7e0 sp=0x115fa644e7c8 pc=0x55b640358817
runtime.goexit({})
	/usr/lib/golang/src/runtime/asm_amd64.s:1771 +0x1 fp=0x115fa644e7e8 sp=0x115fa644e7e0 pc=0x55b6403b7b41
created by runtime.gcBgMarkStartWorkers in goroutine 1
	/usr/lib/golang/src/runtime/mgc.go:1695 +0x105

goroutine 212 gp=0x115fa6458000 m=nil [GC worker (idle)]:
runtime.gopark(0x0?, 0x0?, 0x0?, 0x0?, 0x0?)
	/usr/lib/golang/src/runtime/proc.go:462 +0xce fp=0x115fa644ef40 sp=0x115fa644ef20 pc=0x55b6403b00ae
runtime.gcBgMarkWorker(0x115fa5e141c0)
	/usr/lib/golang/src/runtime/mgc.go:1791 +0xeb fp=0x115fa644efc8 sp=0x115fa644ef40 pc=0x55b64035892b
runtime.gcBgMarkStartWorkers.gowrap1()
	/usr/lib/golang/src/runtime/mgc.go:1695 +0x17 fp=0x115fa644efe0 sp=0x115fa644efc8 pc=0x55b640358817
runtime.goexit({})
	/usr/lib/golang/src/runtime/asm_amd64.s:1771 +0x1 fp=0x115fa644efe8 sp=0x115fa644efe0 pc=0x55b6403b7b41
created by runtime.gcBgMarkStartWorkers in goroutine 1
	/usr/lib/golang/src/runtime/mgc.go:1695 +0x105

goroutine 213 gp=0x115fa64581e0 m=nil [GC worker (idle)]:
runtime.gopark(0x0?, 0x0?, 0x0?, 0x0?, 0x0?)
	/usr/lib/golang/src/runtime/proc.go:462 +0xce fp=0x115fa644f740 sp=0x115fa644f720 pc=0x55b6403b00ae
runtime.gcBgMarkWorker(0x115fa5e141c0)
	/usr/lib/golang/src/runtime/mgc.go:1791 +0xeb fp=0x115fa644f7c8 sp=0x115fa644f740 pc=0x55b64035892b
runtime.gcBgMarkStartWorkers.gowrap1()
	/usr/lib/golang/src/runtime/mgc.go:1695 +0x17 fp=0x115fa644f7e0 sp=0x115fa644f7c8 pc=0x55b640358817
runtime.goexit({})
	/usr/lib/golang/src/runtime/asm_amd64.s:1771 +0x1 fp=0x115fa644f7e8 sp=0x115fa644f7e0 pc=0x55b6403b7b41
created by runtime.gcBgMarkStartWorkers in goroutine 1
	/usr/lib/golang/src/runtime/mgc.go:1695 +0x105

goroutine 214 gp=0x115fa64583c0 m=nil [GC worker (idle)]:
runtime.gopark(0x0?, 0x0?, 0x0?, 0x0?, 0x0?)
	/usr/lib/golang/src/runtime/proc.go:462 +0xce fp=0x115fa644ff40 sp=0x115fa644ff20 pc=0x55b6403b00ae
runtime.gcBgMarkWorker(0x115fa5e141c0)
	/usr/lib/golang/src/runtime/mgc.go:1791 +0xeb fp=0x115fa644ffc8 sp=0x115fa644ff40 pc=0x55b64035892b
runtime.gcBgMarkStartWorkers.gowrap1()
	/usr/lib/golang/src/runtime/mgc.go:1695 +0x17 fp=0x115fa644ffe0 sp=0x115fa644ffc8 pc=0x55b640358817
runtime.goexit({})
	/usr/lib/golang/src/runtime/asm_amd64.s:1771 +0x1 fp=0x115fa644ffe8 sp=0x115fa644ffe0 pc=0x55b6403b7b41
created by runtime.gcBgMarkStartWorkers in goroutine 1
	/usr/lib/golang/src/runtime/mgc.go:1695 +0x105

goroutine 215 gp=0x115fa64585a0 m=nil [GC worker (idle)]:
runtime.gopark(0x0?, 0x0?, 0x0?, 0x0?, 0x0?)
	/usr/lib/golang/src/runtime/proc.go:462 +0xce fp=0x115fa6450740 sp=0x115fa6450720 pc=0x55b6403b00ae
runtime.gcBgMarkWorker(0x115fa5e141c0)
	/usr/lib/golang/src/runtime/mgc.go:1791 +0xeb fp=0x115fa64507c8 sp=0x115fa6450740 pc=0x55b64035892b
runtime.gcBgMarkStartWorkers.gowrap1()
	/usr/lib/golang/src/runtime/mgc.go:1695 +0x17 fp=0x115fa64507e0 sp=0x115fa64507c8 pc=0x55b640358817
runtime.goexit({})
	/usr/lib/golang/src/runtime/asm_amd64.s:1771 +0x1 fp=0x115fa64507e8 sp=0x115fa64507e0 pc=0x55b6403b7b41
created by runtime.gcBgMarkStartWorkers in goroutine 1
	/usr/lib/golang/src/runtime/mgc.go:1695 +0x105

goroutine 216 gp=0x115fa6458780 m=nil [GC worker (idle)]:
runtime.gopark(0x0?, 0x0?, 0x0?, 0x0?, 0x0?)
	/usr/lib/golang/src/runtime/proc.go:462 +0xce fp=0x115fa6450f40 sp=0x115fa6450f20 pc=0x55b6403b00ae
runtime.gcBgMarkWorker(0x115fa5e141c0)
	/usr/lib/golang/src/runtime/mgc.go:1791 +0xeb fp=0x115fa6450fc8 sp=0x115fa6450f40 pc=0x55b64035892b
runtime.gcBgMarkStartWorkers.gowrap1()
	/usr/lib/golang/src/runtime/mgc.go:1695 +0x17 fp=0x115fa6450fe0 sp=0x115fa6450fc8 pc=0x55b640358817
runtime.goexit({})
	/usr/lib/golang/src/runtime/asm_amd64.s:1771 +0x1 fp=0x115fa6450fe8 sp=0x115fa6450fe0 pc=0x55b6403b7b41
created by runtime.gcBgMarkStartWorkers in goroutine 1
	/usr/lib/golang/src/runtime/mgc.go:1695 +0x105

goroutine 217 gp=0x115fa6458960 m=nil [GC worker (idle)]:
runtime.gopark(0x0?, 0x0?, 0x0?, 0x0?, 0x0?)
	/usr/lib/golang/src/runtime/proc.go:462 +0xce fp=0x115fa6451740 sp=0x115fa6451720 pc=0x55b6403b00ae
runtime.gcBgMarkWorker(0x115fa5e141c0)
	/usr/lib/golang/src/runtime/mgc.go:1791 +0xeb fp=0x115fa64517c8 sp=0x115fa6451740 pc=0x55b64035892b
runtime.gcBgMarkStartWorkers.gowrap1()
	/usr/lib/golang/src/runtime/mgc.go:1695 +0x17 fp=0x115fa64517e0 sp=0x115fa64517c8 pc=0x55b640358817
runtime.goexit({})
	/usr/lib/golang/src/runtime/asm_amd64.s:1771 +0x1 fp=0x115fa64517e8 sp=0x115fa64517e0 pc=0x55b6403b7b41
created by runtime.gcBgMarkStartWorkers in goroutine 1
	/usr/lib/golang/src/runtime/mgc.go:1695 +0x105

goroutine 218 gp=0x115fa6458b40 m=nil [GC worker (idle)]:
runtime.gopark(0x0?, 0x0?, 0x0?, 0x0?, 0x0?)
	/usr/lib/golang/src/runtime/proc.go:462 +0xce fp=0x115fa6451f40 sp=0x115fa6451f20 pc=0x55b6403b00ae
runtime.gcBgMarkWorker(0x115fa5e141c0)
	/usr/lib/golang/src/runtime/mgc.go:1791 +0xeb fp=0x115fa6451fc8 sp=0x115fa6451f40 pc=0x55b64035892b
runtime.gcBgMarkStartWorkers.gowrap1()
	/usr/lib/golang/src/runtime/mgc.go:1695 +0x17 fp=0x115fa6451fe0 sp=0x115fa6451fc8 pc=0x55b640358817
runtime.goexit({})
	/usr/lib/golang/src/runtime/asm_amd64.s:1771 +0x1 fp=0x115fa6451fe8 sp=0x115fa6451fe0 pc=0x55b6403b7b41
created by runtime.gcBgMarkStartWorkers in goroutine 1
	/usr/lib/golang/src/runtime/mgc.go:1695 +0x105

goroutine 219 gp=0x115fa6458d20 m=nil [GC worker (idle)]:
runtime.gopark(0x0?, 0x0?, 0x0?, 0x0?, 0x0?)
	/usr/lib/golang/src/runtime/proc.go:462 +0xce fp=0x115fa645e740 sp=0x115fa645e720 pc=0x55b6403b00ae
runtime.gcBgMarkWorker(0x115fa5e141c0)
	/usr/lib/golang/src/runtime/mgc.go:1791 +0xeb fp=0x115fa645e7c8 sp=0x115fa645e740 pc=0x55b64035892b
runtime.gcBgMarkStartWorkers.gowrap1()
	/usr/lib/golang/src/runtime/mgc.go:1695 +0x17 fp=0x115fa645e7e0 sp=0x115fa645e7c8 pc=0x55b640358817
runtime.goexit({})
	/usr/lib/golang/src/runtime/asm_amd64.s:1771 +0x1 fp=0x115fa645e7e8 sp=0x115fa645e7e0 pc=0x55b6403b7b41
created by runtime.gcBgMarkStartWorkers in goroutine 1
	/usr/lib/golang/src/runtime/mgc.go:1695 +0x105

goroutine 220 gp=0x115fa6458f00 m=nil [GC worker (idle)]:
runtime.gopark(0x0?, 0x0?, 0x0?, 0x0?, 0x0?)
	/usr/lib/golang/src/runtime/proc.go:462 +0xce fp=0x115fa645ef40 sp=0x115fa645ef20 pc=0x55b6403b00ae
runtime.gcBgMarkWorker(0x115fa5e141c0)
	/usr/lib/golang/src/runtime/mgc.go:1791 +0xeb fp=0x115fa645efc8 sp=0x115fa645ef40 pc=0x55b64035892b
runtime.gcBgMarkStartWorkers.gowrap1()
	/usr/lib/golang/src/runtime/mgc.go:1695 +0x17 fp=0x115fa645efe0 sp=0x115fa645efc8 pc=0x55b640358817
runtime.goexit({})
	/usr/lib/golang/src/runtime/asm_amd64.s:1771 +0x1 fp=0x115fa645efe8 sp=0x115fa645efe0 pc=0x55b6403b7b41
created by runtime.gcBgMarkStartWorkers in goroutine 1
	/usr/lib/golang/src/runtime/mgc.go:1695 +0x105

goroutine 221 gp=0x115fa64590e0 m=nil [GC worker (idle)]:
runtime.gopark(0x0?, 0x0?, 0x0?, 0x0?, 0x0?)
	/usr/lib/golang/src/runtime/proc.go:462 +0xce fp=0x115fa645f740 sp=0x115fa645f720 pc=0x55b6403b00ae
runtime.gcBgMarkWorker(0x115fa5e141c0)
	/usr/lib/golang/src/runtime/mgc.go:1791 +0xeb fp=0x115fa645f7c8 sp=0x115fa645f740 pc=0x55b64035892b
runtime.gcBgMarkStartWorkers.gowrap1()
	/usr/lib/golang/src/runtime/mgc.go:1695 +0x17 fp=0x115fa645f7e0 sp=0x115fa645f7c8 pc=0x55b640358817
runtime.goexit({})
	/usr/lib/golang/src/runtime/asm_amd64.s:1771 +0x1 fp=0x115fa645f7e8 sp=0x115fa645f7e0 pc=0x55b6403b7b41
created by runtime.gcBgMarkStartWorkers in goroutine 1
	/usr/lib/golang/src/runtime/mgc.go:1695 +0x105

goroutine 222 gp=0x115fa64592c0 m=nil [GC worker (idle)]:
runtime.gopark(0x0?, 0x0?, 0x0?, 0x0?, 0x0?)
	/usr/lib/golang/src/runtime/proc.go:462 +0xce fp=0x115fa645ff40 sp=0x115fa645ff20 pc=0x55b6403b00ae
runtime.gcBgMarkWorker(0x115fa5e141c0)
	/usr/lib/golang/src/runtime/mgc.go:1791 +0xeb fp=0x115fa645ffc8 sp=0x115fa645ff40 pc=0x55b64035892b
runtime.gcBgMarkStartWorkers.gowrap1()
	/usr/lib/golang/src/runtime/mgc.go:1695 +0x17 fp=0x115fa645ffe0 sp=0x115fa645ffc8 pc=0x55b640358817
runtime.goexit({})
	/usr/lib/golang/src/runtime/asm_amd64.s:1771 +0x1 fp=0x115fa645ffe8 sp=0x115fa645ffe0 pc=0x55b6403b7b41
created by runtime.gcBgMarkStartWorkers in goroutine 1
	/usr/lib/golang/src/runtime/mgc.go:1695 +0x105

goroutine 223 gp=0x115fa64594a0 m=nil [GC worker (idle)]:
runtime.gopark(0x0?, 0x0?, 0x0?, 0x0?, 0x0?)
	/usr/lib/golang/src/runtime/proc.go:462 +0xce fp=0x115fa6460740 sp=0x115fa6460720 pc=0x55b6403b00ae
runtime.gcBgMarkWorker(0x115fa5e141c0)
	/usr/lib/golang/src/runtime/mgc.go:1791 +0xeb fp=0x115fa64607c8 sp=0x115fa6460740 pc=0x55b64035892b
runtime.gcBgMarkStartWorkers.gowrap1()
	/usr/lib/golang/src/runtime/mgc.go:1695 +0x17 fp=0x115fa64607e0 sp=0x115fa64607c8 pc=0x55b640358817
runtime.goexit({})
	/usr/lib/golang/src/runtime/asm_amd64.s:1771 +0x1 fp=0x115fa64607e8 sp=0x115fa64607e0 pc=0x55b6403b7b41
created by runtime.gcBgMarkStartWorkers in goroutine 1
	/usr/lib/golang/src/runtime/mgc.go:1695 +0x105

goroutine 224 gp=0x115fa6459680 m=nil [GC worker (idle)]:
runtime.gopark(0x0?, 0x0?, 0x0?, 0x0?, 0x0?)
	/usr/lib/golang/src/runtime/proc.go:462 +0xce fp=0x115fa6460f40 sp=0x115fa6460f20 pc=0x55b6403b00ae
runtime.gcBgMarkWorker(0x115fa5e141c0)
	/usr/lib/golang/src/runtime/mgc.go:1791 +0xeb fp=0x115fa6460fc8 sp=0x115fa6460f40 pc=0x55b64035892b
runtime.gcBgMarkStartWorkers.gowrap1()
	/usr/lib/golang/src/runtime/mgc.go:1695 +0x17 fp=0x115fa6460fe0 sp=0x115fa6460fc8 pc=0x55b640358817
runtime.goexit({})
	/usr/lib/golang/src/runtime/asm_amd64.s:1771 +0x1 fp=0x115fa6460fe8 sp=0x115fa6460fe0 pc=0x55b6403b7b41
created by runtime.gcBgMarkStartWorkers in goroutine 1
	/usr/lib/golang/src/runtime/mgc.go:1695 +0x105

goroutine 225 gp=0x115fa6459860 m=nil [GC worker (idle)]:
runtime.gopark(0x0?, 0x0?, 0x0?, 0x0?, 0x0?)
	/usr/lib/golang/src/runtime/proc.go:462 +0xce fp=0x115fa6461740 sp=0x115fa6461720 pc=0x55b6403b00ae
runtime.gcBgMarkWorker(0x115fa5e141c0)
	/usr/lib/golang/src/runtime/mgc.go:1791 +0xeb fp=0x115fa64617c8 sp=0x115fa6461740 pc=0x55b64035892b
runtime.gcBgMarkStartWorkers.gowrap1()
	/usr/lib/golang/src/runtime/mgc.go:1695 +0x17 fp=0x115fa64617e0 sp=0x115fa64617c8 pc=0x55b640358817
runtime.goexit({})
	/usr/lib/golang/src/runtime/asm_amd64.s:1771 +0x1 fp=0x115fa64617e8 sp=0x115fa64617e0 pc=0x55b6403b7b41
created by runtime.gcBgMarkStartWorkers in goroutine 1
	/usr/lib/golang/src/runtime/mgc.go:1695 +0x105

goroutine 226 gp=0x115fa6459a40 m=nil [GC worker (idle)]:
runtime.gopark(0x0?, 0x0?, 0x0?, 0x0?, 0x0?)
	/usr/lib/golang/src/runtime/proc.go:462 +0xce fp=0x115fa6461f40 sp=0x115fa6461f20 pc=0x55b6403b00ae
runtime.gcBgMarkWorker(0x115fa5e141c0)
	/usr/lib/golang/src/runtime/mgc.go:1791 +0xeb fp=0x115fa6461fc8 sp=0x115fa6461f40 pc=0x55b64035892b
runtime.gcBgMarkStartWorkers.gowrap1()
	/usr/lib/golang/src/runtime/mgc.go:1695 +0x17 fp=0x115fa6461fe0 sp=0x115fa6461fc8 pc=0x55b640358817
runtime.goexit({})
	/usr/lib/golang/src/runtime/asm_amd64.s:1771 +0x1 fp=0x115fa6461fe8 sp=0x115fa6461fe0 pc=0x55b6403b7b41
created by runtime.gcBgMarkStartWorkers in goroutine 1
	/usr/lib/golang/src/runtime/mgc.go:1695 +0x105

goroutine 227 gp=0x115fa6459c20 m=nil [GC worker (idle)]:
runtime.gopark(0x0?, 0x0?, 0x0?, 0x0?, 0x0?)
	/usr/lib/golang/src/runtime/proc.go:462 +0xce fp=0x115fa645a740 sp=0x115fa645a720 pc=0x55b6403b00ae
runtime.gcBgMarkWorker(0x115fa5e141c0)
	/usr/lib/golang/src/runtime/mgc.go:1791 +0xeb fp=0x115fa645a7c8 sp=0x115fa645a740 pc=0x55b64035892b
runtime.gcBgMarkStartWorkers.gowrap1()
	/usr/lib/golang/src/runtime/mgc.go:1695 +0x17 fp=0x115fa645a7e0 sp=0x115fa645a7c8 pc=0x55b640358817
runtime.goexit({})
	/usr/lib/golang/src/runtime/asm_amd64.s:1771 +0x1 fp=0x115fa645a7e8 sp=0x115fa645a7e0 pc=0x55b6403b7b41
created by runtime.gcBgMarkStartWorkers in goroutine 1
	/usr/lib/golang/src/runtime/mgc.go:1695 +0x105

goroutine 228 gp=0x115fa6464000 m=nil [GC worker (idle)]:
runtime.gopark(0x0?, 0x0?, 0x0?, 0x0?, 0x0?)
	/usr/lib/golang/src/runtime/proc.go:462 +0xce fp=0x115fa645af40 sp=0x115fa645af20 pc=0x55b6403b00ae
runtime.gcBgMarkWorker(0x115fa5e141c0)
	/usr/lib/golang/src/runtime/mgc.go:1791 +0xeb fp=0x115fa645afc8 sp=0x115fa645af40 pc=0x55b64035892b
runtime.gcBgMarkStartWorkers.gowrap1()
	/usr/lib/golang/src/runtime/mgc.go:1695 +0x17 fp=0x115fa645afe0 sp=0x115fa645afc8 pc=0x55b640358817
runtime.goexit({})
	/usr/lib/golang/src/runtime/asm_amd64.s:1771 +0x1 fp=0x115fa645afe8 sp=0x115fa645afe0 pc=0x55b6403b7b41
created by runtime.gcBgMarkStartWorkers in goroutine 1
	/usr/lib/golang/src/runtime/mgc.go:1695 +0x105

goroutine 229 gp=0x115fa64641e0 m=nil [GC worker (idle)]:
runtime.gopark(0x0?, 0x0?, 0x0?, 0x0?, 0x0?)
	/usr/lib/golang/src/runtime/proc.go:462 +0xce fp=0x115fa645b740 sp=0x115fa645b720 pc=0x55b6403b00ae
runtime.gcBgMarkWorker(0x115fa5e141c0)
	/usr/lib/golang/src/runtime/mgc.go:1791 +0xeb fp=0x115fa645b7c8 sp=0x115fa645b740 pc=0x55b64035892b
runtime.gcBgMarkStartWorkers.gowrap1()
	/usr/lib/golang/src/runtime/mgc.go:1695 +0x17 fp=0x115fa645b7e0 sp=0x115fa645b7c8 pc=0x55b640358817
runtime.goexit({})
	/usr/lib/golang/src/runtime/asm_amd64.s:1771 +0x1 fp=0x115fa645b7e8 sp=0x115fa645b7e0 pc=0x55b6403b7b41
created by runtime.gcBgMarkStartWorkers in goroutine 1
	/usr/lib/golang/src/runtime/mgc.go:1695 +0x105

goroutine 230 gp=0x115fa64643c0 m=nil [GC worker (idle)]:
runtime.gopark(0x0?, 0x0?, 0x0?, 0x0?, 0x0?)
	/usr/lib/golang/src/runtime/proc.go:462 +0xce fp=0x115fa645bf40 sp=0x115fa645bf20 pc=0x55b6403b00ae
runtime.gcBgMarkWorker(0x115fa5e141c0)
	/usr/lib/golang/src/runtime/mgc.go:1791 +0xeb fp=0x115fa645bfc8 sp=0x115fa645bf40 pc=0x55b64035892b
runtime.gcBgMarkStartWorkers.gowrap1()
	/usr/lib/golang/src/runtime/mgc.go:1695 +0x17 fp=0x115fa645bfe0 sp=0x115fa645bfc8 pc=0x55b640358817
runtime.goexit({})
	/usr/lib/golang/src/runtime/asm_amd64.s:1771 +0x1 fp=0x115fa645bfe8 sp=0x115fa645bfe0 pc=0x55b6403b7b41
created by runtime.gcBgMarkStartWorkers in goroutine 1
	/usr/lib/golang/src/runtime/mgc.go:1695 +0x105

goroutine 231 gp=0x115fa64645a0 m=nil [GC worker (idle)]:
runtime.gopark(0x0?, 0x0?, 0x0?, 0x0?, 0x0?)
	/usr/lib/golang/src/runtime/proc.go:462 +0xce fp=0x115fa645c740 sp=0x115fa645c720 pc=0x55b6403b00ae
runtime.gcBgMarkWorker(0x115fa5e141c0)
	/usr/lib/golang/src/runtime/mgc.go:1791 +0xeb fp=0x115fa645c7c8 sp=0x115fa645c740 pc=0x55b64035892b
runtime.gcBgMarkStartWorkers.gowrap1()
	/usr/lib/golang/src/runtime/mgc.go:1695 +0x17 fp=0x115fa645c7e0 sp=0x115fa645c7c8 pc=0x55b640358817
runtime.goexit({})
	/usr/lib/golang/src/runtime/asm_amd64.s:1771 +0x1 fp=0x115fa645c7e8 sp=0x115fa645c7e0 pc=0x55b6403b7b41
created by runtime.gcBgMarkStartWorkers in goroutine 1
	/usr/lib/golang/src/runtime/mgc.go:1695 +0x105

goroutine 232 gp=0x115fa6464780 m=nil [GC worker (idle)]:
runtime.gopark(0x0?, 0x0?, 0x0?, 0x0?, 0x0?)
	/usr/lib/golang/src/runtime/proc.go:462 +0xce fp=0x115fa645cf40 sp=0x115fa645cf20 pc=0x55b6403b00ae
runtime.gcBgMarkWorker(0x115fa5e141c0)
	/usr/lib/golang/src/runtime/mgc.go:1791 +0xeb fp=0x115fa645cfc8 sp=0x115fa645cf40 pc=0x55b64035892b
runtime.gcBgMarkStartWorkers.gowrap1()
	/usr/lib/golang/src/runtime/mgc.go:1695 +0x17 fp=0x115fa645cfe0 sp=0x115fa645cfc8 pc=0x55b640358817
runtime.goexit({})
	/usr/lib/golang/src/runtime/asm_amd64.s:1771 +0x1 fp=0x115fa645cfe8 sp=0x115fa645cfe0 pc=0x55b6403b7b41
created by runtime.gcBgMarkStartWorkers in goroutine 1
	/usr/lib/golang/src/runtime/mgc.go:1695 +0x105

goroutine 233 gp=0x115fa6464960 m=nil [GC worker (idle)]:
runtime.gopark(0x0?, 0x0?, 0x0?, 0x0?, 0x0?)
	/usr/lib/golang/src/runtime/proc.go:462 +0xce fp=0x115fa645d740 sp=0x115fa645d720 pc=0x55b6403b00ae
runtime.gcBgMarkWorker(0x115fa5e141c0)
	/usr/lib/golang/src/runtime/mgc.go:1791 +0xeb fp=0x115fa645d7c8 sp=0x115fa645d740 pc=0x55b64035892b
runtime.gcBgMarkStartWorkers.gowrap1()
	/usr/lib/golang/src/runtime/mgc.go:1695 +0x17 fp=0x115fa645d7e0 sp=0x115fa645d7c8 pc=0x55b640358817
runtime.goexit({})
	/usr/lib/golang/src/runtime/asm_amd64.s:1771 +0x1 fp=0x115fa645d7e8 sp=0x115fa645d7e0 pc=0x55b6403b7b41
created by runtime.gcBgMarkStartWorkers in goroutine 1
	/usr/lib/golang/src/runtime/mgc.go:1695 +0x105

goroutine 234 gp=0x115fa6464b40 m=nil [GC worker (idle)]:
runtime.gopark(0x0?, 0x0?, 0x0?, 0x0?, 0x0?)
	/usr/lib/golang/src/runtime/proc.go:462 +0xce fp=0x115fa645df40 sp=0x115fa645df20 pc=0x55b6403b00ae
runtime.gcBgMarkWorker(0x115fa5e141c0)
	/usr/lib/golang/src/runtime/mgc.go:1791 +0xeb fp=0x115fa645dfc8 sp=0x115fa645df40 pc=0x55b64035892b
runtime.gcBgMarkStartWorkers.gowrap1()
	/usr/lib/golang/src/runtime/mgc.go:1695 +0x17 fp=0x115fa645dfe0 sp=0x115fa645dfc8 pc=0x55b640358817
runtime.goexit({})
	/usr/lib/golang/src/runtime/asm_amd64.s:1771 +0x1 fp=0x115fa645dfe8 sp=0x115fa645dfe0 pc=0x55b6403b7b41
created by runtime.gcBgMarkStartWorkers in goroutine 1
	/usr/lib/golang/src/runtime/mgc.go:1695 +0x105

goroutine 235 gp=0x115fa6464d20 m=nil [GC worker (idle)]:
runtime.gopark(0x0?, 0x0?, 0x0?, 0x0?, 0x0?)
	/usr/lib/golang/src/runtime/proc.go:462 +0xce fp=0x115fa646a740 sp=0x115fa646a720 pc=0x55b6403b00ae
runtime.gcBgMarkWorker(0x115fa5e141c0)
	/usr/lib/golang/src/runtime/mgc.go:1791 +0xeb fp=0x115fa646a7c8 sp=0x115fa646a740 pc=0x55b64035892b
runtime.gcBgMarkStartWorkers.gowrap1()
	/usr/lib/golang/src/runtime/mgc.go:1695 +0x17 fp=0x115fa646a7e0 sp=0x115fa646a7c8 pc=0x55b640358817
runtime.goexit({})
	/usr/lib/golang/src/runtime/asm_amd64.s:1771 +0x1 fp=0x115fa646a7e8 sp=0x115fa646a7e0 pc=0x55b6403b7b41
created by runtime.gcBgMarkStartWorkers in goroutine 1
	/usr/lib/golang/src/runtime/mgc.go:1695 +0x105

goroutine 236 gp=0x115fa6464f00 m=nil [GC worker (idle)]:
runtime.gopark(0x0?, 0x0?, 0x0?, 0x0?, 0x0?)
	/usr/lib/golang/src/runtime/proc.go:462 +0xce fp=0x115fa646af40 sp=0x115fa646af20 pc=0x55b6403b00ae
runtime.gcBgMarkWorker(0x115fa5e141c0)
	/usr/lib/golang/src/runtime/mgc.go:1791 +0xeb fp=0x115fa646afc8 sp=0x115fa646af40 pc=0x55b64035892b
runtime.gcBgMarkStartWorkers.gowrap1()
	/usr/lib/golang/src/runtime/mgc.go:1695 +0x17 fp=0x115fa646afe0 sp=0x115fa646afc8 pc=0x55b640358817
runtime.goexit({})
	/usr/lib/golang/src/runtime/asm_amd64.s:1771 +0x1 fp=0x115fa646afe8 sp=0x115fa646afe0 pc=0x55b6403b7b41
created by runtime.gcBgMarkStartWorkers in goroutine 1
	/usr/lib/golang/src/runtime/mgc.go:1695 +0x105

goroutine 237 gp=0x115fa64650e0 m=nil [GC worker (idle)]:
runtime.gopark(0x0?, 0x0?, 0x0?, 0x0?, 0x0?)
	/usr/lib/golang/src/runtime/proc.go:462 +0xce fp=0x115fa646b740 sp=0x115fa646b720 pc=0x55b6403b00ae
runtime.gcBgMarkWorker(0x115fa5e141c0)
	/usr/lib/golang/src/runtime/mgc.go:1791 +0xeb fp=0x115fa646b7c8 sp=0x115fa646b740 pc=0x55b64035892b
runtime.gcBgMarkStartWorkers.gowrap1()
	/usr/lib/golang/src/runtime/mgc.go:1695 +0x17 fp=0x115fa646b7e0 sp=0x115fa646b7c8 pc=0x55b640358817
runtime.goexit({})
	/usr/lib/golang/src/runtime/asm_amd64.s:1771 +0x1 fp=0x115fa646b7e8 sp=0x115fa646b7e0 pc=0x55b6403b7b41
created by runtime.gcBgMarkStartWorkers in goroutine 1
	/usr/lib/golang/src/runtime/mgc.go:1695 +0x105

goroutine 238 gp=0x115fa64652c0 m=nil [GC worker (idle)]:
runtime.gopark(0x0?, 0x0?, 0x0?, 0x0?, 0x0?)
	/usr/lib/golang/src/runtime/proc.go:462 +0xce fp=0x115fa646bf40 sp=0x115fa646bf20 pc=0x55b6403b00ae
runtime.gcBgMarkWorker(0x115fa5e141c0)
	/usr/lib/golang/src/runtime/mgc.go:1791 +0xeb fp=0x115fa646bfc8 sp=0x115fa646bf40 pc=0x55b64035892b
runtime.gcBgMarkStartWorkers.gowrap1()
	/usr/lib/golang/src/runtime/mgc.go:1695 +0x17 fp=0x115fa646bfe0 sp=0x115fa646bfc8 pc=0x55b640358817
runtime.goexit({})
	/usr/lib/golang/src/runtime/asm_amd64.s:1771 +0x1 fp=0x115fa646bfe8 sp=0x115fa646bfe0 pc=0x55b6403b7b41
created by runtime.gcBgMarkStartWorkers in goroutine 1
	/usr/lib/golang/src/runtime/mgc.go:1695 +0x105

goroutine 239 gp=0x115fa64654a0 m=nil [GC worker (idle)]:
runtime.gopark(0x0?, 0x0?, 0x0?, 0x0?, 0x0?)
	/usr/lib/golang/src/runtime/proc.go:462 +0xce fp=0x115fa646c740 sp=0x115fa646c720 pc=0x55b6403b00ae
runtime.gcBgMarkWorker(0x115fa5e141c0)
	/usr/lib/golang/src/runtime/mgc.go:1791 +0xeb fp=0x115fa646c7c8 sp=0x115fa646c740 pc=0x55b64035892b
runtime.gcBgMarkStartWorkers.gowrap1()
	/usr/lib/golang/src/runtime/mgc.go:1695 +0x17 fp=0x115fa646c7e0 sp=0x115fa646c7c8 pc=0x55b640358817
runtime.goexit({})
	/usr/lib/golang/src/runtime/asm_amd64.s:1771 +0x1 fp=0x115fa646c7e8 sp=0x115fa646c7e0 pc=0x55b6403b7b41
created by runtime.gcBgMarkStartWorkers in goroutine 1
	/usr/lib/golang/src/runtime/mgc.go:1695 +0x105

goroutine 240 gp=0x115fa6465680 m=nil [GC worker (idle)]:
runtime.gopark(0x0?, 0x0?, 0x0?, 0x0?, 0x0?)
	/usr/lib/golang/src/runtime/proc.go:462 +0xce fp=0x115fa646cf40 sp=0x115fa646cf20 pc=0x55b6403b00ae
runtime.gcBgMarkWorker(0x115fa5e141c0)
	/usr/lib/golang/src/runtime/mgc.go:1791 +0xeb fp=0x115fa646cfc8 sp=0x115fa646cf40 pc=0x55b64035892b
runtime.gcBgMarkStartWorkers.gowrap1()
	/usr/lib/golang/src/runtime/mgc.go:1695 +0x17 fp=0x115fa646cfe0 sp=0x115fa646cfc8 pc=0x55b640358817
runtime.goexit({})
	/usr/lib/golang/src/runtime/asm_amd64.s:1771 +0x1 fp=0x115fa646cfe8 sp=0x115fa646cfe0 pc=0x55b6403b7b41
created by runtime.gcBgMarkStartWorkers in goroutine 1
	/usr/lib/golang/src/runtime/mgc.go:1695 +0x105

goroutine 241 gp=0x115fa6465860 m=nil [GC worker (idle)]:
runtime.gopark(0x0?, 0x0?, 0x0?, 0x0?, 0x0?)
	/usr/lib/golang/src/runtime/proc.go:462 +0xce fp=0x115fa646d740 sp=0x115fa646d720 pc=0x55b6403b00ae
runtime.gcBgMarkWorker(0x115fa5e141c0)
	/usr/lib/golang/src/runtime/mgc.go:1791 +0xeb fp=0x115fa646d7c8 sp=0x115fa646d740 pc=0x55b64035892b
runtime.gcBgMarkStartWorkers.gowrap1()
	/usr/lib/golang/src/runtime/mgc.go:1695 +0x17 fp=0x115fa646d7e0 sp=0x115fa646d7c8 pc=0x55b640358817
runtime.goexit({})
	/usr/lib/golang/src/runtime/asm_amd64.s:1771 +0x1 fp=0x115fa646d7e8 sp=0x115fa646d7e0 pc=0x55b6403b7b41
created by runtime.gcBgMarkStartWorkers in goroutine 1
	/usr/lib/golang/src/runtime/mgc.go:1695 +0x105

goroutine 242 gp=0x115fa6465a40 m=nil [GC worker (idle)]:
runtime.gopark(0x0?, 0x0?, 0x0?, 0x0?, 0x0?)
	/usr/lib/golang/src/runtime/proc.go:462 +0xce fp=0x115fa646df40 sp=0x115fa646df20 pc=0x55b6403b00ae
runtime.gcBgMarkWorker(0x115fa5e141c0)
	/usr/lib/golang/src/runtime/mgc.go:1791 +0xeb fp=0x115fa646dfc8 sp=0x115fa646df40 pc=0x55b64035892b
runtime.gcBgMarkStartWorkers.gowrap1()
	/usr/lib/golang/src/runtime/mgc.go:1695 +0x17 fp=0x115fa646dfe0 sp=0x115fa646dfc8 pc=0x55b640358817
runtime.goexit({})
	/usr/lib/golang/src/runtime/asm_amd64.s:1771 +0x1 fp=0x115fa646dfe8 sp=0x115fa646dfe0 pc=0x55b6403b7b41
created by runtime.gcBgMarkStartWorkers in goroutine 1
	/usr/lib/golang/src/runtime/mgc.go:1695 +0x105

goroutine 243 gp=0x115fa6465c20 m=nil [GC worker (idle)]:
runtime.gopark(0x0?, 0x0?, 0x0?, 0x0?, 0x0?)
	/usr/lib/golang/src/runtime/proc.go:462 +0xce fp=0x115fa6466740 sp=0x115fa6466720 pc=0x55b6403b00ae
runtime.gcBgMarkWorker(0x115fa5e141c0)
	/usr/lib/golang/src/runtime/mgc.go:1791 +0xeb fp=0x115fa64667c8 sp=0x115fa6466740 pc=0x55b64035892b
runtime.gcBgMarkStartWorkers.gowrap1()
	/usr/lib/golang/src/runtime/mgc.go:1695 +0x17 fp=0x115fa64667e0 sp=0x115fa64667c8 pc=0x55b640358817
runtime.goexit({})
	/usr/lib/golang/src/runtime/asm_amd64.s:1771 +0x1 fp=0x115fa64667e8 sp=0x115fa64667e0 pc=0x55b6403b7b41
created by runtime.gcBgMarkStartWorkers in goroutine 1
	/usr/lib/golang/src/runtime/mgc.go:1695 +0x105

goroutine 244 gp=0x115fa6470000 m=nil [GC worker (idle)]:
runtime.gopark(0x0?, 0x0?, 0x0?, 0x0?, 0x0?)
	/usr/lib/golang/src/runtime/proc.go:462 +0xce fp=0x115fa6466f40 sp=0x115fa6466f20 pc=0x55b6403b00ae
runtime.gcBgMarkWorker(0x115fa5e141c0)
	/usr/lib/golang/src/runtime/mgc.go:1791 +0xeb fp=0x115fa6466fc8 sp=0x115fa6466f40 pc=0x55b64035892b
runtime.gcBgMarkStartWorkers.gowrap1()
	/usr/lib/golang/src/runtime/mgc.go:1695 +0x17 fp=0x115fa6466fe0 sp=0x115fa6466fc8 pc=0x55b640358817
runtime.goexit({})
	/usr/lib/golang/src/runtime/asm_amd64.s:1771 +0x1 fp=0x115fa6466fe8 sp=0x115fa6466fe0 pc=0x55b6403b7b41
created by runtime.gcBgMarkStartWorkers in goroutine 1
	/usr/lib/golang/src/runtime/mgc.go:1695 +0x105

goroutine 245 gp=0x115fa64701e0 m=nil [GC worker (idle)]:
runtime.gopark(0x0?, 0x0?, 0x0?, 0x0?, 0x0?)
	/usr/lib/golang/src/runtime/proc.go:462 +0xce fp=0x115fa6467740 sp=0x115fa6467720 pc=0x55b6403b00ae
runtime.gcBgMarkWorker(0x115fa5e141c0)
	/usr/lib/golang/src/runtime/mgc.go:1791 +0xeb fp=0x115fa64677c8 sp=0x115fa6467740 pc=0x55b64035892b
runtime.gcBgMarkStartWorkers.gowrap1()
	/usr/lib/golang/src/runtime/mgc.go:1695 +0x17 fp=0x115fa64677e0 sp=0x115fa64677c8 pc=0x55b640358817
runtime.goexit({})
	/usr/lib/golang/src/runtime/asm_amd64.s:1771 +0x1 fp=0x115fa64677e8 sp=0x115fa64677e0 pc=0x55b6403b7b41
created by runtime.gcBgMarkStartWorkers in goroutine 1
	/usr/lib/golang/src/runtime/mgc.go:1695 +0x105

goroutine 246 gp=0x115fa64703c0 m=nil [GC worker (idle)]:
runtime.gopark(0x0?, 0x0?, 0x0?, 0x0?, 0x0?)
	/usr/lib/golang/src/runtime/proc.go:462 +0xce fp=0x115fa6467f40 sp=0x115fa6467f20 pc=0x55b6403b00ae
runtime.gcBgMarkWorker(0x115fa5e141c0)
	/usr/lib/golang/src/runtime/mgc.go:1791 +0xeb fp=0x115fa6467fc8 sp=0x115fa6467f40 pc=0x55b64035892b
runtime.gcBgMarkStartWorkers.gowrap1()
	/usr/lib/golang/src/runtime/mgc.go:1695 +0x17 fp=0x115fa6467fe0 sp=0x115fa6467fc8 pc=0x55b640358817
runtime.goexit({})
	/usr/lib/golang/src/runtime/asm_amd64.s:1771 +0x1 fp=0x115fa6467fe8 sp=0x115fa6467fe0 pc=0x55b6403b7b41
created by runtime.gcBgMarkStartWorkers in goroutine 1
	/usr/lib/golang/src/runtime/mgc.go:1695 +0x105

goroutine 247 gp=0x115fa64705a0 m=nil [GC worker (idle)]:
runtime.gopark(0x0?, 0x0?, 0x0?, 0x0?, 0x0?)
	/usr/lib/golang/src/runtime/proc.go:462 +0xce fp=0x115fa6468740 sp=0x115fa6468720 pc=0x55b6403b00ae
runtime.gcBgMarkWorker(0x115fa5e141c0)
	/usr/lib/golang/src/runtime/mgc.go:1791 +0xeb fp=0x115fa64687c8 sp=0x115fa6468740 pc=0x55b64035892b
runtime.gcBgMarkStartWorkers.gowrap1()
	/usr/lib/golang/src/runtime/mgc.go:1695 +0x17 fp=0x115fa64687e0 sp=0x115fa64687c8 pc=0x55b640358817
runtime.goexit({})
	/usr/lib/golang/src/runtime/asm_amd64.s:1771 +0x1 fp=0x115fa64687e8 sp=0x115fa64687e0 pc=0x55b6403b7b41
created by runtime.gcBgMarkStartWorkers in goroutine 1
	/usr/lib/golang/src/runtime/mgc.go:1695 +0x105

goroutine 248 gp=0x115fa6470780 m=nil [GC worker (idle)]:
runtime.gopark(0x0?, 0x0?, 0x0?, 0x0?, 0x0?)
	/usr/lib/golang/src/runtime/proc.go:462 +0xce fp=0x115fa6468f40 sp=0x115fa6468f20 pc=0x55b6403b00ae
runtime.gcBgMarkWorker(0x115fa5e141c0)
	/usr/lib/golang/src/runtime/mgc.go:1791 +0xeb fp=0x115fa6468fc8 sp=0x115fa6468f40 pc=0x55b64035892b
runtime.gcBgMarkStartWorkers.gowrap1()
	/usr/lib/golang/src/runtime/mgc.go:1695 +0x17 fp=0x115fa6468fe0 sp=0x115fa6468fc8 pc=0x55b640358817
runtime.goexit({})
	/usr/lib/golang/src/runtime/asm_amd64.s:1771 +0x1 fp=0x115fa6468fe8 sp=0x115fa6468fe0 pc=0x55b6403b7b41
created by runtime.gcBgMarkStartWorkers in goroutine 1
	/usr/lib/golang/src/runtime/mgc.go:1695 +0x105

goroutine 249 gp=0x115fa6470960 m=nil [GC worker (idle)]:
runtime.gopark(0x0?, 0x0?, 0x0?, 0x0?, 0x0?)
	/usr/lib/golang/src/runtime/proc.go:462 +0xce fp=0x115fa6469740 sp=0x115fa6469720 pc=0x55b6403b00ae
runtime.gcBgMarkWorker(0x115fa5e141c0)
	/usr/lib/golang/src/runtime/mgc.go:1791 +0xeb fp=0x115fa64697c8 sp=0x115fa6469740 pc=0x55b64035892b
runtime.gcBgMarkStartWorkers.gowrap1()
	/usr/lib/golang/src/runtime/mgc.go:1695 +0x17 fp=0x115fa64697e0 sp=0x115fa64697c8 pc=0x55b640358817
runtime.goexit({})
	/usr/lib/golang/src/runtime/asm_amd64.s:1771 +0x1 fp=0x115fa64697e8 sp=0x115fa64697e0 pc=0x55b6403b7b41
created by runtime.gcBgMarkStartWorkers in goroutine 1
	/usr/lib/golang/src/runtime/mgc.go:1695 +0x105

goroutine 250 gp=0x115fa6470b40 m=nil [GC worker (idle)]:
runtime.gopark(0x0?, 0x0?, 0x0?, 0x0?, 0x0?)
	/usr/lib/golang/src/runtime/proc.go:462 +0xce fp=0x115fa6469f40 sp=0x115fa6469f20 pc=0x55b6403b00ae
runtime.gcBgMarkWorker(0x115fa5e141c0)
	/usr/lib/golang/src/runtime/mgc.go:1791 +0xeb fp=0x115fa6469fc8 sp=0x115fa6469f40 pc=0x55b64035892b
runtime.gcBgMarkStartWorkers.gowrap1()
	/usr/lib/golang/src/runtime/mgc.go:1695 +0x17 fp=0x115fa6469fe0 sp=0x115fa6469fc8 pc=0x55b640358817
runtime.goexit({})
	/usr/lib/golang/src/runtime/asm_amd64.s:1771 +0x1 fp=0x115fa6469fe8 sp=0x115fa6469fe0 pc=0x55b6403b7b41
created by runtime.gcBgMarkStartWorkers in goroutine 1
	/usr/lib/golang/src/runtime/mgc.go:1695 +0x105

goroutine 251 gp=0x115fa6470d20 m=nil [GC worker (idle)]:
runtime.gopark(0x0?, 0x0?, 0x0?, 0x0?, 0x0?)
	/usr/lib/golang/src/runtime/proc.go:462 +0xce fp=0x115fa6476740 sp=0x115fa6476720 pc=0x55b6403b00ae
runtime.gcBgMarkWorker(0x115fa5e141c0)
	/usr/lib/golang/src/runtime/mgc.go:1791 +0xeb fp=0x115fa64767c8 sp=0x115fa6476740 pc=0x55b64035892b
runtime.gcBgMarkStartWorkers.gowrap1()
	/usr/lib/golang/src/runtime/mgc.go:1695 +0x17 fp=0x115fa64767e0 sp=0x115fa64767c8 pc=0x55b640358817
runtime.goexit({})
	/usr/lib/golang/src/runtime/asm_amd64.s:1771 +0x1 fp=0x115fa64767e8 sp=0x115fa64767e0 pc=0x55b6403b7b41
created by runtime.gcBgMarkStartWorkers in goroutine 1
	/usr/lib/golang/src/runtime/mgc.go:1695 +0x105

goroutine 252 gp=0x115fa6470f00 m=nil [GC worker (idle)]:
runtime.gopark(0x0?, 0x0?, 0x0?, 0x0?, 0x0?)
	/usr/lib/golang/src/runtime/proc.go:462 +0xce fp=0x115fa6476f40 sp=0x115fa6476f20 pc=0x55b6403b00ae
runtime.gcBgMarkWorker(0x115fa5e141c0)
	/usr/lib/golang/src/runtime/mgc.go:1791 +0xeb fp=0x115fa6476fc8 sp=0x115fa6476f40 pc=0x55b64035892b
runtime.gcBgMarkStartWorkers.gowrap1()
	/usr/lib/golang/src/runtime/mgc.go:1695 +0x17 fp=0x115fa6476fe0 sp=0x115fa6476fc8 pc=0x55b640358817
runtime.goexit({})
	/usr/lib/golang/src/runtime/asm_amd64.s:1771 +0x1 fp=0x115fa6476fe8 sp=0x115fa6476fe0 pc=0x55b6403b7b41
created by runtime.gcBgMarkStartWorkers in goroutine 1
	/usr/lib/golang/src/runtime/mgc.go:1695 +0x105

goroutine 253 gp=0x115fa64710e0 m=nil [GC worker (idle)]:
runtime.gopark(0x0?, 0x0?, 0x0?, 0x0?, 0x0?)
	/usr/lib/golang/src/runtime/proc.go:462 +0xce fp=0x115fa6477740 sp=0x115fa6477720 pc=0x55b6403b00ae
runtime.gcBgMarkWorker(0x115fa5e141c0)
	/usr/lib/golang/src/runtime/mgc.go:1791 +0xeb fp=0x115fa64777c8 sp=0x115fa6477740 pc=0x55b64035892b
runtime.gcBgMarkStartWorkers.gowrap1()
	/usr/lib/golang/src/runtime/mgc.go:1695 +0x17 fp=0x115fa64777e0 sp=0x115fa64777c8 pc=0x55b640358817
runtime.goexit({})
	/usr/lib/golang/src/runtime/asm_amd64.s:1771 +0x1 fp=0x115fa64777e8 sp=0x115fa64777e0 pc=0x55b6403b7b41
created by runtime.gcBgMarkStartWorkers in goroutine 1
	/usr/lib/golang/src/runtime/mgc.go:1695 +0x105

goroutine 254 gp=0x115fa64712c0 m=nil [GC worker (idle)]:
runtime.gopark(0x0?, 0x0?, 0x0?, 0x0?, 0x0?)
	/usr/lib/golang/src/runtime/proc.go:462 +0xce fp=0x115fa6477f40 sp=0x115fa6477f20 pc=0x55b6403b00ae
runtime.gcBgMarkWorker(0x115fa5e141c0)
	/usr/lib/golang/src/runtime/mgc.go:1791 +0xeb fp=0x115fa6477fc8 sp=0x115fa6477f40 pc=0x55b64035892b
runtime.gcBgMarkStartWorkers.gowrap1()
	/usr/lib/golang/src/runtime/mgc.go:1695 +0x17 fp=0x115fa6477fe0 sp=0x115fa6477fc8 pc=0x55b640358817
runtime.goexit({})
	/usr/lib/golang/src/runtime/asm_amd64.s:1771 +0x1 fp=0x115fa6477fe8 sp=0x115fa6477fe0 pc=0x55b6403b7b41
created by runtime.gcBgMarkStartWorkers in goroutine 1
	/usr/lib/golang/src/runtime/mgc.go:1695 +0x105

goroutine 255 gp=0x115fa64714a0 m=nil [GC worker (idle)]:
runtime.gopark(0x0?, 0x0?, 0x0?, 0x0?, 0x0?)
	/usr/lib/golang/src/runtime/proc.go:462 +0xce fp=0x115fa6478740 sp=0x115fa6478720 pc=0x55b6403b00ae
runtime.gcBgMarkWorker(0x115fa5e141c0)
	/usr/lib/golang/src/runtime/mgc.go:1791 +0xeb fp=0x115fa64787c8 sp=0x115fa6478740 pc=0x55b64035892b
runtime.gcBgMarkStartWorkers.gowrap1()
	/usr/lib/golang/src/runtime/mgc.go:1695 +0x17 fp=0x115fa64787e0 sp=0x115fa64787c8 pc=0x55b640358817
runtime.goexit({})
	/usr/lib/golang/src/runtime/asm_amd64.s:1771 +0x1 fp=0x115fa64787e8 sp=0x115fa64787e0 pc=0x55b6403b7b41
created by runtime.gcBgMarkStartWorkers in goroutine 1
	/usr/lib/golang/src/runtime/mgc.go:1695 +0x105

goroutine 256 gp=0x115fa6471680 m=nil [runnable]:
runtime.gopark(0x0?, 0x0?, 0x0?, 0x0?, 0x0?)
	/usr/lib/golang/src/runtime/proc.go:462 +0xce fp=0x115fa6478f40 sp=0x115fa6478f20 pc=0x55b6403b00ae
runtime.gcBgMarkWorker(0x115fa5e141c0)
	/usr/lib/golang/src/runtime/mgc.go:1791 +0xeb fp=0x115fa6478fc8 sp=0x115fa6478f40 pc=0x55b64035892b
runtime.gcBgMarkStartWorkers.gowrap1()
	/usr/lib/golang/src/runtime/mgc.go:1695 +0x17 fp=0x115fa6478fe0 sp=0x115fa6478fc8 pc=0x55b640358817
runtime.goexit({})
	/usr/lib/golang/src/runtime/asm_amd64.s:1771 +0x1 fp=0x115fa6478fe8 sp=0x115fa6478fe0 pc=0x55b6403b7b41
created by runtime.gcBgMarkStartWorkers in goroutine 1
	/usr/lib/golang/src/runtime/mgc.go:1695 +0x105

goroutine 257 gp=0x115fa6471860 m=9 mp=0x115fa6369808 [GC worker (active)]:
runtime.nanotime(...)
	/usr/lib/golang/src/runtime/time_nofake.go:33
runtime.suspendG(0x115fa5dcc1e0)
	/usr/lib/golang/src/runtime/preempt.go:248 +0x33a fp=0x7fb77effcc10 sp=0x7fb77effcb90 pc=0x55b640378cfa
runtime.markroot.func1()
	/usr/lib/golang/src/runtime/mgcmark.go:298 +0x85 fp=0x7fb77effcc60 sp=0x7fb77effcc10 pc=0x55b64035ad45
runtime.markroot(0x115fa5f71260, 0x16, 0x1)
	/usr/lib/golang/src/runtime/mgcmark.go:280 +0x1a5 fp=0x7fb77effcd10 sp=0x7fb77effcc60 pc=0x55b64035a9c5
runtime.gcDrain(0x115fa5f71260, 0x3)
	/usr/lib/golang/src/runtime/mgcmark.go:1275 +0x4a7 fp=0x7fb77effcd80 sp=0x7fb77effcd10 pc=0x55b64035cec7
runtime.gcDrainMarkWorkerDedicated(...)
	/usr/lib/golang/src/runtime/mgcmark.go:1178
runtime.gcBgMarkWorker.func2()
	/usr/lib/golang/src/runtime/mgc.go:1862 +0x9a fp=0x7fb77effcdd0 sp=0x7fb77effcd80 pc=0x55b640358c3a
runtime.systemstack(0x800000)
	/usr/lib/golang/src/runtime/asm_amd64.s:562 +0x47 fp=0x7fb77effcde0 sp=0x7fb77effcdd0 pc=0x55b6403b5f07
created by runtime.gcBgMarkStartWorkers in goroutine 1
	/usr/lib/golang/src/runtime/mgc.go:1695 +0x105

goroutine 258 gp=0x115fa6471a40 m=nil [GC worker (idle)]:
runtime.gopark(0x0?, 0x0?, 0x0?, 0x0?, 0x0?)
	/usr/lib/golang/src/runtime/proc.go:462 +0xce fp=0x115fa6479f40 sp=0x115fa6479f20 pc=0x55b6403b00ae
runtime.gcBgMarkWorker(0x115fa5e141c0)
	/usr/lib/golang/src/runtime/mgc.go:1791 +0xeb fp=0x115fa6479fc8 sp=0x115fa6479f40 pc=0x55b64035892b
runtime.gcBgMarkStartWorkers.gowrap1()
	/usr/lib/golang/src/runtime/mgc.go:1695 +0x17 fp=0x115fa6479fe0 sp=0x115fa6479fc8 pc=0x55b640358817
runtime.goexit({})
	/usr/lib/golang/src/runtime/asm_amd64.s:1771 +0x1 fp=0x115fa6479fe8 sp=0x115fa6479fe0 pc=0x55b6403b7b41
created by runtime.gcBgMarkStartWorkers in goroutine 1
	/usr/lib/golang/src/runtime/mgc.go:1695 +0x105

goroutine 259 gp=0x115fa6471c20 m=nil [GC worker (idle)]:
runtime.gopark(0x0?, 0x0?, 0x0?, 0x0?, 0x0?)
	/usr/lib/golang/src/runtime/proc.go:462 +0xce fp=0x115fa6472740 sp=0x115fa6472720 pc=0x55b6403b00ae
runtime.gcBgMarkWorker(0x115fa5e141c0)
	/usr/lib/golang/src/runtime/mgc.go:1791 +0xeb fp=0x115fa64727c8 sp=0x115fa6472740 pc=0x55b64035892b
runtime.gcBgMarkStartWorkers.gowrap1()
	/usr/lib/golang/src/runtime/mgc.go:1695 +0x17 fp=0x115fa64727e0 sp=0x115fa64727c8 pc=0x55b640358817
runtime.goexit({})
	/usr/lib/golang/src/runtime/asm_amd64.s:1771 +0x1 fp=0x115fa64727e8 sp=0x115fa64727e0 pc=0x55b6403b7b41
created by runtime.gcBgMarkStartWorkers in goroutine 1
	/usr/lib/golang/src/runtime/mgc.go:1695 +0x105

goroutine 260 gp=0x115fa647c000 m=nil [GC worker (idle)]:
runtime.gopark(0x0?, 0x0?, 0x0?, 0x0?, 0x0?)
	/usr/lib/golang/src/runtime/proc.go:462 +0xce fp=0x115fa6472f40 sp=0x115fa6472f20 pc=0x55b6403b00ae
runtime.gcBgMarkWorker(0x115fa5e141c0)
	/usr/lib/golang/src/runtime/mgc.go:1791 +0xeb fp=0x115fa6472fc8 sp=0x115fa6472f40 pc=0x55b64035892b
runtime.gcBgMarkStartWorkers.gowrap1()
	/usr/lib/golang/src/runtime/mgc.go:1695 +0x17 fp=0x115fa6472fe0 sp=0x115fa6472fc8 pc=0x55b640358817
runtime.goexit({})
	/usr/lib/golang/src/runtime/asm_amd64.s:1771 +0x1 fp=0x115fa6472fe8 sp=0x115fa6472fe0 pc=0x55b6403b7b41
created by runtime.gcBgMarkStartWorkers in goroutine 1
	/usr/lib/golang/src/runtime/mgc.go:1695 +0x105

goroutine 261 gp=0x115fa647c1e0 m=nil [GC worker (idle)]:
runtime.gopark(0x0?, 0x0?, 0x0?, 0x0?, 0x0?)
	/usr/lib/golang/src/runtime/proc.go:462 +0xce fp=0x115fa6473740 sp=0x115fa6473720 pc=0x55b6403b00ae
runtime.gcBgMarkWorker(0x115fa5e141c0)
	/usr/lib/golang/src/runtime/mgc.go:1791 +0xeb fp=0x115fa64737c8 sp=0x115fa6473740 pc=0x55b64035892b
runtime.gcBgMarkStartWorkers.gowrap1()
	/usr/lib/golang/src/runtime/mgc.go:1695 +0x17 fp=0x115fa64737e0 sp=0x115fa64737c8 pc=0x55b640358817
runtime.goexit({})
	/usr/lib/golang/src/runtime/asm_amd64.s:1771 +0x1 fp=0x115fa64737e8 sp=0x115fa64737e0 pc=0x55b6403b7b41
created by runtime.gcBgMarkStartWorkers in goroutine 1
	/usr/lib/golang/src/runtime/mgc.go:1695 +0x105

goroutine 262 gp=0x115fa647c3c0 m=nil [GC worker (idle)]:
runtime.gopark(0x0?, 0x0?, 0x0?, 0x0?, 0x0?)
	/usr/lib/golang/src/runtime/proc.go:462 +0xce fp=0x115fa6473f40 sp=0x115fa6473f20 pc=0x55b6403b00ae
runtime.gcBgMarkWorker(0x115fa5e141c0)
	/usr/lib/golang/src/runtime/mgc.go:1791 +0xeb fp=0x115fa6473fc8 sp=0x115fa6473f40 pc=0x55b64035892b
runtime.gcBgMarkStartWorkers.gowrap1()
	/usr/lib/golang/src/runtime/mgc.go:1695 +0x17 fp=0x115fa6473fe0 sp=0x115fa6473fc8 pc=0x55b640358817
runtime.goexit({})
	/usr/lib/golang/src/runtime/asm_amd64.s:1771 +0x1 fp=0x115fa6473fe8 sp=0x115fa6473fe0 pc=0x55b6403b7b41
created by runtime.gcBgMarkStartWorkers in goroutine 1
	/usr/lib/golang/src/runtime/mgc.go:1695 +0x105

goroutine 263 gp=0x115fa647c5a0 m=nil [GC worker (idle)]:
runtime.gopark(0x0?, 0x0?, 0x0?, 0x0?, 0x0?)
	/usr/lib/golang/src/runtime/proc.go:462 +0xce fp=0x115fa6474740 sp=0x115fa6474720 pc=0x55b6403b00ae
runtime.gcBgMarkWorker(0x115fa5e141c0)
	/usr/lib/golang/src/runtime/mgc.go:1791 +0xeb fp=0x115fa64747c8 sp=0x115fa6474740 pc=0x55b64035892b
runtime.gcBgMarkStartWorkers.gowrap1()
	/usr/lib/golang/src/runtime/mgc.go:1695 +0x17 fp=0x115fa64747e0 sp=0x115fa64747c8 pc=0x55b640358817
runtime.goexit({})
	/usr/lib/golang/src/runtime/asm_amd64.s:1771 +0x1 fp=0x115fa64747e8 sp=0x115fa64747e0 pc=0x55b6403b7b41
created by runtime.gcBgMarkStartWorkers in goroutine 1
	/usr/lib/golang/src/runtime/mgc.go:1695 +0x105

goroutine 264 gp=0x115fa647c780 m=nil [GC worker (idle)]:
runtime.gopark(0x0?, 0x0?, 0x0?, 0x0?, 0x0?)
	/usr/lib/golang/src/runtime/proc.go:462 +0xce fp=0x115fa6474f40 sp=0x115fa6474f20 pc=0x55b6403b00ae
runtime.gcBgMarkWorker(0x115fa5e141c0)
	/usr/lib/golang/src/runtime/mgc.go:1791 +0xeb fp=0x115fa6474fc8 sp=0x115fa6474f40 pc=0x55b64035892b
runtime.gcBgMarkStartWorkers.gowrap1()
	/usr/lib/golang/src/runtime/mgc.go:1695 +0x17 fp=0x115fa6474fe0 sp=0x115fa6474fc8 pc=0x55b640358817
runtime.goexit({})
	/usr/lib/golang/src/runtime/asm_amd64.s:1771 +0x1 fp=0x115fa6474fe8 sp=0x115fa6474fe0 pc=0x55b6403b7b41
created by runtime.gcBgMarkStartWorkers in goroutine 1
	/usr/lib/golang/src/runtime/mgc.go:1695 +0x105

goroutine 265 gp=0x115fa647c960 m=nil [GC worker (idle)]:
runtime.gopark(0x0?, 0x0?, 0x0?, 0x0?, 0x0?)
	/usr/lib/golang/src/runtime/proc.go:462 +0xce fp=0x115fa6475740 sp=0x115fa6475720 pc=0x55b6403b00ae
runtime.gcBgMarkWorker(0x115fa5e141c0)
	/usr/lib/golang/src/runtime/mgc.go:1791 +0xeb fp=0x115fa64757c8 sp=0x115fa6475740 pc=0x55b64035892b
runtime.gcBgMarkStartWorkers.gowrap1()
	/usr/lib/golang/src/runtime/mgc.go:1695 +0x17 fp=0x115fa64757e0 sp=0x115fa64757c8 pc=0x55b640358817
runtime.goexit({})
	/usr/lib/golang/src/runtime/asm_amd64.s:1771 +0x1 fp=0x115fa64757e8 sp=0x115fa64757e0 pc=0x55b6403b7b41
created by runtime.gcBgMarkStartWorkers in goroutine 1
	/usr/lib/golang/src/runtime/mgc.go:1695 +0x105

goroutine 266 gp=0x115fa647cb40 m=nil [GC worker (idle)]:
runtime.gopark(0x0?, 0x0?, 0x0?, 0x0?, 0x0?)
	/usr/lib/golang/src/runtime/proc.go:462 +0xce fp=0x115fa6475f40 sp=0x115fa6475f20 pc=0x55b6403b00ae
runtime.gcBgMarkWorker(0x115fa5e141c0)
	/usr/lib/golang/src/runtime/mgc.go:1791 +0xeb fp=0x115fa6475fc8 sp=0x115fa6475f40 pc=0x55b64035892b
runtime.gcBgMarkStartWorkers.gowrap1()
	/usr/lib/golang/src/runtime/mgc.go:1695 +0x17 fp=0x115fa6475fe0 sp=0x115fa6475fc8 pc=0x55b640358817
runtime.goexit({})
	/usr/lib/golang/src/runtime/asm_amd64.s:1771 +0x1 fp=0x115fa6475fe8 sp=0x115fa6475fe0 pc=0x55b6403b7b41
created by runtime.gcBgMarkStartWorkers in goroutine 1
	/usr/lib/golang/src/runtime/mgc.go:1695 +0x105

goroutine 267 gp=0x115fa647cd20 m=nil [GC worker (idle)]:
runtime.gopark(0x0?, 0x0?, 0x0?, 0x0?, 0x0?)
	/usr/lib/golang/src/runtime/proc.go:462 +0xce fp=0x115fa6584740 sp=0x115fa6584720 pc=0x55b6403b00ae
runtime.gcBgMarkWorker(0x115fa5e141c0)
	/usr/lib/golang/src/runtime/mgc.go:1791 +0xeb fp=0x115fa65847c8 sp=0x115fa6584740 pc=0x55b64035892b
runtime.gcBgMarkStartWorkers.gowrap1()
	/usr/lib/golang/src/runtime/mgc.go:1695 +0x17 fp=0x115fa65847e0 sp=0x115fa65847c8 pc=0x55b640358817
runtime.goexit({})
	/usr/lib/golang/src/runtime/asm_amd64.s:1771 +0x1 fp=0x115fa65847e8 sp=0x115fa65847e0 pc=0x55b6403b7b41
created by runtime.gcBgMarkStartWorkers in goroutine 1
	/usr/lib/golang/src/runtime/mgc.go:1695 +0x105

goroutine 268 gp=0x115fa647cf00 m=nil [GC worker (idle)]:
runtime.gopark(0x0?, 0x0?, 0x0?, 0x0?, 0x0?)
	/usr/lib/golang/src/runtime/proc.go:462 +0xce fp=0x115fa6584f40 sp=0x115fa6584f20 pc=0x55b6403b00ae
runtime.gcBgMarkWorker(0x115fa5e141c0)
	/usr/lib/golang/src/runtime/mgc.go:1791 +0xeb fp=0x115fa6584fc8 sp=0x115fa6584f40 pc=0x55b64035892b
runtime.gcBgMarkStartWorkers.gowrap1()
	/usr/lib/golang/src/runtime/mgc.go:1695 +0x17 fp=0x115fa6584fe0 sp=0x115fa6584fc8 pc=0x55b640358817
runtime.goexit({})
	/usr/lib/golang/src/runtime/asm_amd64.s:1771 +0x1 fp=0x115fa6584fe8 sp=0x115fa6584fe0 pc=0x55b6403b7b41
created by runtime.gcBgMarkStartWorkers in goroutine 1
	/usr/lib/golang/src/runtime/mgc.go:1695 +0x105

goroutine 269 gp=0x115fa647d0e0 m=nil [GC worker (idle)]:
runtime.gopark(0x0?, 0x0?, 0x0?, 0x0?, 0x0?)
	/usr/lib/golang/src/runtime/proc.go:462 +0xce fp=0x115fa6585740 sp=0x115fa6585720 pc=0x55b6403b00ae
runtime.gcBgMarkWorker(0x115fa5e141c0)
	/usr/lib/golang/src/runtime/mgc.go:1791 +0xeb fp=0x115fa65857c8 sp=0x115fa6585740 pc=0x55b64035892b
runtime.gcBgMarkStartWorkers.gowrap1()
	/usr/lib/golang/src/runtime/mgc.go:1695 +0x17 fp=0x115fa65857e0 sp=0x115fa65857c8 pc=0x55b640358817
runtime.goexit({})
	/usr/lib/golang/src/runtime/asm_amd64.s:1771 +0x1 fp=0x115fa65857e8 sp=0x115fa65857e0 pc=0x55b6403b7b41
created by runtime.gcBgMarkStartWorkers in goroutine 1
	/usr/lib/golang/src/runtime/mgc.go:1695 +0x105

goroutine 270 gp=0x115fa647d2c0 m=nil [GC worker (idle)]:
runtime.gopark(0x0?, 0x0?, 0x0?, 0x0?, 0x0?)
	/usr/lib/golang/src/runtime/proc.go:462 +0xce fp=0x115fa6585f40 sp=0x115fa6585f20 pc=0x55b6403b00ae
runtime.gcBgMarkWorker(0x115fa5e141c0)
	/usr/lib/golang/src/runtime/mgc.go:1791 +0xeb fp=0x115fa6585fc8 sp=0x115fa6585f40 pc=0x55b64035892b
runtime.gcBgMarkStartWorkers.gowrap1()
	/usr/lib/golang/src/runtime/mgc.go:1695 +0x17 fp=0x115fa6585fe0 sp=0x115fa6585fc8 pc=0x55b640358817
runtime.goexit({})
	/usr/lib/golang/src/runtime/asm_amd64.s:1771 +0x1 fp=0x115fa6585fe8 sp=0x115fa6585fe0 pc=0x55b6403b7b41
created by runtime.gcBgMarkStartWorkers in goroutine 1
	/usr/lib/golang/src/runtime/mgc.go:1695 +0x105

goroutine 271 gp=0x115fa647d4a0 m=nil [GC worker (idle)]:
runtime.gopark(0x0?, 0x0?, 0x0?, 0x0?, 0x0?)
	/usr/lib/golang/src/runtime/proc.go:462 +0xce fp=0x115fa6586740 sp=0x115fa6586720 pc=0x55b6403b00ae
runtime.gcBgMarkWorker(0x115fa5e141c0)
	/usr/lib/golang/src/runtime/mgc.go:1791 +0xeb fp=0x115fa65867c8 sp=0x115fa6586740 pc=0x55b64035892b
runtime.gcBgMarkStartWorkers.gowrap1()
	/usr/lib/golang/src/runtime/mgc.go:1695 +0x17 fp=0x115fa65867e0 sp=0x115fa65867c8 pc=0x55b640358817
runtime.goexit({})
	/usr/lib/golang/src/runtime/asm_amd64.s:1771 +0x1 fp=0x115fa65867e8 sp=0x115fa65867e0 pc=0x55b6403b7b41
created by runtime.gcBgMarkStartWorkers in goroutine 1
	/usr/lib/golang/src/runtime/mgc.go:1695 +0x105

goroutine 272 gp=0x115fa647d680 m=nil [GC worker (idle)]:
runtime.gopark(0x0?, 0x0?, 0x0?, 0x0?, 0x0?)
	/usr/lib/golang/src/runtime/proc.go:462 +0xce fp=0x115fa6586f40 sp=0x115fa6586f20 pc=0x55b6403b00ae
runtime.gcBgMarkWorker(0x115fa5e141c0)
	/usr/lib/golang/src/runtime/mgc.go:1791 +0xeb fp=0x115fa6586fc8 sp=0x115fa6586f40 pc=0x55b64035892b
runtime.gcBgMarkStartWorkers.gowrap1()
	/usr/lib/golang/src/runtime/mgc.go:1695 +0x17 fp=0x115fa6586fe0 sp=0x115fa6586fc8 pc=0x55b640358817
runtime.goexit({})
	/usr/lib/golang/src/runtime/asm_amd64.s:1771 +0x1 fp=0x115fa6586fe8 sp=0x115fa6586fe0 pc=0x55b6403b7b41
created by runtime.gcBgMarkStartWorkers in goroutine 1
	/usr/lib/golang/src/runtime/mgc.go:1695 +0x105

goroutine 273 gp=0x115fa647d860 m=nil [GC worker (idle)]:
runtime.gopark(0x0?, 0x0?, 0x0?, 0x0?, 0x0?)
	/usr/lib/golang/src/runtime/proc.go:462 +0xce fp=0x115fa6587740 sp=0x115fa6587720 pc=0x55b6403b00ae
runtime.gcBgMarkWorker(0x115fa5e141c0)
	/usr/lib/golang/src/runtime/mgc.go:1791 +0xeb fp=0x115fa65877c8 sp=0x115fa6587740 pc=0x55b64035892b
runtime.gcBgMarkStartWorkers.gowrap1()
	/usr/lib/golang/src/runtime/mgc.go:1695 +0x17 fp=0x115fa65877e0 sp=0x115fa65877c8 pc=0x55b640358817
runtime.goexit({})
	/usr/lib/golang/src/runtime/asm_amd64.s:1771 +0x1 fp=0x115fa65877e8 sp=0x115fa65877e0 pc=0x55b6403b7b41
created by runtime.gcBgMarkStartWorkers in goroutine 1
	/usr/lib/golang/src/runtime/mgc.go:1695 +0x105

goroutine 274 gp=0x115fa647da40 m=nil [GC worker (idle)]:
runtime.gopark(0x0?, 0x0?, 0x0?, 0x0?, 0x0?)
	/usr/lib/golang/src/runtime/proc.go:462 +0xce fp=0x115fa6587f40 sp=0x115fa6587f20 pc=0x55b6403b00ae
runtime.gcBgMarkWorker(0x115fa5e141c0)
	/usr/lib/golang/src/runtime/mgc.go:1791 +0xeb fp=0x115fa6587fc8 sp=0x115fa6587f40 pc=0x55b64035892b
runtime.gcBgMarkStartWorkers.gowrap1()
	/usr/lib/golang/src/runtime/mgc.go:1695 +0x17 fp=0x115fa6587fe0 sp=0x115fa6587fc8 pc=0x55b640358817
runtime.goexit({})
	/usr/lib/golang/src/runtime/asm_amd64.s:1771 +0x1 fp=0x115fa6587fe8 sp=0x115fa6587fe0 pc=0x55b6403b7b41
created by runtime.gcBgMarkStartWorkers in goroutine 1
	/usr/lib/golang/src/runtime/mgc.go:1695 +0x105

goroutine 275 gp=0x115fa647dc20 m=nil [GC worker (idle)]:
runtime.gopark(0x0?, 0x0?, 0x0?, 0x0?, 0x0?)
	/usr/lib/golang/src/runtime/proc.go:462 +0xce fp=0x115fa6580740 sp=0x115fa6580720 pc=0x55b6403b00ae
runtime.gcBgMarkWorker(0x115fa5e141c0)
	/usr/lib/golang/src/runtime/mgc.go:1791 +0xeb fp=0x115fa65807c8 sp=0x115fa6580740 pc=0x55b64035892b
runtime.gcBgMarkStartWorkers.gowrap1()
	/usr/lib/golang/src/runtime/mgc.go:1695 +0x17 fp=0x115fa65807e0 sp=0x115fa65807c8 pc=0x55b640358817
runtime.goexit({})
	/usr/lib/golang/src/runtime/asm_amd64.s:1771 +0x1 fp=0x115fa65807e8 sp=0x115fa65807e0 pc=0x55b6403b7b41
created by runtime.gcBgMarkStartWorkers in goroutine 1
	/usr/lib/golang/src/runtime/mgc.go:1695 +0x105

goroutine 276 gp=0x115fa6588000 m=nil [GC worker (idle)]:
runtime.gopark(0x0?, 0x0?, 0x0?, 0x0?, 0x0?)
	/usr/lib/golang/src/runtime/proc.go:462 +0xce fp=0x115fa6580f40 sp=0x115fa6580f20 pc=0x55b6403b00ae
runtime.gcBgMarkWorker(0x115fa5e141c0)
	/usr/lib/golang/src/runtime/mgc.go:1791 +0xeb fp=0x115fa6580fc8 sp=0x115fa6580f40 pc=0x55b64035892b
runtime.gcBgMarkStartWorkers.gowrap1()
	/usr/lib/golang/src/runtime/mgc.go:1695 +0x17 fp=0x115fa6580fe0 sp=0x115fa6580fc8 pc=0x55b640358817
runtime.goexit({})
	/usr/lib/golang/src/runtime/asm_amd64.s:1771 +0x1 fp=0x115fa6580fe8 sp=0x115fa6580fe0 pc=0x55b6403b7b41
created by runtime.gcBgMarkStartWorkers in goroutine 1
	/usr/lib/golang/src/runtime/mgc.go:1695 +0x105

goroutine 277 gp=0x115fa65881e0 m=nil [GC worker (idle)]:
runtime.gopark(0x0?, 0x0?, 0x0?, 0x0?, 0x0?)
	/usr/lib/golang/src/runtime/proc.go:462 +0xce fp=0x115fa6581740 sp=0x115fa6581720 pc=0x55b6403b00ae
runtime.gcBgMarkWorker(0x115fa5e141c0)
	/usr/lib/golang/src/runtime/mgc.go:1791 +0xeb fp=0x115fa65817c8 sp=0x115fa6581740 pc=0x55b64035892b
runtime.gcBgMarkStartWorkers.gowrap1()
	/usr/lib/golang/src/runtime/mgc.go:1695 +0x17 fp=0x115fa65817e0 sp=0x115fa65817c8 pc=0x55b640358817
runtime.goexit({})
	/usr/lib/golang/src/runtime/asm_amd64.s:1771 +0x1 fp=0x115fa65817e8 sp=0x115fa65817e0 pc=0x55b6403b7b41
created by runtime.gcBgMarkStartWorkers in goroutine 1
	/usr/lib/golang/src/runtime/mgc.go:1695 +0x105

goroutine 278 gp=0x115fa65883c0 m=nil [GC worker (idle)]:
runtime.gopark(0x0?, 0x0?, 0x0?, 0x0?, 0x0?)
	/usr/lib/golang/src/runtime/proc.go:462 +0xce fp=0x115fa6581f40 sp=0x115fa6581f20 pc=0x55b6403b00ae
runtime.gcBgMarkWorker(0x115fa5e141c0)
	/usr/lib/golang/src/runtime/mgc.go:1791 +0xeb fp=0x115fa6581fc8 sp=0x115fa6581f40 pc=0x55b64035892b
runtime.gcBgMarkStartWorkers.gowrap1()
	/usr/lib/golang/src/runtime/mgc.go:1695 +0x17 fp=0x115fa6581fe0 sp=0x115fa6581fc8 pc=0x55b640358817
runtime.goexit({})
	/usr/lib/golang/src/runtime/asm_amd64.s:1771 +0x1 fp=0x115fa6581fe8 sp=0x115fa6581fe0 pc=0x55b6403b7b41
created by runtime.gcBgMarkStartWorkers in goroutine 1
	/usr/lib/golang/src/runtime/mgc.go:1695 +0x105

goroutine 279 gp=0x115fa65885a0 m=nil [GC worker (idle)]:
runtime.gopark(0x0?, 0x0?, 0x0?, 0x0?, 0x0?)
	/usr/lib/golang/src/runtime/proc.go:462 +0xce fp=0x115fa6582740 sp=0x115fa6582720 pc=0x55b6403b00ae
runtime.gcBgMarkWorker(0x115fa5e141c0)
	/usr/lib/golang/src/runtime/mgc.go:1791 +0xeb fp=0x115fa65827c8 sp=0x115fa6582740 pc=0x55b64035892b
runtime.gcBgMarkStartWorkers.gowrap1()
	/usr/lib/golang/src/runtime/mgc.go:1695 +0x17 fp=0x115fa65827e0 sp=0x115fa65827c8 pc=0x55b640358817
runtime.goexit({})
	/usr/lib/golang/src/runtime/asm_amd64.s:1771 +0x1 fp=0x115fa65827e8 sp=0x115fa65827e0 pc=0x55b6403b7b41
created by runtime.gcBgMarkStartWorkers in goroutine 1
	/usr/lib/golang/src/runtime/mgc.go:1695 +0x105

goroutine 280 gp=0x115fa6588780 m=nil [GC worker (idle)]:
runtime.gopark(0x0?, 0x0?, 0x0?, 0x0?, 0x0?)
	/usr/lib/golang/src/runtime/proc.go:462 +0xce fp=0x115fa6582f40 sp=0x115fa6582f20 pc=0x55b6403b00ae
runtime.gcBgMarkWorker(0x115fa5e141c0)
	/usr/lib/golang/src/runtime/mgc.go:1791 +0xeb fp=0x115fa6582fc8 sp=0x115fa6582f40 pc=0x55b64035892b
runtime.gcBgMarkStartWorkers.gowrap1()
	/usr/lib/golang/src/runtime/mgc.go:1695 +0x17 fp=0x115fa6582fe0 sp=0x115fa6582fc8 pc=0x55b640358817
runtime.goexit({})
	/usr/lib/golang/src/runtime/asm_amd64.s:1771 +0x1 fp=0x115fa6582fe8 sp=0x115fa6582fe0 pc=0x55b6403b7b41
created by runtime.gcBgMarkStartWorkers in goroutine 1
	/usr/lib/golang/src/runtime/mgc.go:1695 +0x105

goroutine 281 gp=0x115fa6588960 m=nil [GC worker (idle)]:
runtime.gopark(0x0?, 0x0?, 0x0?, 0x0?, 0x0?)
	/usr/lib/golang/src/runtime/proc.go:462 +0xce fp=0x115fa6583740 sp=0x115fa6583720 pc=0x55b6403b00ae
runtime.gcBgMarkWorker(0x115fa5e141c0)
	/usr/lib/golang/src/runtime/mgc.go:1791 +0xeb fp=0x115fa65837c8 sp=0x115fa6583740 pc=0x55b64035892b
runtime.gcBgMarkStartWorkers.gowrap1()
	/usr/lib/golang/src/runtime/mgc.go:1695 +0x17 fp=0x115fa65837e0 sp=0x115fa65837c8 pc=0x55b640358817
runtime.goexit({})
	/usr/lib/golang/src/runtime/asm_amd64.s:1771 +0x1 fp=0x115fa65837e8 sp=0x115fa65837e0 pc=0x55b6403b7b41
created by runtime.gcBgMarkStartWorkers in goroutine 1
	/usr/lib/golang/src/runtime/mgc.go:1695 +0x105

goroutine 282 gp=0x115fa6588b40 m=nil [GC worker (idle)]:
runtime.gopark(0x0?, 0x0?, 0x0?, 0x0?, 0x0?)
	/usr/lib/golang/src/runtime/proc.go:462 +0xce fp=0x115fa6583f40 sp=0x115fa6583f20 pc=0x55b6403b00ae
runtime.gcBgMarkWorker(0x115fa5e141c0)
	/usr/lib/golang/src/runtime/mgc.go:1791 +0xeb fp=0x115fa6583fc8 sp=0x115fa6583f40 pc=0x55b64035892b
runtime.gcBgMarkStartWorkers.gowrap1()
	/usr/lib/golang/src/runtime/mgc.go:1695 +0x17 fp=0x115fa6583fe0 sp=0x115fa6583fc8 pc=0x55b640358817
runtime.goexit({})
	/usr/lib/golang/src/runtime/asm_amd64.s:1771 +0x1 fp=0x115fa6583fe8 sp=0x115fa6583fe0 pc=0x55b6403b7b41
created by runtime.gcBgMarkStartWorkers in goroutine 1
	/usr/lib/golang/src/runtime/mgc.go:1695 +0x105

goroutine 283 gp=0x115fa6588d20 m=nil [GC worker (idle)]:
runtime.gopark(0x0?, 0x0?, 0x0?, 0x0?, 0x0?)
	/usr/lib/golang/src/runtime/proc.go:462 +0xce fp=0x115fa6590740 sp=0x115fa6590720 pc=0x55b6403b00ae
runtime.gcBgMarkWorker(0x115fa5e141c0)
	/usr/lib/golang/src/runtime/mgc.go:1791 +0xeb fp=0x115fa65907c8 sp=0x115fa6590740 pc=0x55b64035892b
runtime.gcBgMarkStartWorkers.gowrap1()
	/usr/lib/golang/src/runtime/mgc.go:1695 +0x17 fp=0x115fa65907e0 sp=0x115fa65907c8 pc=0x55b640358817
runtime.goexit({})
	/usr/lib/golang/src/runtime/asm_amd64.s:1771 +0x1 fp=0x115fa65907e8 sp=0x115fa65907e0 pc=0x55b6403b7b41
created by runtime.gcBgMarkStartWorkers in goroutine 1
	/usr/lib/golang/src/runtime/mgc.go:1695 +0x105

goroutine 284 gp=0x115fa6588f00 m=nil [GC worker (idle)]:
runtime.gopark(0x0?, 0x0?, 0x0?, 0x0?, 0x0?)
	/usr/lib/golang/src/runtime/proc.go:462 +0xce fp=0x115fa6590f40 sp=0x115fa6590f20 pc=0x55b6403b00ae
runtime.gcBgMarkWorker(0x115fa5e141c0)
	/usr/lib/golang/src/runtime/mgc.go:1791 +0xeb fp=0x115fa6590fc8 sp=0x115fa6590f40 pc=0x55b64035892b
runtime.gcBgMarkStartWorkers.gowrap1()
	/usr/lib/golang/src/runtime/mgc.go:1695 +0x17 fp=0x115fa6590fe0 sp=0x115fa6590fc8 pc=0x55b640358817
runtime.goexit({})
	/usr/lib/golang/src/runtime/asm_amd64.s:1771 +0x1 fp=0x115fa6590fe8 sp=0x115fa6590fe0 pc=0x55b6403b7b41
created by runtime.gcBgMarkStartWorkers in goroutine 1
	/usr/lib/golang/src/runtime/mgc.go:1695 +0x105

goroutine 285 gp=0x115fa65890e0 m=nil [GC worker (idle)]:
runtime.gopark(0x0?, 0x0?, 0x0?, 0x0?, 0x0?)
	/usr/lib/golang/src/runtime/proc.go:462 +0xce fp=0x115fa6591740 sp=0x115fa6591720 pc=0x55b6403b00ae
runtime.gcBgMarkWorker(0x115fa5e141c0)
	/usr/lib/golang/src/runtime/mgc.go:1791 +0xeb fp=0x115fa65917c8 sp=0x115fa6591740 pc=0x55b64035892b
runtime.gcBgMarkStartWorkers.gowrap1()
	/usr/lib/golang/src/runtime/mgc.go:1695 +0x17 fp=0x115fa65917e0 sp=0x115fa65917c8 pc=0x55b640358817
runtime.goexit({})
	/usr/lib/golang/src/runtime/asm_amd64.s:1771 +0x1 fp=0x115fa65917e8 sp=0x115fa65917e0 pc=0x55b6403b7b41
created by runtime.gcBgMarkStartWorkers in goroutine 1
	/usr/lib/golang/src/runtime/mgc.go:1695 +0x105

goroutine 286 gp=0x115fa65892c0 m=nil [GC worker (idle)]:
runtime.gopark(0x0?, 0x0?, 0x0?, 0x0?, 0x0?)
	/usr/lib/golang/src/runtime/proc.go:462 +0xce fp=0x115fa6591f40 sp=0x115fa6591f20 pc=0x55b6403b00ae
runtime.gcBgMarkWorker(0x115fa5e141c0)
	/usr/lib/golang/src/runtime/mgc.go:1791 +0xeb fp=0x115fa6591fc8 sp=0x115fa6591f40 pc=0x55b64035892b
runtime.gcBgMarkStartWorkers.gowrap1()
	/usr/lib/golang/src/runtime/mgc.go:1695 +0x17 fp=0x115fa6591fe0 sp=0x115fa6591fc8 pc=0x55b640358817
runtime.goexit({})
	/usr/lib/golang/src/runtime/asm_amd64.s:1771 +0x1 fp=0x115fa6591fe8 sp=0x115fa6591fe0 pc=0x55b6403b7b41
created by runtime.gcBgMarkStartWorkers in goroutine 1
	/usr/lib/golang/src/runtime/mgc.go:1695 +0x105

goroutine 287 gp=0x115fa65894a0 m=nil [GC worker (idle)]:
runtime.gopark(0x0?, 0x0?, 0x0?, 0x0?, 0x0?)
	/usr/lib/golang/src/runtime/proc.go:462 +0xce fp=0x115fa6592740 sp=0x115fa6592720 pc=0x55b6403b00ae
runtime.gcBgMarkWorker(0x115fa5e141c0)
	/usr/lib/golang/src/runtime/mgc.go:1791 +0xeb fp=0x115fa65927c8 sp=0x115fa6592740 pc=0x55b64035892b
runtime.gcBgMarkStartWorkers.gowrap1()
	/usr/lib/golang/src/runtime/mgc.go:1695 +0x17 fp=0x115fa65927e0 sp=0x115fa65927c8 pc=0x55b640358817
runtime.goexit({})
	/usr/lib/golang/src/runtime/asm_amd64.s:1771 +0x1 fp=0x115fa65927e8 sp=0x115fa65927e0 pc=0x55b6403b7b41
created by runtime.gcBgMarkStartWorkers in goroutine 1
	/usr/lib/golang/src/runtime/mgc.go:1695 +0x105

goroutine 288 gp=0x115fa6589680 m=nil [GC worker (idle)]:
runtime.gopark(0x0?, 0x0?, 0x0?, 0x0?, 0x0?)
	/usr/lib/golang/src/runtime/proc.go:462 +0xce fp=0x115fa6592f40 sp=0x115fa6592f20 pc=0x55b6403b00ae
runtime.gcBgMarkWorker(0x115fa5e141c0)
	/usr/lib/golang/src/runtime/mgc.go:1791 +0xeb fp=0x115fa6592fc8 sp=0x115fa6592f40 pc=0x55b64035892b
runtime.gcBgMarkStartWorkers.gowrap1()
	/usr/lib/golang/src/runtime/mgc.go:1695 +0x17 fp=0x115fa6592fe0 sp=0x115fa6592fc8 pc=0x55b640358817
runtime.goexit({})
	/usr/lib/golang/src/runtime/asm_amd64.s:1771 +0x1 fp=0x115fa6592fe8 sp=0x115fa6592fe0 pc=0x55b6403b7b41
created by runtime.gcBgMarkStartWorkers in goroutine 1
	/usr/lib/golang/src/runtime/mgc.go:1695 +0x105

goroutine 289 gp=0x115fa6589860 m=nil [GC worker (idle)]:
runtime.gopark(0x0?, 0x0?, 0x0?, 0x0?, 0x0?)
	/usr/lib/golang/src/runtime/proc.go:462 +0xce fp=0x115fa6593740 sp=0x115fa6593720 pc=0x55b6403b00ae
runtime.gcBgMarkWorker(0x115fa5e141c0)
	/usr/lib/golang/src/runtime/mgc.go:1791 +0xeb fp=0x115fa65937c8 sp=0x115fa6593740 pc=0x55b64035892b
runtime.gcBgMarkStartWorkers.gowrap1()
	/usr/lib/golang/src/runtime/mgc.go:1695 +0x17 fp=0x115fa65937e0 sp=0x115fa65937c8 pc=0x55b640358817
runtime.goexit({})
	/usr/lib/golang/src/runtime/asm_amd64.s:1771 +0x1 fp=0x115fa65937e8 sp=0x115fa65937e0 pc=0x55b6403b7b41
created by runtime.gcBgMarkStartWorkers in goroutine 1
	/usr/lib/golang/src/runtime/mgc.go:1695 +0x105

goroutine 290 gp=0x115fa6589a40 m=nil [GC worker (idle)]:
runtime.gopark(0x0?, 0x0?, 0x0?, 0x0?, 0x0?)
	/usr/lib/golang/src/runtime/proc.go:462 +0xce fp=0x115fa6593f40 sp=0x115fa6593f20 pc=0x55b6403b00ae
runtime.gcBgMarkWorker(0x115fa5e141c0)
	/usr/lib/golang/src/runtime/mgc.go:1791 +0xeb fp=0x115fa6593fc8 sp=0x115fa6593f40 pc=0x55b64035892b
runtime.gcBgMarkStartWorkers.gowrap1()
	/usr/lib/golang/src/runtime/mgc.go:1695 +0x17 fp=0x115fa6593fe0 sp=0x115fa6593fc8 pc=0x55b640358817
runtime.goexit({})
	/usr/lib/golang/src/runtime/asm_amd64.s:1771 +0x1 fp=0x115fa6593fe8 sp=0x115fa6593fe0 pc=0x55b6403b7b41
created by runtime.gcBgMarkStartWorkers in goroutine 1
	/usr/lib/golang/src/runtime/mgc.go:1695 +0x105

goroutine 291 gp=0x115fa6589c20 m=nil [GC worker (idle)]:
runtime.gopark(0x0?, 0x0?, 0x0?, 0x0?, 0x0?)
	/usr/lib/golang/src/runtime/proc.go:462 +0xce fp=0x115fa658c740 sp=0x115fa658c720 pc=0x55b6403b00ae
runtime.gcBgMarkWorker(0x115fa5e141c0)
	/usr/lib/golang/src/runtime/mgc.go:1791 +0xeb fp=0x115fa658c7c8 sp=0x115fa658c740 pc=0x55b64035892b
runtime.gcBgMarkStartWorkers.gowrap1()
	/usr/lib/golang/src/runtime/mgc.go:1695 +0x17 fp=0x115fa658c7e0 sp=0x115fa658c7c8 pc=0x55b640358817
runtime.goexit({})
	/usr/lib/golang/src/runtime/asm_amd64.s:1771 +0x1 fp=0x115fa658c7e8 sp=0x115fa658c7e0 pc=0x55b6403b7b41
created by runtime.gcBgMarkStartWorkers in goroutine 1
	/usr/lib/golang/src/runtime/mgc.go:1695 +0x105

goroutine 292 gp=0x115fa6594000 m=nil [GC worker (idle)]:
runtime.gopark(0x0?, 0x0?, 0x0?, 0x0?, 0x0?)
	/usr/lib/golang/src/runtime/proc.go:462 +0xce fp=0x115fa658cf40 sp=0x115fa658cf20 pc=0x55b6403b00ae
runtime.gcBgMarkWorker(0x115fa5e141c0)
	/usr/lib/golang/src/runtime/mgc.go:1791 +0xeb fp=0x115fa658cfc8 sp=0x115fa658cf40 pc=0x55b64035892b
runtime.gcBgMarkStartWorkers.gowrap1()
	/usr/lib/golang/src/runtime/mgc.go:1695 +0x17 fp=0x115fa658cfe0 sp=0x115fa658cfc8 pc=0x55b640358817
runtime.goexit({})
	/usr/lib/golang/src/runtime/asm_amd64.s:1771 +0x1 fp=0x115fa658cfe8 sp=0x115fa658cfe0 pc=0x55b6403b7b41
created by runtime.gcBgMarkStartWorkers in goroutine 1
	/usr/lib/golang/src/runtime/mgc.go:1695 +0x105

goroutine 293 gp=0x115fa65941e0 m=nil [GC worker (idle)]:
runtime.gopark(0x0?, 0x0?, 0x0?, 0x0?, 0x0?)
	/usr/lib/golang/src/runtime/proc.go:462 +0xce fp=0x115fa658d740 sp=0x115fa658d720 pc=0x55b6403b00ae
runtime.gcBgMarkWorker(0x115fa5e141c0)
	/usr/lib/golang/src/runtime/mgc.go:1791 +0xeb fp=0x115fa658d7c8 sp=0x115fa658d740 pc=0x55b64035892b
runtime.gcBgMarkStartWorkers.gowrap1()
	/usr/lib/golang/src/runtime/mgc.go:1695 +0x17 fp=0x115fa658d7e0 sp=0x115fa658d7c8 pc=0x55b640358817
runtime.goexit({})
	/usr/lib/golang/src/runtime/asm_amd64.s:1771 +0x1 fp=0x115fa658d7e8 sp=0x115fa658d7e0 pc=0x55b6403b7b41
created by runtime.gcBgMarkStartWorkers in goroutine 1
	/usr/lib/golang/src/runtime/mgc.go:1695 +0x105

goroutine 294 gp=0x115fa65943c0 m=nil [GC worker (idle)]:
runtime.gopark(0x0?, 0x0?, 0x0?, 0x0?, 0x0?)
	/usr/lib/golang/src/runtime/proc.go:462 +0xce fp=0x115fa658df40 sp=0x115fa658df20 pc=0x55b6403b00ae
runtime.gcBgMarkWorker(0x115fa5e141c0)
	/usr/lib/golang/src/runtime/mgc.go:1791 +0xeb fp=0x115fa658dfc8 sp=0x115fa658df40 pc=0x55b64035892b
runtime.gcBgMarkStartWorkers.gowrap1()
	/usr/lib/golang/src/runtime/mgc.go:1695 +0x17 fp=0x115fa658dfe0 sp=0x115fa658dfc8 pc=0x55b640358817
runtime.goexit({})
	/usr/lib/golang/src/runtime/asm_amd64.s:1771 +0x1 fp=0x115fa658dfe8 sp=0x115fa658dfe0 pc=0x55b6403b7b41
created by runtime.gcBgMarkStartWorkers in goroutine 1
	/usr/lib/golang/src/runtime/mgc.go:1695 +0x105

goroutine 295 gp=0x115fa65945a0 m=nil [GC worker (idle)]:
runtime.gopark(0x0?, 0x0?, 0x0?, 0x0?, 0x0?)
	/usr/lib/golang/src/runtime/proc.go:462 +0xce fp=0x115fa658e740 sp=0x115fa658e720 pc=0x55b6403b00ae
runtime.gcBgMarkWorker(0x115fa5e141c0)
	/usr/lib/golang/src/runtime/mgc.go:1791 +0xeb fp=0x115fa658e7c8 sp=0x115fa658e740 pc=0x55b64035892b
runtime.gcBgMarkStartWorkers.gowrap1()
	/usr/lib/golang/src/runtime/mgc.go:1695 +0x17 fp=0x115fa658e7e0 sp=0x115fa658e7c8 pc=0x55b640358817
runtime.goexit({})
	/usr/lib/golang/src/runtime/asm_amd64.s:1771 +0x1 fp=0x115fa658e7e8 sp=0x115fa658e7e0 pc=0x55b6403b7b41
created by runtime.gcBgMarkStartWorkers in goroutine 1
	/usr/lib/golang/src/runtime/mgc.go:1695 +0x105

goroutine 296 gp=0x115fa6594780 m=nil [GC worker (idle)]:
runtime.gopark(0x0?, 0x0?, 0x0?, 0x0?, 0x0?)
	/usr/lib/golang/src/runtime/proc.go:462 +0xce fp=0x115fa658ef40 sp=0x115fa658ef20 pc=0x55b6403b00ae
runtime.gcBgMarkWorker(0x115fa5e141c0)
	/usr/lib/golang/src/runtime/mgc.go:1791 +0xeb fp=0x115fa658efc8 sp=0x115fa658ef40 pc=0x55b64035892b
runtime.gcBgMarkStartWorkers.gowrap1()
	/usr/lib/golang/src/runtime/mgc.go:1695 +0x17 fp=0x115fa658efe0 sp=0x115fa658efc8 pc=0x55b640358817
runtime.goexit({})
	/usr/lib/golang/src/runtime/asm_amd64.s:1771 +0x1 fp=0x115fa658efe8 sp=0x115fa658efe0 pc=0x55b6403b7b41
created by runtime.gcBgMarkStartWorkers in goroutine 1
	/usr/lib/golang/src/runtime/mgc.go:1695 +0x105

goroutine 297 gp=0x115fa6594960 m=nil [GC worker (idle)]:
runtime.gopark(0x0?, 0x0?, 0x0?, 0x0?, 0x0?)
	/usr/lib/golang/src/runtime/proc.go:462 +0xce fp=0x115fa658f740 sp=0x115fa658f720 pc=0x55b6403b00ae
runtime.gcBgMarkWorker(0x115fa5e141c0)
	/usr/lib/golang/src/runtime/mgc.go:1791 +0xeb fp=0x115fa658f7c8 sp=0x115fa658f740 pc=0x55b64035892b
runtime.gcBgMarkStartWorkers.gowrap1()
	/usr/lib/golang/src/runtime/mgc.go:1695 +0x17 fp=0x115fa658f7e0 sp=0x115fa658f7c8 pc=0x55b640358817
runtime.goexit({})
	/usr/lib/golang/src/runtime/asm_amd64.s:1771 +0x1 fp=0x115fa658f7e8 sp=0x115fa658f7e0 pc=0x55b6403b7b41
created by runtime.gcBgMarkStartWorkers in goroutine 1
	/usr/lib/golang/src/runtime/mgc.go:1695 +0x105

goroutine 298 gp=0x115fa6594b40 m=nil [GC worker (idle)]:
runtime.gopark(0x0?, 0x0?, 0x0?, 0x0?, 0x0?)
	/usr/lib/golang/src/runtime/proc.go:462 +0xce fp=0x115fa658ff40 sp=0x115fa658ff20 pc=0x55b6403b00ae
runtime.gcBgMarkWorker(0x115fa5e141c0)
	/usr/lib/golang/src/runtime/mgc.go:1791 +0xeb fp=0x115fa658ffc8 sp=0x115fa658ff40 pc=0x55b64035892b
runtime.gcBgMarkStartWorkers.gowrap1()
	/usr/lib/golang/src/runtime/mgc.go:1695 +0x17 fp=0x115fa658ffe0 sp=0x115fa658ffc8 pc=0x55b640358817
runtime.goexit({})
	/usr/lib/golang/src/runtime/asm_amd64.s:1771 +0x1 fp=0x115fa658ffe8 sp=0x115fa658ffe0 pc=0x55b6403b7b41
created by runtime.gcBgMarkStartWorkers in goroutine 1
	/usr/lib/golang/src/runtime/mgc.go:1695 +0x105

goroutine 299 gp=0x115fa6594d20 m=nil [GC worker (idle)]:
runtime.gopark(0x0?, 0x0?, 0x0?, 0x0?, 0x0?)
	/usr/lib/golang/src/runtime/proc.go:462 +0xce fp=0x115fa659c740 sp=0x115fa659c720 pc=0x55b6403b00ae
runtime.gcBgMarkWorker(0x115fa5e141c0)
	/usr/lib/golang/src/runtime/mgc.go:1791 +0xeb fp=0x115fa659c7c8 sp=0x115fa659c740 pc=0x55b64035892b
runtime.gcBgMarkStartWorkers.gowrap1()
	/usr/lib/golang/src/runtime/mgc.go:1695 +0x17 fp=0x115fa659c7e0 sp=0x115fa659c7c8 pc=0x55b640358817
runtime.goexit({})
	/usr/lib/golang/src/runtime/asm_amd64.s:1771 +0x1 fp=0x115fa659c7e8 sp=0x115fa659c7e0 pc=0x55b6403b7b41
created by runtime.gcBgMarkStartWorkers in goroutine 1
	/usr/lib/golang/src/runtime/mgc.go:1695 +0x105

goroutine 300 gp=0x115fa6594f00 m=nil [GC worker (idle)]:
runtime.gopark(0x0?, 0x0?, 0x0?, 0x0?, 0x0?)
	/usr/lib/golang/src/runtime/proc.go:462 +0xce fp=0x115fa659cf40 sp=0x115fa659cf20 pc=0x55b6403b00ae
runtime.gcBgMarkWorker(0x115fa5e141c0)
	/usr/lib/golang/src/runtime/mgc.go:1791 +0xeb fp=0x115fa659cfc8 sp=0x115fa659cf40 pc=0x55b64035892b
runtime.gcBgMarkStartWorkers.gowrap1()
	/usr/lib/golang/src/runtime/mgc.go:1695 +0x17 fp=0x115fa659cfe0 sp=0x115fa659cfc8 pc=0x55b640358817
runtime.goexit({})
	/usr/lib/golang/src/runtime/asm_amd64.s:1771 +0x1 fp=0x115fa659cfe8 sp=0x115fa659cfe0 pc=0x55b6403b7b41
created by runtime.gcBgMarkStartWorkers in goroutine 1
	/usr/lib/golang/src/runtime/mgc.go:1695 +0x105

goroutine 301 gp=0x115fa65950e0 m=nil [GC worker (idle)]:
runtime.gopark(0x0?, 0x0?, 0x0?, 0x0?, 0x0?)
	/usr/lib/golang/src/runtime/proc.go:462 +0xce fp=0x115fa659d740 sp=0x115fa659d720 pc=0x55b6403b00ae
runtime.gcBgMarkWorker(0x115fa5e141c0)
	/usr/lib/golang/src/runtime/mgc.go:1791 +0xeb fp=0x115fa659d7c8 sp=0x115fa659d740 pc=0x55b64035892b
runtime.gcBgMarkStartWorkers.gowrap1()
	/usr/lib/golang/src/runtime/mgc.go:1695 +0x17 fp=0x115fa659d7e0 sp=0x115fa659d7c8 pc=0x55b640358817
runtime.goexit({})
	/usr/lib/golang/src/runtime/asm_amd64.s:1771 +0x1 fp=0x115fa659d7e8 sp=0x115fa659d7e0 pc=0x55b6403b7b41
created by runtime.gcBgMarkStartWorkers in goroutine 1
	/usr/lib/golang/src/runtime/mgc.go:1695 +0x105

goroutine 302 gp=0x115fa65952c0 m=nil [GC worker (idle)]:
runtime.gopark(0x0?, 0x0?, 0x0?, 0x0?, 0x0?)
	/usr/lib/golang/src/runtime/proc.go:462 +0xce fp=0x115fa659df40 sp=0x115fa659df20 pc=0x55b6403b00ae
runtime.gcBgMarkWorker(0x115fa5e141c0)
	/usr/lib/golang/src/runtime/mgc.go:1791 +0xeb fp=0x115fa659dfc8 sp=0x115fa659df40 pc=0x55b64035892b
runtime.gcBgMarkStartWorkers.gowrap1()
	/usr/lib/golang/src/runtime/mgc.go:1695 +0x17 fp=0x115fa659dfe0 sp=0x115fa659dfc8 pc=0x55b640358817
runtime.goexit({})
	/usr/lib/golang/src/runtime/asm_amd64.s:1771 +0x1 fp=0x115fa659dfe8 sp=0x115fa659dfe0 pc=0x55b6403b7b41
created by runtime.gcBgMarkStartWorkers in goroutine 1
	/usr/lib/golang/src/runtime/mgc.go:1695 +0x105

goroutine 303 gp=0x115fa65954a0 m=nil [GC worker (idle)]:
runtime.gopark(0x0?, 0x0?, 0x0?, 0x0?, 0x0?)
	/usr/lib/golang/src/runtime/proc.go:462 +0xce fp=0x115fa659e740 sp=0x115fa659e720 pc=0x55b6403b00ae
runtime.gcBgMarkWorker(0x115fa5e141c0)
	/usr/lib/golang/src/runtime/mgc.go:1791 +0xeb fp=0x115fa659e7c8 sp=0x115fa659e740 pc=0x55b64035892b
runtime.gcBgMarkStartWorkers.gowrap1()
	/usr/lib/golang/src/runtime/mgc.go:1695 +0x17 fp=0x115fa659e7e0 sp=0x115fa659e7c8 pc=0x55b640358817
runtime.goexit({})
	/usr/lib/golang/src/runtime/asm_amd64.s:1771 +0x1 fp=0x115fa659e7e8 sp=0x115fa659e7e0 pc=0x55b6403b7b41
created by runtime.gcBgMarkStartWorkers in goroutine 1
	/usr/lib/golang/src/runtime/mgc.go:1695 +0x105

goroutine 304 gp=0x115fa6595680 m=nil [GC worker (idle)]:
runtime.gopark(0x0?, 0x0?, 0x0?, 0x0?, 0x0?)
	/usr/lib/golang/src/runtime/proc.go:462 +0xce fp=0x115fa659ef40 sp=0x115fa659ef20 pc=0x55b6403b00ae
runtime.gcBgMarkWorker(0x115fa5e141c0)
	/usr/lib/golang/src/runtime/mgc.go:1791 +0xeb fp=0x115fa659efc8 sp=0x115fa659ef40 pc=0x55b64035892b
runtime.gcBgMarkStartWorkers.gowrap1()
	/usr/lib/golang/src/runtime/mgc.go:1695 +0x17 fp=0x115fa659efe0 sp=0x115fa659efc8 pc=0x55b640358817
runtime.goexit({})
	/usr/lib/golang/src/runtime/asm_amd64.s:1771 +0x1 fp=0x115fa659efe8 sp=0x115fa659efe0 pc=0x55b6403b7b41
created by runtime.gcBgMarkStartWorkers in goroutine 1
	/usr/lib/golang/src/runtime/mgc.go:1695 +0x105

goroutine 305 gp=0x115fa6595860 m=nil [GC worker (idle)]:
runtime.gopark(0x0?, 0x0?, 0x0?, 0x0?, 0x0?)
	/usr/lib/golang/src/runtime/proc.go:462 +0xce fp=0x115fa659f740 sp=0x115fa659f720 pc=0x55b6403b00ae
runtime.gcBgMarkWorker(0x115fa5e141c0)
	/usr/lib/golang/src/runtime/mgc.go:1791 +0xeb fp=0x115fa659f7c8 sp=0x115fa659f740 pc=0x55b64035892b
runtime.gcBgMarkStartWorkers.gowrap1()
	/usr/lib/golang/src/runtime/mgc.go:1695 +0x17 fp=0x115fa659f7e0 sp=0x115fa659f7c8 pc=0x55b640358817
runtime.goexit({})
	/usr/lib/golang/src/runtime/asm_amd64.s:1771 +0x1 fp=0x115fa659f7e8 sp=0x115fa659f7e0 pc=0x55b6403b7b41
created by runtime.gcBgMarkStartWorkers in goroutine 1
	/usr/lib/golang/src/runtime/mgc.go:1695 +0x105

goroutine 306 gp=0x115fa6595a40 m=nil [GC worker (idle)]:
runtime.gopark(0x0?, 0x0?, 0x0?, 0x0?, 0x0?)
	/usr/lib/golang/src/runtime/proc.go:462 +0xce fp=0x115fa659ff40 sp=0x115fa659ff20 pc=0x55b6403b00ae
runtime.gcBgMarkWorker(0x115fa5e141c0)
	/usr/lib/golang/src/runtime/mgc.go:1791 +0xeb fp=0x115fa659ffc8 sp=0x115fa659ff40 pc=0x55b64035892b
runtime.gcBgMarkStartWorkers.gowrap1()
	/usr/lib/golang/src/runtime/mgc.go:1695 +0x17 fp=0x115fa659ffe0 sp=0x115fa659ffc8 pc=0x55b640358817
runtime.goexit({})
	/usr/lib/golang/src/runtime/asm_amd64.s:1771 +0x1 fp=0x115fa659ffe8 sp=0x115fa659ffe0 pc=0x55b6403b7b41
created by runtime.gcBgMarkStartWorkers in goroutine 1
	/usr/lib/golang/src/runtime/mgc.go:1695 +0x105

goroutine 307 gp=0x115fa6595c20 m=nil [GC worker (idle)]:
runtime.gopark(0x0?, 0x0?, 0x0?, 0x0?, 0x0?)
	/usr/lib/golang/src/runtime/proc.go:462 +0xce fp=0x115fa6598740 sp=0x115fa6598720 pc=0x55b6403b00ae
runtime.gcBgMarkWorker(0x115fa5e141c0)
	/usr/lib/golang/src/runtime/mgc.go:1791 +0xeb fp=0x115fa65987c8 sp=0x115fa6598740 pc=0x55b64035892b
runtime.gcBgMarkStartWorkers.gowrap1()
	/usr/lib/golang/src/runtime/mgc.go:1695 +0x17 fp=0x115fa65987e0 sp=0x115fa65987c8 pc=0x55b640358817
runtime.goexit({})
	/usr/lib/golang/src/runtime/asm_amd64.s:1771 +0x1 fp=0x115fa65987e8 sp=0x115fa65987e0 pc=0x55b6403b7b41
created by runtime.gcBgMarkStartWorkers in goroutine 1
	/usr/lib/golang/src/runtime/mgc.go:1695 +0x105

goroutine 308 gp=0x115fa65a6000 m=nil [GC worker (idle)]:
runtime.gopark(0x0?, 0x0?, 0x0?, 0x0?, 0x0?)
	/usr/lib/golang/src/runtime/proc.go:462 +0xce fp=0x115fa6598f40 sp=0x115fa6598f20 pc=0x55b6403b00ae
runtime.gcBgMarkWorker(0x115fa5e141c0)
	/usr/lib/golang/src/runtime/mgc.go:1791 +0xeb fp=0x115fa6598fc8 sp=0x115fa6598f40 pc=0x55b64035892b
runtime.gcBgMarkStartWorkers.gowrap1()
	/usr/lib/golang/src/runtime/mgc.go:1695 +0x17 fp=0x115fa6598fe0 sp=0x115fa6598fc8 pc=0x55b640358817
runtime.goexit({})
	/usr/lib/golang/src/runtime/asm_amd64.s:1771 +0x1 fp=0x115fa6598fe8 sp=0x115fa6598fe0 pc=0x55b6403b7b41
created by runtime.gcBgMarkStartWorkers in goroutine 1
	/usr/lib/golang/src/runtime/mgc.go:1695 +0x105

goroutine 309 gp=0x115fa65a61e0 m=nil [GC worker (idle)]:
runtime.gopark(0x0?, 0x0?, 0x0?, 0x0?, 0x0?)
	/usr/lib/golang/src/runtime/proc.go:462 +0xce fp=0x115fa6599740 sp=0x115fa6599720 pc=0x55b6403b00ae
runtime.gcBgMarkWorker(0x115fa5e141c0)
	/usr/lib/golang/src/runtime/mgc.go:1791 +0xeb fp=0x115fa65997c8 sp=0x115fa6599740 pc=0x55b64035892b
runtime.gcBgMarkStartWorkers.gowrap1()
	/usr/lib/golang/src/runtime/mgc.go:1695 +0x17 fp=0x115fa65997e0 sp=0x115fa65997c8 pc=0x55b640358817
runtime.goexit({})
	/usr/lib/golang/src/runtime/asm_amd64.s:1771 +0x1 fp=0x115fa65997e8 sp=0x115fa65997e0 pc=0x55b6403b7b41
created by runtime.gcBgMarkStartWorkers in goroutine 1
	/usr/lib/golang/src/runtime/mgc.go:1695 +0x105

goroutine 310 gp=0x115fa65a63c0 m=nil [GC worker (idle)]:
runtime.gopark(0x0?, 0x0?, 0x0?, 0x0?, 0x0?)
	/usr/lib/golang/src/runtime/proc.go:462 +0xce fp=0x115fa6599f40 sp=0x115fa6599f20 pc=0x55b6403b00ae
runtime.gcBgMarkWorker(0x115fa5e141c0)
	/usr/lib/golang/src/runtime/mgc.go:1791 +0xeb fp=0x115fa6599fc8 sp=0x115fa6599f40 pc=0x55b64035892b
runtime.gcBgMarkStartWorkers.gowrap1()
	/usr/lib/golang/src/runtime/mgc.go:1695 +0x17 fp=0x115fa6599fe0 sp=0x115fa6599fc8 pc=0x55b640358817
runtime.goexit({})
	/usr/lib/golang/src/runtime/asm_amd64.s:1771 +0x1 fp=0x115fa6599fe8 sp=0x115fa6599fe0 pc=0x55b6403b7b41
created by runtime.gcBgMarkStartWorkers in goroutine 1
	/usr/lib/golang/src/runtime/mgc.go:1695 +0x105

goroutine 311 gp=0x115fa65a65a0 m=nil [GC worker (idle)]:
runtime.gopark(0x0?, 0x0?, 0x0?, 0x0?, 0x0?)
	/usr/lib/golang/src/runtime/proc.go:462 +0xce fp=0x115fa659a740 sp=0x115fa659a720 pc=0x55b6403b00ae
runtime.gcBgMarkWorker(0x115fa5e141c0)
	/usr/lib/golang/src/runtime/mgc.go:1791 +0xeb fp=0x115fa659a7c8 sp=0x115fa659a740 pc=0x55b64035892b
runtime.gcBgMarkStartWorkers.gowrap1()
	/usr/lib/golang/src/runtime/mgc.go:1695 +0x17 fp=0x115fa659a7e0 sp=0x115fa659a7c8 pc=0x55b640358817
runtime.goexit({})
	/usr/lib/golang/src/runtime/asm_amd64.s:1771 +0x1 fp=0x115fa659a7e8 sp=0x115fa659a7e0 pc=0x55b6403b7b41
created by runtime.gcBgMarkStartWorkers in goroutine 1
	/usr/lib/golang/src/runtime/mgc.go:1695 +0x105

goroutine 312 gp=0x115fa65a6780 m=nil [GC worker (idle)]:
runtime.gopark(0x0?, 0x0?, 0x0?, 0x0?, 0x0?)
	/usr/lib/golang/src/runtime/proc.go:462 +0xce fp=0x115fa659af40 sp=0x115fa659af20 pc=0x55b6403b00ae
runtime.gcBgMarkWorker(0x115fa5e141c0)
	/usr/lib/golang/src/runtime/mgc.go:1791 +0xeb fp=0x115fa659afc8 sp=0x115fa659af40 pc=0x55b64035892b
runtime.gcBgMarkStartWorkers.gowrap1()
	/usr/lib/golang/src/runtime/mgc.go:1695 +0x17 fp=0x115fa659afe0 sp=0x115fa659afc8 pc=0x55b640358817
runtime.goexit({})
	/usr/lib/golang/src/runtime/asm_amd64.s:1771 +0x1 fp=0x115fa659afe8 sp=0x115fa659afe0 pc=0x55b6403b7b41
created by runtime.gcBgMarkStartWorkers in goroutine 1
	/usr/lib/golang/src/runtime/mgc.go:1695 +0x105

goroutine 313 gp=0x115fa65a6960 m=nil [GC worker (idle)]:
runtime.gopark(0x0?, 0x0?, 0x0?, 0x0?, 0x0?)
	/usr/lib/golang/src/runtime/proc.go:462 +0xce fp=0x115fa659b740 sp=0x115fa659b720 pc=0x55b6403b00ae
runtime.gcBgMarkWorker(0x115fa5e141c0)
	/usr/lib/golang/src/runtime/mgc.go:1791 +0xeb fp=0x115fa659b7c8 sp=0x115fa659b740 pc=0x55b64035892b
runtime.gcBgMarkStartWorkers.gowrap1()
	/usr/lib/golang/src/runtime/mgc.go:1695 +0x17 fp=0x115fa659b7e0 sp=0x115fa659b7c8 pc=0x55b640358817
runtime.goexit({})
	/usr/lib/golang/src/runtime/asm_amd64.s:1771 +0x1 fp=0x115fa659b7e8 sp=0x115fa659b7e0 pc=0x55b6403b7b41
created by runtime.gcBgMarkStartWorkers in goroutine 1
	/usr/lib/golang/src/runtime/mgc.go:1695 +0x105

goroutine 314 gp=0x115fa65a6b40 m=nil [GC worker (idle)]:
runtime.gopark(0x0?, 0x0?, 0x0?, 0x0?, 0x0?)
	/usr/lib/golang/src/runtime/proc.go:462 +0xce fp=0x115fa659bf40 sp=0x115fa659bf20 pc=0x55b6403b00ae
runtime.gcBgMarkWorker(0x115fa5e141c0)
	/usr/lib/golang/src/runtime/mgc.go:1791 +0xeb fp=0x115fa659bfc8 sp=0x115fa659bf40 pc=0x55b64035892b
runtime.gcBgMarkStartWorkers.gowrap1()
	/usr/lib/golang/src/runtime/mgc.go:1695 +0x17 fp=0x115fa659bfe0 sp=0x115fa659bfc8 pc=0x55b640358817
runtime.goexit({})
	/usr/lib/golang/src/runtime/asm_amd64.s:1771 +0x1 fp=0x115fa659bfe8 sp=0x115fa659bfe0 pc=0x55b6403b7b41
created by runtime.gcBgMarkStartWorkers in goroutine 1
	/usr/lib/golang/src/runtime/mgc.go:1695 +0x105

goroutine 315 gp=0x115fa65a6d20 m=nil [GC worker (idle)]:
runtime.gopark(0x0?, 0x0?, 0x0?, 0x0?, 0x0?)
	/usr/lib/golang/src/runtime/proc.go:462 +0xce fp=0x115fa65ae740 sp=0x115fa65ae720 pc=0x55b6403b00ae
runtime.gcBgMarkWorker(0x115fa5e141c0)
	/usr/lib/golang/src/runtime/mgc.go:1791 +0xeb fp=0x115fa65ae7c8 sp=0x115fa65ae740 pc=0x55b64035892b
runtime.gcBgMarkStartWorkers.gowrap1()
	/usr/lib/golang/src/runtime/mgc.go:1695 +0x17 fp=0x115fa65ae7e0 sp=0x115fa65ae7c8 pc=0x55b640358817
runtime.goexit({})
	/usr/lib/golang/src/runtime/asm_amd64.s:1771 +0x1 fp=0x115fa65ae7e8 sp=0x115fa65ae7e0 pc=0x55b6403b7b41
created by runtime.gcBgMarkStartWorkers in goroutine 1
	/usr/lib/golang/src/runtime/mgc.go:1695 +0x105

goroutine 316 gp=0x115fa65a6f00 m=nil [GC worker (idle)]:
runtime.gopark(0x0?, 0x0?, 0x0?, 0x0?, 0x0?)
	/usr/lib/golang/src/runtime/proc.go:462 +0xce fp=0x115fa65aef40 sp=0x115fa65aef20 pc=0x55b6403b00ae
runtime.gcBgMarkWorker(0x115fa5e141c0)
	/usr/lib/golang/src/runtime/mgc.go:1791 +0xeb fp=0x115fa65aefc8 sp=0x115fa65aef40 pc=0x55b64035892b
runtime.gcBgMarkStartWorkers.gowrap1()
	/usr/lib/golang/src/runtime/mgc.go:1695 +0x17 fp=0x115fa65aefe0 sp=0x115fa65aefc8 pc=0x55b640358817
runtime.goexit({})
	/usr/lib/golang/src/runtime/asm_amd64.s:1771 +0x1 fp=0x115fa65aefe8 sp=0x115fa65aefe0 pc=0x55b6403b7b41
created by runtime.gcBgMarkStartWorkers in goroutine 1
	/usr/lib/golang/src/runtime/mgc.go:1695 +0x105

goroutine 317 gp=0x115fa65a70e0 m=nil [GC worker (idle)]:
runtime.gopark(0x0?, 0x0?, 0x0?, 0x0?, 0x0?)
	/usr/lib/golang/src/runtime/proc.go:462 +0xce fp=0x115fa65af740 sp=0x115fa65af720 pc=0x55b6403b00ae
runtime.gcBgMarkWorker(0x115fa5e141c0)
	/usr/lib/golang/src/runtime/mgc.go:1791 +0xeb fp=0x115fa65af7c8 sp=0x115fa65af740 pc=0x55b64035892b
runtime.gcBgMarkStartWorkers.gowrap1()
	/usr/lib/golang/src/runtime/mgc.go:1695 +0x17 fp=0x115fa65af7e0 sp=0x115fa65af7c8 pc=0x55b640358817
runtime.goexit({})
	/usr/lib/golang/src/runtime/asm_amd64.s:1771 +0x1 fp=0x115fa65af7e8 sp=0x115fa65af7e0 pc=0x55b6403b7b41
created by runtime.gcBgMarkStartWorkers in goroutine 1
	/usr/lib/golang/src/runtime/mgc.go:1695 +0x105

goroutine 318 gp=0x115fa65a72c0 m=nil [GC worker (idle)]:
runtime.gopark(0x0?, 0x0?, 0x0?, 0x0?, 0x0?)
	/usr/lib/golang/src/runtime/proc.go:462 +0xce fp=0x115fa65aff40 sp=0x115fa65aff20 pc=0x55b6403b00ae
runtime.gcBgMarkWorker(0x115fa5e141c0)
	/usr/lib/golang/src/runtime/mgc.go:1791 +0xeb fp=0x115fa65affc8 sp=0x115fa65aff40 pc=0x55b64035892b
runtime.gcBgMarkStartWorkers.gowrap1()
	/usr/lib/golang/src/runtime/mgc.go:1695 +0x17 fp=0x115fa65affe0 sp=0x115fa65affc8 pc=0x55b640358817
runtime.goexit({})
	/usr/lib/golang/src/runtime/asm_amd64.s:1771 +0x1 fp=0x115fa65affe8 sp=0x115fa65affe0 pc=0x55b6403b7b41
created by runtime.gcBgMarkStartWorkers in goroutine 1
	/usr/lib/golang/src/runtime/mgc.go:1695 +0x105

goroutine 319 gp=0x115fa65a74a0 m=nil [GC worker (idle)]:
runtime.gopark(0x0?, 0x0?, 0x0?, 0x0?, 0x0?)
	/usr/lib/golang/src/runtime/proc.go:462 +0xce fp=0x115fa65b0740 sp=0x115fa65b0720 pc=0x55b6403b00ae
runtime.gcBgMarkWorker(0x115fa5e141c0)
	/usr/lib/golang/src/runtime/mgc.go:1791 +0xeb fp=0x115fa65b07c8 sp=0x115fa65b0740 pc=0x55b64035892b
runtime.gcBgMarkStartWorkers.gowrap1()
	/usr/lib/golang/src/runtime/mgc.go:1695 +0x17 fp=0x115fa65b07e0 sp=0x115fa65b07c8 pc=0x55b640358817
runtime.goexit({})
	/usr/lib/golang/src/runtime/asm_amd64.s:1771 +0x1 fp=0x115fa65b07e8 sp=0x115fa65b07e0 pc=0x55b6403b7b41
created by runtime.gcBgMarkStartWorkers in goroutine 1
	/usr/lib/golang/src/runtime/mgc.go:1695 +0x105

goroutine 320 gp=0x115fa65a7680 m=nil [GC worker (idle)]:
runtime.gopark(0x0?, 0x0?, 0x0?, 0x0?, 0x0?)
	/usr/lib/golang/src/runtime/proc.go:462 +0xce fp=0x115fa65b0f40 sp=0x115fa65b0f20 pc=0x55b6403b00ae
runtime.gcBgMarkWorker(0x115fa5e141c0)
	/usr/lib/golang/src/runtime/mgc.go:1791 +0xeb fp=0x115fa65b0fc8 sp=0x115fa65b0f40 pc=0x55b64035892b
runtime.gcBgMarkStartWorkers.gowrap1()
	/usr/lib/golang/src/runtime/mgc.go:1695 +0x17 fp=0x115fa65b0fe0 sp=0x115fa65b0fc8 pc=0x55b640358817
runtime.goexit({})
	/usr/lib/golang/src/runtime/asm_amd64.s:1771 +0x1 fp=0x115fa65b0fe8 sp=0x115fa65b0fe0 pc=0x55b6403b7b41
created by runtime.gcBgMarkStartWorkers in goroutine 1
	/usr/lib/golang/src/runtime/mgc.go:1695 +0x105

goroutine 321 gp=0x115fa65a7860 m=nil [GC worker (idle)]:
runtime.gopark(0x0?, 0x0?, 0x0?, 0x0?, 0x0?)
	/usr/lib/golang/src/runtime/proc.go:462 +0xce fp=0x115fa65b1740 sp=0x115fa65b1720 pc=0x55b6403b00ae
runtime.gcBgMarkWorker(0x115fa5e141c0)
	/usr/lib/golang/src/runtime/mgc.go:1791 +0xeb fp=0x115fa65b17c8 sp=0x115fa65b1740 pc=0x55b64035892b
runtime.gcBgMarkStartWorkers.gowrap1()
	/usr/lib/golang/src/runtime/mgc.go:1695 +0x17 fp=0x115fa65b17e0 sp=0x115fa65b17c8 pc=0x55b640358817
runtime.goexit({})
	/usr/lib/golang/src/runtime/asm_amd64.s:1771 +0x1 fp=0x115fa65b17e8 sp=0x115fa65b17e0 pc=0x55b6403b7b41
created by runtime.gcBgMarkStartWorkers in goroutine 1
	/usr/lib/golang/src/runtime/mgc.go:1695 +0x105

goroutine 322 gp=0x115fa65a7a40 m=nil [GC worker (idle)]:
runtime.gopark(0x0?, 0x0?, 0x0?, 0x0?, 0x0?)
	/usr/lib/golang/src/runtime/proc.go:462 +0xce fp=0x115fa65b1f40 sp=0x115fa65b1f20 pc=0x55b6403b00ae
runtime.gcBgMarkWorker(0x115fa5e141c0)
	/usr/lib/golang/src/runtime/mgc.go:1791 +0xeb fp=0x115fa65b1fc8 sp=0x115fa65b1f40 pc=0x55b64035892b
runtime.gcBgMarkStartWorkers.gowrap1()
	/usr/lib/golang/src/runtime/mgc.go:1695 +0x17 fp=0x115fa65b1fe0 sp=0x115fa65b1fc8 pc=0x55b640358817
runtime.goexit({})
	/usr/lib/golang/src/runtime/asm_amd64.s:1771 +0x1 fp=0x115fa65b1fe8 sp=0x115fa65b1fe0 pc=0x55b6403b7b41
created by runtime.gcBgMarkStartWorkers in goroutine 1
	/usr/lib/golang/src/runtime/mgc.go:1695 +0x105

goroutine 323 gp=0x115fa65a7c20 m=nil [GC worker (idle)]:
runtime.gopark(0x0?, 0x0?, 0x0?, 0x0?, 0x0?)
	/usr/lib/golang/src/runtime/proc.go:462 +0xce fp=0x115fa65aa740 sp=0x115fa65aa720 pc=0x55b6403b00ae
runtime.gcBgMarkWorker(0x115fa5e141c0)
	/usr/lib/golang/src/runtime/mgc.go:1791 +0xeb fp=0x115fa65aa7c8 sp=0x115fa65aa740 pc=0x55b64035892b
runtime.gcBgMarkStartWorkers.gowrap1()
	/usr/lib/golang/src/runtime/mgc.go:1695 +0x17 fp=0x115fa65aa7e0 sp=0x115fa65aa7c8 pc=0x55b640358817
runtime.goexit({})
	/usr/lib/golang/src/runtime/asm_amd64.s:1771 +0x1 fp=0x115fa65aa7e8 sp=0x115fa65aa7e0 pc=0x55b6403b7b41
created by runtime.gcBgMarkStartWorkers in goroutine 1
	/usr/lib/golang/src/runtime/mgc.go:1695 +0x105

goroutine 324 gp=0x115fa65b2000 m=nil [GC worker (idle)]:
runtime.gopark(0x0?, 0x0?, 0x0?, 0x0?, 0x0?)
	/usr/lib/golang/src/runtime/proc.go:462 +0xce fp=0x115fa65aaf40 sp=0x115fa65aaf20 pc=0x55b6403b00ae
runtime.gcBgMarkWorker(0x115fa5e141c0)
	/usr/lib/golang/src/runtime/mgc.go:1791 +0xeb fp=0x115fa65aafc8 sp=0x115fa65aaf40 pc=0x55b64035892b
runtime.gcBgMarkStartWorkers.gowrap1()
	/usr/lib/golang/src/runtime/mgc.go:1695 +0x17 fp=0x115fa65aafe0 sp=0x115fa65aafc8 pc=0x55b640358817
runtime.goexit({})
	/usr/lib/golang/src/runtime/asm_amd64.s:1771 +0x1 fp=0x115fa65aafe8 sp=0x115fa65aafe0 pc=0x55b6403b7b41
created by runtime.gcBgMarkStartWorkers in goroutine 1
	/usr/lib/golang/src/runtime/mgc.go:1695 +0x105

goroutine 325 gp=0x115fa65b21e0 m=nil [GC worker (idle)]:
runtime.gopark(0x0?, 0x0?, 0x0?, 0x0?, 0x0?)
	/usr/lib/golang/src/runtime/proc.go:462 +0xce fp=0x115fa65ab740 sp=0x115fa65ab720 pc=0x55b6403b00ae
runtime.gcBgMarkWorker(0x115fa5e141c0)
	/usr/lib/golang/src/runtime/mgc.go:1791 +0xeb fp=0x115fa65ab7c8 sp=0x115fa65ab740 pc=0x55b64035892b
runtime.gcBgMarkStartWorkers.gowrap1()
	/usr/lib/golang/src/runtime/mgc.go:1695 +0x17 fp=0x115fa65ab7e0 sp=0x115fa65ab7c8 pc=0x55b640358817
runtime.goexit({})
	/usr/lib/golang/src/runtime/asm_amd64.s:1771 +0x1 fp=0x115fa65ab7e8 sp=0x115fa65ab7e0 pc=0x55b6403b7b41
created by runtime.gcBgMarkStartWorkers in goroutine 1
	/usr/lib/golang/src/runtime/mgc.go:1695 +0x105

goroutine 326 gp=0x115fa65b23c0 m=nil [GC worker (idle)]:
runtime.gopark(0x0?, 0x0?, 0x0?, 0x0?, 0x0?)
	/usr/lib/golang/src/runtime/proc.go:462 +0xce fp=0x115fa65abf40 sp=0x115fa65abf20 pc=0x55b6403b00ae
runtime.gcBgMarkWorker(0x115fa5e141c0)
	/usr/lib/golang/src/runtime/mgc.go:1791 +0xeb fp=0x115fa65abfc8 sp=0x115fa65abf40 pc=0x55b64035892b
runtime.gcBgMarkStartWorkers.gowrap1()
	/usr/lib/golang/src/runtime/mgc.go:1695 +0x17 fp=0x115fa65abfe0 sp=0x115fa65abfc8 pc=0x55b640358817
runtime.goexit({})
	/usr/lib/golang/src/runtime/asm_amd64.s:1771 +0x1 fp=0x115fa65abfe8 sp=0x115fa65abfe0 pc=0x55b6403b7b41
created by runtime.gcBgMarkStartWorkers in goroutine 1
	/usr/lib/golang/src/runtime/mgc.go:1695 +0x105

goroutine 327 gp=0x115fa65b25a0 m=nil [GC worker (idle)]:
runtime.gopark(0x0?, 0x0?, 0x0?, 0x0?, 0x0?)
	/usr/lib/golang/src/runtime/proc.go:462 +0xce fp=0x115fa65ac740 sp=0x115fa65ac720 pc=0x55b6403b00ae
runtime.gcBgMarkWorker(0x115fa5e141c0)
	/usr/lib/golang/src/runtime/mgc.go:1791 +0xeb fp=0x115fa65ac7c8 sp=0x115fa65ac740 pc=0x55b64035892b
runtime.gcBgMarkStartWorkers.gowrap1()
	/usr/lib/golang/src/runtime/mgc.go:1695 +0x17 fp=0x115fa65ac7e0 sp=0x115fa65ac7c8 pc=0x55b640358817
runtime.goexit({})
	/usr/lib/golang/src/runtime/asm_amd64.s:1771 +0x1 fp=0x115fa65ac7e8 sp=0x115fa65ac7e0 pc=0x55b6403b7b41
created by runtime.gcBgMarkStartWorkers in goroutine 1
	/usr/lib/golang/src/runtime/mgc.go:1695 +0x105

goroutine 328 gp=0x115fa65b2780 m=nil [GC worker (idle)]:
runtime.gopark(0x0?, 0x0?, 0x0?, 0x0?, 0x0?)
	/usr/lib/golang/src/runtime/proc.go:462 +0xce fp=0x115fa65acf40 sp=0x115fa65acf20 pc=0x55b6403b00ae
runtime.gcBgMarkWorker(0x115fa5e141c0)
	/usr/lib/golang/src/runtime/mgc.go:1791 +0xeb fp=0x115fa65acfc8 sp=0x115fa65acf40 pc=0x55b64035892b
runtime.gcBgMarkStartWorkers.gowrap1()
	/usr/lib/golang/src/runtime/mgc.go:1695 +0x17 fp=0x115fa65acfe0 sp=0x115fa65acfc8 pc=0x55b640358817
runtime.goexit({})
	/usr/lib/golang/src/runtime/asm_amd64.s:1771 +0x1 fp=0x115fa65acfe8 sp=0x115fa65acfe0 pc=0x55b6403b7b41
created by runtime.gcBgMarkStartWorkers in goroutine 1
	/usr/lib/golang/src/runtime/mgc.go:1695 +0x105

goroutine 329 gp=0x115fa65b2960 m=nil [GC worker (idle)]:
runtime.gopark(0x0?, 0x0?, 0x0?, 0x0?, 0x0?)
	/usr/lib/golang/src/runtime/proc.go:462 +0xce fp=0x115fa65ad740 sp=0x115fa65ad720 pc=0x55b6403b00ae
runtime.gcBgMarkWorker(0x115fa5e141c0)
	/usr/lib/golang/src/runtime/mgc.go:1791 +0xeb fp=0x115fa65ad7c8 sp=0x115fa65ad740 pc=0x55b64035892b
runtime.gcBgMarkStartWorkers.gowrap1()
	/usr/lib/golang/src/runtime/mgc.go:1695 +0x17 fp=0x115fa65ad7e0 sp=0x115fa65ad7c8 pc=0x55b640358817
runtime.goexit({})
	/usr/lib/golang/src/runtime/asm_amd64.s:1771 +0x1 fp=0x115fa65ad7e8 sp=0x115fa65ad7e0 pc=0x55b6403b7b41
created by runtime.gcBgMarkStartWorkers in goroutine 1
	/usr/lib/golang/src/runtime/mgc.go:1695 +0x105

goroutine 330 gp=0x115fa65b2b40 m=nil [GC worker (idle)]:
runtime.gopark(0x0?, 0x0?, 0x0?, 0x0?, 0x0?)
	/usr/lib/golang/src/runtime/proc.go:462 +0xce fp=0x115fa65adf40 sp=0x115fa65adf20 pc=0x55b6403b00ae
runtime.gcBgMarkWorker(0x115fa5e141c0)
	/usr/lib/golang/src/runtime/mgc.go:1791 +0xeb fp=0x115fa65adfc8 sp=0x115fa65adf40 pc=0x55b64035892b
runtime.gcBgMarkStartWorkers.gowrap1()
	/usr/lib/golang/src/runtime/mgc.go:1695 +0x17 fp=0x115fa65adfe0 sp=0x115fa65adfc8 pc=0x55b640358817
runtime.goexit({})
	/usr/lib/golang/src/runtime/asm_amd64.s:1771 +0x1 fp=0x115fa65adfe8 sp=0x115fa65adfe0 pc=0x55b6403b7b41
created by runtime.gcBgMarkStartWorkers in goroutine 1
	/usr/lib/golang/src/runtime/mgc.go:1695 +0x105

goroutine 331 gp=0x115fa65b2d20 m=nil [GC worker (idle)]:
runtime.gopark(0x0?, 0x0?, 0x0?, 0x0?, 0x0?)
	/usr/lib/golang/src/runtime/proc.go:462 +0xce fp=0x115fa65ba740 sp=0x115fa65ba720 pc=0x55b6403b00ae
runtime.gcBgMarkWorker(0x115fa5e141c0)
	/usr/lib/golang/src/runtime/mgc.go:1791 +0xeb fp=0x115fa65ba7c8 sp=0x115fa65ba740 pc=0x55b64035892b
runtime.gcBgMarkStartWorkers.gowrap1()
	/usr/lib/golang/src/runtime/mgc.go:1695 +0x17 fp=0x115fa65ba7e0 sp=0x115fa65ba7c8 pc=0x55b640358817
runtime.goexit({})
	/usr/lib/golang/src/runtime/asm_amd64.s:1771 +0x1 fp=0x115fa65ba7e8 sp=0x115fa65ba7e0 pc=0x55b6403b7b41
created by runtime.gcBgMarkStartWorkers in goroutine 1
	/usr/lib/golang/src/runtime/mgc.go:1695 +0x105

goroutine 332 gp=0x115fa65b2f00 m=nil [GC worker (idle)]:
runtime.gopark(0x0?, 0x0?, 0x0?, 0x0?, 0x0?)
	/usr/lib/golang/src/runtime/proc.go:462 +0xce fp=0x115fa65baf40 sp=0x115fa65baf20 pc=0x55b6403b00ae
runtime.gcBgMarkWorker(0x115fa5e141c0)
	/usr/lib/golang/src/runtime/mgc.go:1791 +0xeb fp=0x115fa65bafc8 sp=0x115fa65baf40 pc=0x55b64035892b
runtime.gcBgMarkStartWorkers.gowrap1()
	/usr/lib/golang/src/runtime/mgc.go:1695 +0x17 fp=0x115fa65bafe0 sp=0x115fa65bafc8 pc=0x55b640358817
runtime.goexit({})
	/usr/lib/golang/src/runtime/asm_amd64.s:1771 +0x1 fp=0x115fa65bafe8 sp=0x115fa65bafe0 pc=0x55b6403b7b41
created by runtime.gcBgMarkStartWorkers in goroutine 1
	/usr/lib/golang/src/runtime/mgc.go:1695 +0x105

goroutine 333 gp=0x115fa65b30e0 m=nil [GC worker (idle)]:
runtime.gopark(0x0?, 0x0?, 0x0?, 0x0?, 0x0?)
	/usr/lib/golang/src/runtime/proc.go:462 +0xce fp=0x115fa65bb740 sp=0x115fa65bb720 pc=0x55b6403b00ae
runtime.gcBgMarkWorker(0x115fa5e141c0)
	/usr/lib/golang/src/runtime/mgc.go:1791 +0xeb fp=0x115fa65bb7c8 sp=0x115fa65bb740 pc=0x55b64035892b
runtime.gcBgMarkStartWorkers.gowrap1()
	/usr/lib/golang/src/runtime/mgc.go:1695 +0x17 fp=0x115fa65bb7e0 sp=0x115fa65bb7c8 pc=0x55b640358817
runtime.goexit({})
	/usr/lib/golang/src/runtime/asm_amd64.s:1771 +0x1 fp=0x115fa65bb7e8 sp=0x115fa65bb7e0 pc=0x55b6403b7b41
created by runtime.gcBgMarkStartWorkers in goroutine 1
	/usr/lib/golang/src/runtime/mgc.go:1695 +0x105

goroutine 334 gp=0x115fa65b32c0 m=nil [GC worker (idle)]:
runtime.gopark(0x0?, 0x0?, 0x0?, 0x0?, 0x0?)
	/usr/lib/golang/src/runtime/proc.go:462 +0xce fp=0x115fa65bbf40 sp=0x115fa65bbf20 pc=0x55b6403b00ae
runtime.gcBgMarkWorker(0x115fa5e141c0)
	/usr/lib/golang/src/runtime/mgc.go:1791 +0xeb fp=0x115fa65bbfc8 sp=0x115fa65bbf40 pc=0x55b64035892b
runtime.gcBgMarkStartWorkers.gowrap1()
	/usr/lib/golang/src/runtime/mgc.go:1695 +0x17 fp=0x115fa65bbfe0 sp=0x115fa65bbfc8 pc=0x55b640358817
runtime.goexit({})
	/usr/lib/golang/src/runtime/asm_amd64.s:1771 +0x1 fp=0x115fa65bbfe8 sp=0x115fa65bbfe0 pc=0x55b6403b7b41
created by runtime.gcBgMarkStartWorkers in goroutine 1
	/usr/lib/golang/src/runtime/mgc.go:1695 +0x105

rax    0x0
rbx    0x7fb7b6011740
rcx    0x7fb7b5e8d38c
rdx    0x6
rdi    0x3398e5
rsi    0x3398e5
rbp    0x3398e5
rsp    0x7ffe217e9740
r8     0x7ffe217e9810
r9     0x7fb7b5fb1d20
r10    0x8
r11    0x246
r12    0x6
r13    0x7ffe217e9b10
r14    0x55b642a82580
r15    0x10
rip    0x7fb7b5e8d38c
rflags 0x246
cs     0x33
fs     0x0
gs     0x0

-----

SIGQUIT: quit
PC=0x55b6403b9663 m=2 sigcode=0

goroutine 0 gp=0x115fa5dccb40 m=2 mp=0x115fa6334808 [idle]:
runtime.futex(0x55b642a8eb60, 0x80, 0x0, 0x7fb78f0deca8, 0x0, 0x0)
	/usr/lib/golang/src/runtime/sys_linux_amd64.s:570 +0x23 fp=0x7fb78f0dec78 sp=0x7fb78f0dec70 pc=0x55b6403b9663
runtime.futexsleep(0x6829850249a69?, 0xa5dccb40?, 0x0?)
	/usr/lib/golang/src/runtime/os_linux.go:79 +0xa5 fp=0x7fb78f0decc8 sp=0x7fb78f0dec78 pc=0x55b6403740a5
runtime.notetsleep_internal(0x55b642a8eb60, 0xdf8475800)
	/usr/lib/golang/src/runtime/lock_futex.go:89 +0xb5 fp=0x7fb78f0ded08 sp=0x7fb78f0decc8 pc=0x55b64034a1f5
runtime.notetsleep(0x682985024893c?, 0x7fb78f0ded70?)
	/usr/lib/golang/src/runtime/lock_futex.go:112 +0x29 fp=0x7fb78f0ded28 sp=0x7fb78f0ded08 pc=0x55b64034a329
runtime.sysmon()
	/usr/lib/golang/src/runtime/proc.go:6542 +0x1d8 fp=0x7fb78f0deda8 sp=0x7fb78f0ded28 pc=0x55b640387c58
runtime.mstart1()
	/usr/lib/golang/src/runtime/proc.go:1935 +0x95 fp=0x7fb78f0dedd0 sp=0x7fb78f0deda8 pc=0x55b64037de95
runtime.mstart0()
	/usr/lib/golang/src/runtime/proc.go:1888 +0x75 fp=0x7fb78f0dee00 sp=0x7fb78f0dedd0 pc=0x55b64037ddd5
runtime.mstart()
	/usr/lib/golang/src/runtime/asm_amd64.s:426 +0xc fp=0x7fb78f0dee08 sp=0x7fb78f0dee00 pc=0x55b6403b5e0c
rax    0xfffffffffffffffc
rbx    0x0
rcx    0x55b6403b9663
rdx    0x0
rdi    0x55b642a8eb60
rsi    0x80
rbp    0x7fb78f0decb8
rsp    0x7fb78f0dec70
r8     0x0
r9     0x0
r10    0x7fb78f0deca8
r11    0x246
r12    0x7fb78f0deca8
r13    0x1
r14    0x115fa5dccb40
r15    0x0
rip    0x55b6403b9663
rflags 0x246
cs     0x33
fs     0x0
gs     0x0

-----

SIGQUIT: quit
PC=0x55b6403b9661 m=3 sigcode=0

goroutine 0 gp=0x115fa5dcd0e0 m=3 mp=0x115fa6335008 [idle]:
runtime.futex(0x115fa6335160, 0x80, 0x0, 0x0, 0x0, 0x0)
	/usr/lib/golang/src/runtime/sys_linux_amd64.s:569 +0x21 fp=0x7fb78e8ddaa0 sp=0x7fb78e8dda98 pc=0x55b6403b9661
runtime.futexsleep(0x7fb78e8ddb28?, 0x8e8ddb18?, 0x55b6403894a8?)
	/usr/lib/golang/src/runtime/os_linux.go:73 +0x30 fp=0x7fb78e8ddaf0 sp=0x7fb78e8ddaa0 pc=0x55b640374030
runtime.notesleep(0x115fa6335160)
	/usr/lib/golang/src/runtime/lock_futex.go:47 +0x87 fp=0x7fb78e8ddb28 sp=0x7fb78e8ddaf0 pc=0x55b64034a0c7
runtime.mPark(...)
	/usr/lib/golang/src/runtime/proc.go:1967
runtime.stopm()
	/usr/lib/golang/src/runtime/proc.go:3008 +0x8c fp=0x7fb78e8ddb58 sp=0x7fb78e8ddb28 pc=0x55b64037f6cc
runtime.findRunnable()
	/usr/lib/golang/src/runtime/proc.go:3796 +0xec8 fp=0x7fb78e8ddd28 sp=0x7fb78e8ddb58 pc=0x55b640381288
runtime.schedule()
	/usr/lib/golang/src/runtime/proc.go:4164 +0xb1 fp=0x7fb78e8ddd68 sp=0x7fb78e8ddd28 pc=0x55b6403823d1
runtime.park_m(0x115fa6449860)
	/usr/lib/golang/src/runtime/proc.go:4304 +0x285 fp=0x7fb78e8dddc8 sp=0x7fb78e8ddd68 pc=0x55b640382865
runtime.mcall()
	/usr/lib/golang/src/runtime/asm_amd64.s:496 +0x57 fp=0x7fb78e8ddde0 sp=0x7fb78e8dddc8 pc=0x55b6403b5e97
rax    0xca
rbx    0x0
rcx    0x55b6403b9663
rdx    0x0
rdi    0x115fa6335160
rsi    0x80
rbp    0x7fb78e8ddae0
rsp    0x7fb78e8dda98
r8     0x0
r9     0x0
r10    0x0
r11    0x286
r12    0x7fb78e8ddb18
r13    0x1
r14    0x115fa5dcd0e0
r15    0x21
rip    0x55b6403b9661
rflags 0x286
cs     0x33
fs     0x0
gs     0x0

-----

SIGQUIT: quit
PC=0x55b6403b9661 m=4 sigcode=0

goroutine 0 gp=0x115fa5dcd860 m=4 mp=0x115fa6335808 [idle]:
runtime.futex(0x115fa6335960, 0x80, 0x0, 0x0, 0x0, 0x0)
	/usr/lib/golang/src/runtime/sys_linux_amd64.s:569 +0x21 fp=0x7fb78e0dcc48 sp=0x7fb78e0dcc40 pc=0x55b6403b9661
runtime.futexsleep(0x0?, 0x8e0dccc0?, 0x55b6403894a8?)
	/usr/lib/golang/src/runtime/os_linux.go:73 +0x30 fp=0x7fb78e0dcc98 sp=0x7fb78e0dcc48 pc=0x55b640374030
runtime.notesleep(0x115fa6335960)
	/usr/lib/golang/src/runtime/lock_futex.go:47 +0x87 fp=0x7fb78e0dccd0 sp=0x7fb78e0dcc98 pc=0x55b64034a0c7
runtime.mPark(...)
	/usr/lib/golang/src/runtime/proc.go:1967
runtime.stopm()
	/usr/lib/golang/src/runtime/proc.go:3008 +0x8c fp=0x7fb78e0dcd00 sp=0x7fb78e0dccd0 pc=0x55b64037f6cc
runtime.startlockedm(0x115fa65b4e00?)
	/usr/lib/golang/src/runtime/proc.go:3291 +0x5e fp=0x7fb78e0dcd28 sp=0x7fb78e0dcd00 pc=0x55b64038003e
runtime.schedule()
	/usr/lib/golang/src/runtime/proc.go:4226 +0x6a fp=0x7fb78e0dcd68 sp=0x7fb78e0dcd28 pc=0x55b64038238a
runtime.park_m(0x115fa65b32c0)
	/usr/lib/golang/src/runtime/proc.go:4304 +0x285 fp=0x7fb78e0dcdc8 sp=0x7fb78e0dcd68 pc=0x55b640382865
runtime.mcall()
	/usr/lib/golang/src/runtime/asm_amd64.s:496 +0x57 fp=0x7fb78e0dcde0 sp=0x7fb78e0dcdc8 pc=0x55b6403b5e97
rax    0xca
rbx    0x0
rcx    0x55b6403b9663
rdx    0x0
rdi    0x115fa6335960
rsi    0x80
rbp    0x7fb78e0dcc88
rsp    0x7fb78e0dcc40
r8     0x0
r9     0x0
r10    0x0
r11    0x286
r12    0x7fb78e0dcbd8
r13    0xf
r14    0x115fa5dcd860
r15    0x25
rip    0x55b6403b9661
rflags 0x286
cs     0x33
fs     0x0
gs     0x0

-----

SIGQUIT: quit
PC=0x55b6403b9661 m=5 sigcode=0

goroutine 0 gp=0x115fa63841e0 m=5 mp=0x115fa6380008 [idle]:
runtime.futex(0x115fa6380160, 0x80, 0x0, 0x0, 0x0, 0x0)
	/usr/lib/golang/src/runtime/sys_linux_amd64.s:569 +0x21 fp=0x7fb78d8dbaa0 sp=0x7fb78d8dba98 pc=0x55b6403b9661
runtime.futexsleep(0x7fb78d8dbb28?, 0x8d8dbb18?, 0x55b6403894a8?)
	/usr/lib/golang/src/runtime/os_linux.go:73 +0x30 fp=0x7fb78d8dbaf0 sp=0x7fb78d8dbaa0 pc=0x55b640374030
runtime.notesleep(0x115fa6380160)
	/usr/lib/golang/src/runtime/lock_futex.go:47 +0x87 fp=0x7fb78d8dbb28 sp=0x7fb78d8dbaf0 pc=0x55b64034a0c7
runtime.mPark(...)
	/usr/lib/golang/src/runtime/proc.go:1967
runtime.stopm()
	/usr/lib/golang/src/runtime/proc.go:3008 +0x8c fp=0x7fb78d8dbb58 sp=0x7fb78d8dbb28 pc=0x55b64037f6cc
runtime.findRunnable()
	/usr/lib/golang/src/runtime/proc.go:3796 +0xec8 fp=0x7fb78d8dbd28 sp=0x7fb78d8dbb58 pc=0x55b640381288
runtime.schedule()
	/usr/lib/golang/src/runtime/proc.go:4164 +0xb1 fp=0x7fb78d8dbd68 sp=0x7fb78d8dbd28 pc=0x55b6403823d1
runtime.park_m(0x115fa65b2f00)
	/usr/lib/golang/src/runtime/proc.go:4304 +0x285 fp=0x7fb78d8dbdc8 sp=0x7fb78d8dbd68 pc=0x55b640382865
runtime.mcall()
	/usr/lib/golang/src/runtime/asm_amd64.s:496 +0x57 fp=0x7fb78d8dbde0 sp=0x7fb78d8dbdc8 pc=0x55b6403b5e97
rax    0xca
rbx    0x0
rcx    0x55b6403b9663
rdx    0x0
rdi    0x115fa6380160
rsi    0x80
rbp    0x7fb78d8dbae0
rsp    0x7fb78d8dba98
r8     0x0
r9     0x0
r10    0x0
r11    0x286
r12    0x7fb78d8dbb18
r13    0x1
r14    0x115fa63841e0
r15    0x97
rip    0x55b6403b9661
rflags 0x286
cs     0x33
fs     0x0
gs     0x0

-----

SIGQUIT: quit
PC=0x55b6403b9661 m=6 sigcode=0

goroutine 0 gp=0x115fa6372000 m=6 mp=0x115fa6368008 [idle]:
runtime.futex(0x55b642aaeaf8, 0x80, 0x0, 0x0, 0x0, 0x0)
	/usr/lib/golang/src/runtime/sys_linux_amd64.s:569 +0x21 fp=0x7fb78d0dad00 sp=0x7fb78d0dacf8 pc=0x55b6403b9661
runtime.futexsleep(0x7fb78d0dad68?, 0x0?, 0x8?)
	/usr/lib/golang/src/runtime/os_linux.go:73 +0x30 fp=0x7fb78d0dad50 sp=0x7fb78d0dad00 pc=0x55b640374030
runtime.notesleep(0x55b642aaeaf8)
	/usr/lib/golang/src/runtime/lock_futex.go:47 +0x87 fp=0x7fb78d0dad88 sp=0x7fb78d0dad50 pc=0x55b64034a0c7
runtime.templateThread()
	/usr/lib/golang/src/runtime/proc.go:2986 +0x71 fp=0x7fb78d0dada8 sp=0x7fb78d0dad88 pc=0x55b64037f5b1
runtime.mstart1()
	/usr/lib/golang/src/runtime/proc.go:1935 +0x95 fp=0x7fb78d0dadd0 sp=0x7fb78d0dada8 pc=0x55b64037de95
runtime.mstart0()
	/usr/lib/golang/src/runtime/proc.go:1888 +0x75 fp=0x7fb78d0dae00 sp=0x7fb78d0dadd0 pc=0x55b64037ddd5
runtime.mstart()
	/usr/lib/golang/src/runtime/asm_amd64.s:426 +0xc fp=0x7fb78d0dae08 sp=0x7fb78d0dae00 pc=0x55b6403b5e0c
rax    0xca
rbx    0x0
rcx    0x55b6403b9663
rdx    0x0
rdi    0x55b642aaeaf8
rsi    0x80
rbp    0x7fb78d0dad40
rsp    0x7fb78d0dacf8
r8     0x0
r9     0x0
r10    0x0
r11    0x286
r12    0x115fa6372000
r13    0x16
r14    0x115fa6372000
r15    0x0
rip    0x55b6403b9661
rflags 0x286
cs     0x33
fs     0x0
gs     0x0

-----

SIGQUIT: quit
PC=0x55b6403b9661 m=7 sigcode=0

goroutine 0 gp=0x115fa6402b40 m=7 mp=0x115fa6368808 [idle]:
runtime.futex(0x115fa6368960, 0x80, 0x0, 0x0, 0x0, 0x0)
	/usr/lib/golang/src/runtime/sys_linux_amd64.s:569 +0x21 fp=0x7fb77fffeaa0 sp=0x7fb77fffea98 pc=0x55b6403b9661
runtime.futexsleep(0x7fb77fffeb28?, 0x7fffeb18?, 0x55b6403894a8?)
	/usr/lib/golang/src/runtime/os_linux.go:73 +0x30 fp=0x7fb77fffeaf0 sp=0x7fb77fffeaa0 pc=0x55b640374030
runtime.notesleep(0x115fa6368960)
	/usr/lib/golang/src/runtime/lock_futex.go:47 +0x87 fp=0x7fb77fffeb28 sp=0x7fb77fffeaf0 pc=0x55b64034a0c7
runtime.mPark(...)
	/usr/lib/golang/src/runtime/proc.go:1967
runtime.stopm()
	/usr/lib/golang/src/runtime/proc.go:3008 +0x8c fp=0x7fb77fffeb58 sp=0x7fb77fffeb28 pc=0x55b64037f6cc
runtime.findRunnable()
	/usr/lib/golang/src/runtime/proc.go:3796 +0xec8 fp=0x7fb77fffed28 sp=0x7fb77fffeb58 pc=0x55b640381288
runtime.schedule()
	/usr/lib/golang/src/runtime/proc.go:4164 +0xb1 fp=0x7fb77fffed68 sp=0x7fb77fffed28 pc=0x55b6403823d1
runtime.park_m(0x115fa63a0000)
	/usr/lib/golang/src/runtime/proc.go:4304 +0x285 fp=0x7fb77fffedc8 sp=0x7fb77fffed68 pc=0x55b640382865
runtime.mcall()
	/usr/lib/golang/src/runtime/asm_amd64.s:496 +0x57 fp=0x7fb77fffede0 sp=0x7fb77fffedc8 pc=0x55b6403b5e97
rax    0xca
rbx    0x0
rcx    0x55b6403b9663
rdx    0x0
rdi    0x115fa6368960
rsi    0x80
rbp    0x7fb77fffeae0
rsp    0x7fb77fffea98
r8     0x0
r9     0x0
r10    0x0
r11    0x286
r12    0x7fb77fffeb18
r13    0x1
r14    0x115fa6402b40
r15    0xff
rip    0x55b6403b9661
rflags 0x286
cs     0x33
fs     0x0
gs     0x0

-----

SIGQUIT: quit
PC=0x55b6403b772a m=9 sigcode=0

goroutine 0 gp=0x115fa65b3a40 m=9 mp=0x115fa6369808 [idle]:
runtime.procyieldAsm(0xa)
	/usr/lib/golang/src/runtime/asm_amd64.s:869 +0xa fp=0x7fb77effcb90 sp=0x7fb77effcb88 pc=0x55b6403b772a
runtime.procyield(...)
	/usr/lib/golang/src/runtime/stubs.go:282
runtime.suspendG(0x115fa5dcc1e0)
	/usr/lib/golang/src/runtime/preempt.go:249 +0x365 fp=0x7fb77effcc10 sp=0x7fb77effcb90 pc=0x55b640378d25
runtime.markroot.func1()
	/usr/lib/golang/src/runtime/mgcmark.go:298 +0x85 fp=0x7fb77effcc60 sp=0x7fb77effcc10 pc=0x55b64035ad45
runtime.markroot(0x115fa5f71260, 0x16, 0x1)
	/usr/lib/golang/src/runtime/mgcmark.go:280 +0x1a5 fp=0x7fb77effcd10 sp=0x7fb77effcc60 pc=0x55b64035a9c5
runtime.gcDrain(0x115fa5f71260, 0x3)
	/usr/lib/golang/src/runtime/mgcmark.go:1275 +0x4a7 fp=0x7fb77effcd80 sp=0x7fb77effcd10 pc=0x55b64035cec7
runtime.gcDrainMarkWorkerDedicated(...)
	/usr/lib/golang/src/runtime/mgcmark.go:1178
runtime.gcBgMarkWorker.func2()
	/usr/lib/golang/src/runtime/mgc.go:1862 +0x9a fp=0x7fb77effcdd0 sp=0x7fb77effcd80 pc=0x55b640358c3a
runtime.systemstack(0x800000)
	/usr/lib/golang/src/runtime/asm_amd64.s:562 +0x47 fp=0x7fb77effcde0 sp=0x7fb77effcdd0 pc=0x55b6403b5f07
rax    0x6
rbx    0x115fa6369808
rcx    0x0
rdx    0x2352213e
rdi    0x1
rsi    0x7fb77effcb60
rbp    0x7fb77effcc00
rsp    0x7fb77effcb88
r8     0x2352213e
r9     0x3fffffffffffffff
r10    0x4000000000000000
r11    0x55b6428cb1a0
r12    0x7fb77effcb70
r13    0x3
r14    0x115fa65b3a40
r15    0x55b642989280
rip    0x55b6403b772a
rflags 0x206
cs     0x33
fs     0x0
gs     0x0

-----

