runtime/cgo: pthread_create failed: Resource temporarily unavailable
runtime/cgo: pthread_create failed: Resource temporarily unavailable
SIGABRT: abort
PC=0x7f0577a8d38c m=0 sigcode=18446744073709551610

goroutine 0 gp=0x561718623580 m=0 mp=0x5617186257a0 [idle]:
runtime: g 0 gp=0x561718623580: unknown pc 0x7f0577a8d38c
stack: frame={sp:0x7fff43fb66b0, fp:0x0} stack=[0x7fff437bb000,0x7fff43fb6ca0)
                   7 6 5 4  3 2 1 0   f e d c  b a 9 8  0123456789abcdef
00007fff43fb65b0: 00007fff 43fb65e0  00005617 16fecb9c  .e.C.........V..
00007fff43fb65c0: 00000000 00000000  00005617 15f5a578  ........x....V..
                                     ^ <runtime.callCgoMmap+0x38>
00007fff43fb65d0: 00007fff 43fb65d0  00000000 00000011  .e.C............
00007fff43fb65e0: 00007fff 43fb6620  00005617 15ee1f3f   f.C....?....V..
                                     ^ <runtime.mmap.func1+0x3f>
00007fff43fb65f0: 00000000 00000000  00005617 15f30a4a  ........J....V..
                                     ^ <runtime.setVMAName+0xea>
00007fff43fb6600: 00000022 00000003  00000000 ffffffff  ...."...........
00007fff43fb6610: 00007f05 77c21000  00007fff 43fb6660  ...w....`f.C....
00007fff43fb6620: 00007fff 43fb6698  00005617 15ee1e7a  .f.C....z....V..
                                     ^ <runtime.mmap+0x5a>
00007fff43fb6630: 00007fff 43fb6668  20636720 3a6f4720  hf.C.... Go: gc 
00007fff43fb6640: 00000000 73746962  00000000 00000000  bits............
00007fff43fb6650: 00000000 00000000  00000000 00000000  ................
00007fff43fb6660: 00000000 00000000  00000000 00000000  ................
00007fff43fb6670: 00000000 00000000  00000000 00000000  ................
00007fff43fb6680: 00000000 00000000  00007f05 77a9aa09  ...........w....
00007fff43fb6690: 00000000 00000000  00000000 00000011  ................
00007fff43fb66a0: 00000000 00000130  00007f05 77a8d37e  0.......~..w....
00007fff43fb66b0: 00000000 00000120  00005617 17000329   .......)....V..
                  ^ SP
00007fff43fb66c0: 00000000 00000013  8892ed92 412a0100  ..........*A....
00007fff43fb66d0: 00007f05 77c21000  00000000 00000004  ...w............
00007fff43fb66e0: 00000034 00000013  00007f05 77b107b1  ....4......w....
00007fff43fb66f0: 00007f05 497fa640  00007fff 43fb69c0  @..I.....i.C....
00007fff43fb6700: 00007fff 43fb682e  00007fff 43fb682f  .h.C..../h.C....
00007fff43fb6710: 00007f05 497fa640  00007f05 77a8b135  @..I....5..w....
00007fff43fb6720: 00007f05 77bfbca0  00000000 00000120  ...w.... .......
00007fff43fb6730: 00000000 003d0f00  8892ed92 412a0100  ..=.......*A....
00007fff43fb6740: 00007f05 77cc3740  00000000 00000006  @7.w............
00007fff43fb6750: 00005617 17326654  00007fff 43fb6a80  Tf2..V...j.C....
00007fff43fb6760: 00005617 18623580  00007f05 77a3fa86  .5b..V.....w....
00007fff43fb6770: 00007f05 77bfceb0  00007f05 77a29873  ...w....s..w....
00007fff43fb6780: 00000000 00000020  00000000 0000000d   ...............
00007fff43fb6790: 00005617 17326619  00000000 0000000d  .f2..V..........
00007fff43fb67a0: 00000000 00000000  00007f05 77a8316d  ........m1.w....
runtime: g 0 gp=0x561718623580: unknown pc 0x7f0577a8d38c
stack: frame={sp:0x7fff43fb66b0, fp:0x0} stack=[0x7fff437bb000,0x7fff43fb6ca0)
                   7 6 5 4  3 2 1 0   f e d c  b a 9 8  0123456789abcdef
00007fff43fb65b0: 00007fff 43fb65e0  00005617 16fecb9c  .e.C.........V..
00007fff43fb65c0: 00000000 00000000  00005617 15f5a578  ........x....V..
                                     ^ <runtime.callCgoMmap+0x38>
00007fff43fb65d0: 00007fff 43fb65d0  00000000 00000011  .e.C............
00007fff43fb65e0: 00007fff 43fb6620  00005617 15ee1f3f   f.C....?....V..
                                     ^ <runtime.mmap.func1+0x3f>
00007fff43fb65f0: 00000000 00000000  00005617 15f30a4a  ........J....V..
                                     ^ <runtime.setVMAName+0xea>
00007fff43fb6600: 00000022 00000003  00000000 ffffffff  ...."...........
00007fff43fb6610: 00007f05 77c21000  00007fff 43fb6660  ...w....`f.C....
00007fff43fb6620: 00007fff 43fb6698  00005617 15ee1e7a  .f.C....z....V..
                                     ^ <runtime.mmap+0x5a>
00007fff43fb6630: 00007fff 43fb6668  20636720 3a6f4720  hf.C.... Go: gc 
00007fff43fb6640: 00000000 73746962  00000000 00000000  bits............
00007fff43fb6650: 00000000 00000000  00000000 00000000  ................
00007fff43fb6660: 00000000 00000000  00000000 00000000  ................
00007fff43fb6670: 00000000 00000000  00000000 00000000  ................
00007fff43fb6680: 00000000 00000000  00007f05 77a9aa09  ...........w....
00007fff43fb6690: 00000000 00000000  00000000 00000011  ................
00007fff43fb66a0: 00000000 00000130  00007f05 77a8d37e  0.......~..w....
00007fff43fb66b0: 00000000 00000120  00005617 17000329   .......)....V..
                  ^ SP
00007fff43fb66c0: 00000000 00000013  8892ed92 412a0100  ..........*A....
00007fff43fb66d0: 00007f05 77c21000  00000000 00000004  ...w............
00007fff43fb66e0: 00000034 00000013  00007f05 77b107b1  ....4......w....
00007fff43fb66f0: 00007f05 497fa640  00007fff 43fb69c0  @..I.....i.C....
00007fff43fb6700: 00007fff 43fb682e  00007fff 43fb682f  .h.C..../h.C....
00007fff43fb6710: 00007f05 497fa640  00007f05 77a8b135  @..I....5..w....
00007fff43fb6720: 00007f05 77bfbca0  00000000 00000120  ...w.... .......
00007fff43fb6730: 00000000 003d0f00  8892ed92 412a0100  ..=.......*A....
00007fff43fb6740: 00007f05 77cc3740  00000000 00000006  @7.w............
00007fff43fb6750: 00005617 17326654  00007fff 43fb6a80  Tf2..V...j.C....
00007fff43fb6760: 00005617 18623580  00007f05 77a3fa86  .5b..V.....w....
00007fff43fb6770: 00007f05 77bfceb0  00007f05 77a29873  ...w....s..w....
00007fff43fb6780: 00000000 00000020  00000000 0000000d   ...............
00007fff43fb6790: 00005617 17326619  00000000 0000000d  .f2..V..........
00007fff43fb67a0: 00000000 00000000  00007f05 77a8316d  ........m1.w....

goroutine 1 gp=0x1bbac41d21e0 m=0 mp=0x5617186257a0 [running, locked to thread]:
runtime.systemstack_switch()
	/usr/lib/golang/src/runtime/asm_amd64.s:516 +0x8 fp=0x1bbac4749b98 sp=0x1bbac4749b88 pc=0x561715f56ea8
runtime.gcStart({0x7f0577c83108?, 0x159?, 0x0?})
	/usr/lib/golang/src/runtime/mgc.go:947 +0x665 fp=0x1bbac4749cb0 sp=0x1bbac4749b98 pc=0x561715ef7865
runtime.mallocgcSmallNoscan(0x0?, 0x1bbac4736550?, 0xa5?)
	/usr/lib/golang/src/runtime/malloc.go:1448 +0x28f fp=0x1bbac4749d08 sp=0x1bbac4749cb0 pc=0x561715eed36f
runtime.mallocgc(0x1000, 0x561718153960, 0x1)
	/usr/lib/golang/src/runtime/malloc.go:1143 +0xcc fp=0x1bbac4749d38 sp=0x1bbac4749d08 pc=0x561715f4eb2c
runtime.makeslice(0x7f0550e5a7d8?, 0x100000032?, 0x1bbac4736588?)
	/usr/lib/golang/src/runtime/slice.go:117 +0x49 fp=0x1bbac4749d60 sp=0x1bbac4749d38 pc=0x561715f53789
github.com/charmbracelet/x/ansi/parser.NewTransitionTable(...)
	/builddir/build/BUILD/cli-2.97.0/vendor/github.com/charmbracelet/x/ansi/parser/transition_table.go:28
github.com/charmbracelet/x/ansi/parser.GenerateTransitionTable()
	/builddir/build/BUILD/cli-2.97.0/vendor/github.com/charmbracelet/x/ansi/parser/transition_table.go:88 +0x2f fp=0x1bbac4749e18 sp=0x1bbac4749d60 pc=0x561716415bcf
github.com/charmbracelet/x/ansi/parser.init()
	/builddir/build/BUILD/cli-2.97.0/vendor/github.com/charmbracelet/x/ansi/parser/transition_table.go:17 +0xf fp=0x1bbac4749e28 sp=0x1bbac4749e18 pc=0x561716415b4f
runtime.doInit1(0x561718526e00)
	/usr/lib/golang/src/runtime/proc.go:8103 +0xd7 fp=0x1bbac4749f48 sp=0x1bbac4749e28 pc=0x561715f2b1d7
runtime.doInit(...)
	/usr/lib/golang/src/runtime/proc.go:8070
runtime.main()
	/usr/lib/golang/src/runtime/proc.go:258 +0x270 fp=0x1bbac4749fe0 sp=0x1bbac4749f48 pc=0x561715f1b810
runtime.goexit({})
	/usr/lib/golang/src/runtime/asm_amd64.s:1771 +0x1 fp=0x1bbac4749fe8 sp=0x1bbac4749fe0 pc=0x561715f58b41

goroutine 2 gp=0x1bbac41d2d20 m=nil [force gc (idle)]:
runtime.gopark(0x0?, 0x0?, 0x0?, 0x0?, 0x0?)
	/usr/lib/golang/src/runtime/proc.go:462 +0xce fp=0x1bbac4736fa8 sp=0x1bbac4736f88 pc=0x561715f510ae
runtime.goparkunlock(...)
	/usr/lib/golang/src/runtime/proc.go:468
runtime.forcegchelper()
	/usr/lib/golang/src/runtime/proc.go:375 +0xb8 fp=0x1bbac4736fe0 sp=0x1bbac4736fa8 pc=0x561715f1bb98
runtime.goexit({})
	/usr/lib/golang/src/runtime/asm_amd64.s:1771 +0x1 fp=0x1bbac4736fe8 sp=0x1bbac4736fe0 pc=0x561715f58b41
created by runtime.init.8 in goroutine 1
	/usr/lib/golang/src/runtime/proc.go:363 +0x1a

goroutine 3 gp=0x1bbac41d32c0 m=nil [GC sweep wait]:
runtime.gopark(0x0?, 0x0?, 0x0?, 0x0?, 0x0?)
	/usr/lib/golang/src/runtime/proc.go:462 +0xce fp=0x1bbac4737788 sp=0x1bbac4737768 pc=0x561715f510ae
runtime.goparkunlock(...)
	/usr/lib/golang/src/runtime/proc.go:468
runtime.bgsweep(0x1bbac4226280)
	/usr/lib/golang/src/runtime/mgcsweep.go:279 +0x94 fp=0x1bbac47377c8 sp=0x1bbac4737788 pc=0x561715f058b4
runtime.gcenable.gowrap1()
	/usr/lib/golang/src/runtime/mgc.go:214 +0x17 fp=0x1bbac47377e0 sp=0x1bbac47377c8 pc=0x561715ef6e17
runtime.goexit({})
	/usr/lib/golang/src/runtime/asm_amd64.s:1771 +0x1 fp=0x1bbac47377e8 sp=0x1bbac47377e0 pc=0x561715f58b41
created by runtime.gcenable in goroutine 1
	/usr/lib/golang/src/runtime/mgc.go:214 +0x66

goroutine 4 gp=0x1bbac41d34a0 m=nil [runnable]:
runtime.gopark(0x1bbac4226280?, 0x561717309238?, 0x1?, 0x0?, 0x1bbac41d34a0?)
	/usr/lib/golang/src/runtime/proc.go:462 +0xce fp=0x1bbac4737f78 sp=0x1bbac4737f58 pc=0x561715f510ae
runtime.goparkunlock(...)
	/usr/lib/golang/src/runtime/proc.go:468
runtime.(*scavengerState).park(0x561718622740)
	/usr/lib/golang/src/runtime/mgcscavenge.go:425 +0x49 fp=0x1bbac4737fa8 sp=0x1bbac4737f78 pc=0x561715f033c9
runtime.bgscavenge(0x1bbac4226280)
	/usr/lib/golang/src/runtime/mgcscavenge.go:653 +0x3c fp=0x1bbac4737fc8 sp=0x1bbac4737fa8 pc=0x561715f0393c
runtime.gcenable.gowrap2()
	/usr/lib/golang/src/runtime/mgc.go:215 +0x17 fp=0x1bbac4737fe0 sp=0x1bbac4737fc8 pc=0x561715ef6dd7
runtime.goexit({})
	/usr/lib/golang/src/runtime/asm_amd64.s:1771 +0x1 fp=0x1bbac4737fe8 sp=0x1bbac4737fe0 pc=0x561715f58b41
created by runtime.gcenable in goroutine 1
	/usr/lib/golang/src/runtime/mgc.go:215 +0xa5

goroutine 5 gp=0x1bbac41d3a40 m=nil [GOMAXPROCS updater (idle)]:
runtime.gopark(0x0?, 0x0?, 0x0?, 0x0?, 0x0?)
	/usr/lib/golang/src/runtime/proc.go:462 +0xce fp=0x1bbac4738788 sp=0x1bbac4738768 pc=0x561715f510ae
runtime.goparkunlock(...)
	/usr/lib/golang/src/runtime/proc.go:468
runtime.updateMaxProcsGoroutine()
	/usr/lib/golang/src/runtime/proc.go:7095 +0xe7 fp=0x1bbac47387e0 sp=0x1bbac4738788 pc=0x561715f2a167
runtime.goexit({})
	/usr/lib/golang/src/runtime/asm_amd64.s:1771 +0x1 fp=0x1bbac47387e8 sp=0x1bbac47387e0 pc=0x561715f58b41
created by runtime.defaultGOMAXPROCSUpdateEnable in goroutine 1
	/usr/lib/golang/src/runtime/proc.go:7083 +0x37

goroutine 6 gp=0x1bbac47781e0 m=nil [GC worker (idle)]:
runtime.gopark(0x561715f1b810?, 0x561718526e00?, 0x0?, 0x0?, 0x0?)
	/usr/lib/golang/src/runtime/proc.go:462 +0xce fp=0x1bbac4736740 sp=0x1bbac4736720 pc=0x561715f510ae
runtime.gcBgMarkWorker(0x1bbac421a1c0)
	/usr/lib/golang/src/runtime/mgc.go:1791 +0xeb fp=0x1bbac47367c8 sp=0x1bbac4736740 pc=0x561715ef992b
runtime.gcBgMarkStartWorkers.gowrap1()
	/usr/lib/golang/src/runtime/mgc.go:1695 +0x17 fp=0x1bbac47367e0 sp=0x1bbac47367c8 pc=0x561715ef9817
runtime.goexit({})
	/usr/lib/golang/src/runtime/asm_amd64.s:1771 +0x1 fp=0x1bbac47367e8 sp=0x1bbac47367e0 pc=0x561715f58b41
created by runtime.gcBgMarkStartWorkers in goroutine 1
	/usr/lib/golang/src/runtime/mgc.go:1695 +0x105

goroutine 7 gp=0x1bbac47783c0 m=nil [GC worker (idle)]:
runtime.gopark(0x0?, 0x0?, 0x0?, 0x0?, 0x0?)
	/usr/lib/golang/src/runtime/proc.go:462 +0xce fp=0x1bbac4738f40 sp=0x1bbac4738f20 pc=0x561715f510ae
runtime.gcBgMarkWorker(0x1bbac421a1c0)
	/usr/lib/golang/src/runtime/mgc.go:1791 +0xeb fp=0x1bbac4738fc8 sp=0x1bbac4738f40 pc=0x561715ef992b
runtime.gcBgMarkStartWorkers.gowrap1()
	/usr/lib/golang/src/runtime/mgc.go:1695 +0x17 fp=0x1bbac4738fe0 sp=0x1bbac4738fc8 pc=0x561715ef9817
runtime.goexit({})
	/usr/lib/golang/src/runtime/asm_amd64.s:1771 +0x1 fp=0x1bbac4738fe8 sp=0x1bbac4738fe0 pc=0x561715f58b41
created by runtime.gcBgMarkStartWorkers in goroutine 1
	/usr/lib/golang/src/runtime/mgc.go:1695 +0x105

goroutine 8 gp=0x1bbac47785a0 m=nil [GC worker (idle)]:
runtime.gopark(0x0?, 0x0?, 0x0?, 0x0?, 0x0?)
	/usr/lib/golang/src/runtime/proc.go:462 +0xce fp=0x1bbac4739740 sp=0x1bbac4739720 pc=0x561715f510ae
runtime.gcBgMarkWorker(0x1bbac421a1c0)
	/usr/lib/golang/src/runtime/mgc.go:1791 +0xeb fp=0x1bbac47397c8 sp=0x1bbac4739740 pc=0x561715ef992b
runtime.gcBgMarkStartWorkers.gowrap1()
	/usr/lib/golang/src/runtime/mgc.go:1695 +0x17 fp=0x1bbac47397e0 sp=0x1bbac47397c8 pc=0x561715ef9817
runtime.goexit({})
	/usr/lib/golang/src/runtime/asm_amd64.s:1771 +0x1 fp=0x1bbac47397e8 sp=0x1bbac47397e0 pc=0x561715f58b41
created by runtime.gcBgMarkStartWorkers in goroutine 1
	/usr/lib/golang/src/runtime/mgc.go:1695 +0x105

goroutine 9 gp=0x1bbac4778780 m=nil [GC worker (idle)]:
runtime.gopark(0x0?, 0x0?, 0x0?, 0x0?, 0x0?)
	/usr/lib/golang/src/runtime/proc.go:462 +0xce fp=0x1bbac4739f40 sp=0x1bbac4739f20 pc=0x561715f510ae
runtime.gcBgMarkWorker(0x1bbac421a1c0)
	/usr/lib/golang/src/runtime/mgc.go:1791 +0xeb fp=0x1bbac4739fc8 sp=0x1bbac4739f40 pc=0x561715ef992b
runtime.gcBgMarkStartWorkers.gowrap1()
	/usr/lib/golang/src/runtime/mgc.go:1695 +0x17 fp=0x1bbac4739fe0 sp=0x1bbac4739fc8 pc=0x561715ef9817
runtime.goexit({})
	/usr/lib/golang/src/runtime/asm_amd64.s:1771 +0x1 fp=0x1bbac4739fe8 sp=0x1bbac4739fe0 pc=0x561715f58b41
created by runtime.gcBgMarkStartWorkers in goroutine 1
	/usr/lib/golang/src/runtime/mgc.go:1695 +0x105

goroutine 10 gp=0x1bbac4778960 m=nil [GC worker (idle)]:
runtime.gopark(0x0?, 0x0?, 0x0?, 0x0?, 0x0?)
	/usr/lib/golang/src/runtime/proc.go:462 +0xce fp=0x1bbac4732740 sp=0x1bbac4732720 pc=0x561715f510ae
runtime.gcBgMarkWorker(0x1bbac421a1c0)
	/usr/lib/golang/src/runtime/mgc.go:1791 +0xeb fp=0x1bbac47327c8 sp=0x1bbac4732740 pc=0x561715ef992b
runtime.gcBgMarkStartWorkers.gowrap1()
	/usr/lib/golang/src/runtime/mgc.go:1695 +0x17 fp=0x1bbac47327e0 sp=0x1bbac47327c8 pc=0x561715ef9817
runtime.goexit({})
	/usr/lib/golang/src/runtime/asm_amd64.s:1771 +0x1 fp=0x1bbac47327e8 sp=0x1bbac47327e0 pc=0x561715f58b41
created by runtime.gcBgMarkStartWorkers in goroutine 1
	/usr/lib/golang/src/runtime/mgc.go:1695 +0x105

goroutine 11 gp=0x1bbac4778b40 m=nil [GC worker (idle)]:
runtime.gopark(0x0?, 0x0?, 0x0?, 0x0?, 0x0?)
	/usr/lib/golang/src/runtime/proc.go:462 +0xce fp=0x1bbac4732f40 sp=0x1bbac4732f20 pc=0x561715f510ae
runtime.gcBgMarkWorker(0x1bbac421a1c0)
	/usr/lib/golang/src/runtime/mgc.go:1791 +0xeb fp=0x1bbac4732fc8 sp=0x1bbac4732f40 pc=0x561715ef992b
runtime.gcBgMarkStartWorkers.gowrap1()
	/usr/lib/golang/src/runtime/mgc.go:1695 +0x17 fp=0x1bbac4732fe0 sp=0x1bbac4732fc8 pc=0x561715ef9817
runtime.goexit({})
	/usr/lib/golang/src/runtime/asm_amd64.s:1771 +0x1 fp=0x1bbac4732fe8 sp=0x1bbac4732fe0 pc=0x561715f58b41
created by runtime.gcBgMarkStartWorkers in goroutine 1
	/usr/lib/golang/src/runtime/mgc.go:1695 +0x105

goroutine 12 gp=0x1bbac4778d20 m=nil [GC worker (idle)]:
runtime.gopark(0x0?, 0x0?, 0x0?, 0x0?, 0x0?)
	/usr/lib/golang/src/runtime/proc.go:462 +0xce fp=0x1bbac4733740 sp=0x1bbac4733720 pc=0x561715f510ae
runtime.gcBgMarkWorker(0x1bbac421a1c0)
	/usr/lib/golang/src/runtime/mgc.go:1791 +0xeb fp=0x1bbac47337c8 sp=0x1bbac4733740 pc=0x561715ef992b
runtime.gcBgMarkStartWorkers.gowrap1()
	/usr/lib/golang/src/runtime/mgc.go:1695 +0x17 fp=0x1bbac47337e0 sp=0x1bbac47337c8 pc=0x561715ef9817
runtime.goexit({})
	/usr/lib/golang/src/runtime/asm_amd64.s:1771 +0x1 fp=0x1bbac47337e8 sp=0x1bbac47337e0 pc=0x561715f58b41
created by runtime.gcBgMarkStartWorkers in goroutine 1
	/usr/lib/golang/src/runtime/mgc.go:1695 +0x105

goroutine 13 gp=0x1bbac4778f00 m=nil [GC worker (idle)]:
runtime.gopark(0x0?, 0x0?, 0x0?, 0x0?, 0x0?)
	/usr/lib/golang/src/runtime/proc.go:462 +0xce fp=0x1bbac4733f40 sp=0x1bbac4733f20 pc=0x561715f510ae
runtime.gcBgMarkWorker(0x1bbac421a1c0)
	/usr/lib/golang/src/runtime/mgc.go:1791 +0xeb fp=0x1bbac4733fc8 sp=0x1bbac4733f40 pc=0x561715ef992b
runtime.gcBgMarkStartWorkers.gowrap1()
	/usr/lib/golang/src/runtime/mgc.go:1695 +0x17 fp=0x1bbac4733fe0 sp=0x1bbac4733fc8 pc=0x561715ef9817
runtime.goexit({})
	/usr/lib/golang/src/runtime/asm_amd64.s:1771 +0x1 fp=0x1bbac4733fe8 sp=0x1bbac4733fe0 pc=0x561715f58b41
created by runtime.gcBgMarkStartWorkers in goroutine 1
	/usr/lib/golang/src/runtime/mgc.go:1695 +0x105

goroutine 14 gp=0x1bbac47790e0 m=nil [GC worker (idle)]:
runtime.gopark(0x0?, 0x0?, 0x0?, 0x0?, 0x0?)
	/usr/lib/golang/src/runtime/proc.go:462 +0xce fp=0x1bbac4734740 sp=0x1bbac4734720 pc=0x561715f510ae
runtime.gcBgMarkWorker(0x1bbac421a1c0)
	/usr/lib/golang/src/runtime/mgc.go:1791 +0xeb fp=0x1bbac47347c8 sp=0x1bbac4734740 pc=0x561715ef992b
runtime.gcBgMarkStartWorkers.gowrap1()
	/usr/lib/golang/src/runtime/mgc.go:1695 +0x17 fp=0x1bbac47347e0 sp=0x1bbac47347c8 pc=0x561715ef9817
runtime.goexit({})
	/usr/lib/golang/src/runtime/asm_amd64.s:1771 +0x1 fp=0x1bbac47347e8 sp=0x1bbac47347e0 pc=0x561715f58b41
created by runtime.gcBgMarkStartWorkers in goroutine 1
	/usr/lib/golang/src/runtime/mgc.go:1695 +0x105

goroutine 15 gp=0x1bbac47792c0 m=nil [GC worker (idle)]:
runtime.gopark(0x0?, 0x0?, 0x0?, 0x0?, 0x0?)
	/usr/lib/golang/src/runtime/proc.go:462 +0xce fp=0x1bbac4734f40 sp=0x1bbac4734f20 pc=0x561715f510ae
runtime.gcBgMarkWorker(0x1bbac421a1c0)
	/usr/lib/golang/src/runtime/mgc.go:1791 +0xeb fp=0x1bbac4734fc8 sp=0x1bbac4734f40 pc=0x561715ef992b
runtime.gcBgMarkStartWorkers.gowrap1()
	/usr/lib/golang/src/runtime/mgc.go:1695 +0x17 fp=0x1bbac4734fe0 sp=0x1bbac4734fc8 pc=0x561715ef9817
runtime.goexit({})
	/usr/lib/golang/src/runtime/asm_amd64.s:1771 +0x1 fp=0x1bbac4734fe8 sp=0x1bbac4734fe0 pc=0x561715f58b41
created by runtime.gcBgMarkStartWorkers in goroutine 1
	/usr/lib/golang/src/runtime/mgc.go:1695 +0x105

goroutine 16 gp=0x1bbac47794a0 m=nil [GC worker (idle)]:
runtime.gopark(0x0?, 0x0?, 0x0?, 0x0?, 0x0?)
	/usr/lib/golang/src/runtime/proc.go:462 +0xce fp=0x1bbac4735740 sp=0x1bbac4735720 pc=0x561715f510ae
runtime.gcBgMarkWorker(0x1bbac421a1c0)
	/usr/lib/golang/src/runtime/mgc.go:1791 +0xeb fp=0x1bbac47357c8 sp=0x1bbac4735740 pc=0x561715ef992b
runtime.gcBgMarkStartWorkers.gowrap1()
	/usr/lib/golang/src/runtime/mgc.go:1695 +0x17 fp=0x1bbac47357e0 sp=0x1bbac47357c8 pc=0x561715ef9817
runtime.goexit({})
	/usr/lib/golang/src/runtime/asm_amd64.s:1771 +0x1 fp=0x1bbac47357e8 sp=0x1bbac47357e0 pc=0x561715f58b41
created by runtime.gcBgMarkStartWorkers in goroutine 1
	/usr/lib/golang/src/runtime/mgc.go:1695 +0x105

goroutine 18 gp=0x1bbac4779680 m=nil [GC worker (idle)]:
runtime.gopark(0x0?, 0x0?, 0x0?, 0x0?, 0x0?)
	/usr/lib/golang/src/runtime/proc.go:462 +0xce fp=0x1bbac4735f40 sp=0x1bbac4735f20 pc=0x561715f510ae
runtime.gcBgMarkWorker(0x1bbac421a1c0)
	/usr/lib/golang/src/runtime/mgc.go:1791 +0xeb fp=0x1bbac4735fc8 sp=0x1bbac4735f40 pc=0x561715ef992b
runtime.gcBgMarkStartWorkers.gowrap1()
	/usr/lib/golang/src/runtime/mgc.go:1695 +0x17 fp=0x1bbac4735fe0 sp=0x1bbac4735fc8 pc=0x561715ef9817
runtime.goexit({})
	/usr/lib/golang/src/runtime/asm_amd64.s:1771 +0x1 fp=0x1bbac4735fe8 sp=0x1bbac4735fe0 pc=0x561715f58b41
created by runtime.gcBgMarkStartWorkers in goroutine 1
	/usr/lib/golang/src/runtime/mgc.go:1695 +0x105

goroutine 19 gp=0x1bbac4779860 m=nil [GC worker (idle)]:
runtime.gopark(0x0?, 0x0?, 0x0?, 0x0?, 0x0?)
	/usr/lib/golang/src/runtime/proc.go:462 +0xce fp=0x1bbac4804740 sp=0x1bbac4804720 pc=0x561715f510ae
runtime.gcBgMarkWorker(0x1bbac421a1c0)
	/usr/lib/golang/src/runtime/mgc.go:1791 +0xeb fp=0x1bbac48047c8 sp=0x1bbac4804740 pc=0x561715ef992b
runtime.gcBgMarkStartWorkers.gowrap1()
	/usr/lib/golang/src/runtime/mgc.go:1695 +0x17 fp=0x1bbac48047e0 sp=0x1bbac48047c8 pc=0x561715ef9817
runtime.goexit({})
	/usr/lib/golang/src/runtime/asm_amd64.s:1771 +0x1 fp=0x1bbac48047e8 sp=0x1bbac48047e0 pc=0x561715f58b41
created by runtime.gcBgMarkStartWorkers in goroutine 1
	/usr/lib/golang/src/runtime/mgc.go:1695 +0x105

goroutine 20 gp=0x1bbac4779a40 m=nil [GC worker (idle)]:
runtime.gopark(0x0?, 0x0?, 0x0?, 0x0?, 0x0?)
	/usr/lib/golang/src/runtime/proc.go:462 +0xce fp=0x1bbac4804f40 sp=0x1bbac4804f20 pc=0x561715f510ae
runtime.gcBgMarkWorker(0x1bbac421a1c0)
	/usr/lib/golang/src/runtime/mgc.go:1791 +0xeb fp=0x1bbac4804fc8 sp=0x1bbac4804f40 pc=0x561715ef992b
runtime.gcBgMarkStartWorkers.gowrap1()
	/usr/lib/golang/src/runtime/mgc.go:1695 +0x17 fp=0x1bbac4804fe0 sp=0x1bbac4804fc8 pc=0x561715ef9817
runtime.goexit({})
	/usr/lib/golang/src/runtime/asm_amd64.s:1771 +0x1 fp=0x1bbac4804fe8 sp=0x1bbac4804fe0 pc=0x561715f58b41
created by runtime.gcBgMarkStartWorkers in goroutine 1
	/usr/lib/golang/src/runtime/mgc.go:1695 +0x105

goroutine 21 gp=0x1bbac4779c20 m=nil [GC worker (idle)]:
runtime.gopark(0x0?, 0x0?, 0x0?, 0x0?, 0x0?)
	/usr/lib/golang/src/runtime/proc.go:462 +0xce fp=0x1bbac4805740 sp=0x1bbac4805720 pc=0x561715f510ae
runtime.gcBgMarkWorker(0x1bbac421a1c0)
	/usr/lib/golang/src/runtime/mgc.go:1791 +0xeb fp=0x1bbac48057c8 sp=0x1bbac4805740 pc=0x561715ef992b
runtime.gcBgMarkStartWorkers.gowrap1()
	/usr/lib/golang/src/runtime/mgc.go:1695 +0x17 fp=0x1bbac48057e0 sp=0x1bbac48057c8 pc=0x561715ef9817
runtime.goexit({})
	/usr/lib/golang/src/runtime/asm_amd64.s:1771 +0x1 fp=0x1bbac48057e8 sp=0x1bbac48057e0 pc=0x561715f58b41
created by runtime.gcBgMarkStartWorkers in goroutine 1
	/usr/lib/golang/src/runtime/mgc.go:1695 +0x105

goroutine 22 gp=0x1bbac4808000 m=nil [GC worker (idle)]:
runtime.gopark(0x0?, 0x0?, 0x0?, 0x0?, 0x0?)
	/usr/lib/golang/src/runtime/proc.go:462 +0xce fp=0x1bbac4805f40 sp=0x1bbac4805f20 pc=0x561715f510ae
runtime.gcBgMarkWorker(0x1bbac421a1c0)
	/usr/lib/golang/src/runtime/mgc.go:1791 +0xeb fp=0x1bbac4805fc8 sp=0x1bbac4805f40 pc=0x561715ef992b
runtime.gcBgMarkStartWorkers.gowrap1()
	/usr/lib/golang/src/runtime/mgc.go:1695 +0x17 fp=0x1bbac4805fe0 sp=0x1bbac4805fc8 pc=0x561715ef9817
runtime.goexit({})
	/usr/lib/golang/src/runtime/asm_amd64.s:1771 +0x1 fp=0x1bbac4805fe8 sp=0x1bbac4805fe0 pc=0x561715f58b41
created by runtime.gcBgMarkStartWorkers in goroutine 1
	/usr/lib/golang/src/runtime/mgc.go:1695 +0x105

goroutine 23 gp=0x1bbac48081e0 m=nil [GC worker (idle)]:
runtime.gopark(0x0?, 0x0?, 0x0?, 0x0?, 0x0?)
	/usr/lib/golang/src/runtime/proc.go:462 +0xce fp=0x1bbac4806740 sp=0x1bbac4806720 pc=0x561715f510ae
runtime.gcBgMarkWorker(0x1bbac421a1c0)
	/usr/lib/golang/src/runtime/mgc.go:1791 +0xeb fp=0x1bbac48067c8 sp=0x1bbac4806740 pc=0x561715ef992b
runtime.gcBgMarkStartWorkers.gowrap1()
	/usr/lib/golang/src/runtime/mgc.go:1695 +0x17 fp=0x1bbac48067e0 sp=0x1bbac48067c8 pc=0x561715ef9817
runtime.goexit({})
	/usr/lib/golang/src/runtime/asm_amd64.s:1771 +0x1 fp=0x1bbac48067e8 sp=0x1bbac48067e0 pc=0x561715f58b41
created by runtime.gcBgMarkStartWorkers in goroutine 1
	/usr/lib/golang/src/runtime/mgc.go:1695 +0x105

goroutine 34 gp=0x1bbac47843c0 m=nil [GC worker (idle)]:
runtime.gopark(0x0?, 0x0?, 0x0?, 0x0?, 0x0?)
	/usr/lib/golang/src/runtime/proc.go:462 +0xce fp=0x1bbac4800740 sp=0x1bbac4800720 pc=0x561715f510ae
runtime.gcBgMarkWorker(0x1bbac421a1c0)
	/usr/lib/golang/src/runtime/mgc.go:1791 +0xeb fp=0x1bbac48007c8 sp=0x1bbac4800740 pc=0x561715ef992b
runtime.gcBgMarkStartWorkers.gowrap1()
	/usr/lib/golang/src/runtime/mgc.go:1695 +0x17 fp=0x1bbac48007e0 sp=0x1bbac48007c8 pc=0x561715ef9817
runtime.goexit({})
	/usr/lib/golang/src/runtime/asm_amd64.s:1771 +0x1 fp=0x1bbac48007e8 sp=0x1bbac48007e0 pc=0x561715f58b41
created by runtime.gcBgMarkStartWorkers in goroutine 1
	/usr/lib/golang/src/runtime/mgc.go:1695 +0x105

goroutine 35 gp=0x1bbac47845a0 m=nil [GC worker (idle)]:
runtime.gopark(0x0?, 0x0?, 0x0?, 0x0?, 0x0?)
	/usr/lib/golang/src/runtime/proc.go:462 +0xce fp=0x1bbac4800f40 sp=0x1bbac4800f20 pc=0x561715f510ae
runtime.gcBgMarkWorker(0x1bbac421a1c0)
	/usr/lib/golang/src/runtime/mgc.go:1791 +0xeb fp=0x1bbac4800fc8 sp=0x1bbac4800f40 pc=0x561715ef992b
runtime.gcBgMarkStartWorkers.gowrap1()
	/usr/lib/golang/src/runtime/mgc.go:1695 +0x17 fp=0x1bbac4800fe0 sp=0x1bbac4800fc8 pc=0x561715ef9817
runtime.goexit({})
	/usr/lib/golang/src/runtime/asm_amd64.s:1771 +0x1 fp=0x1bbac4800fe8 sp=0x1bbac4800fe0 pc=0x561715f58b41
created by runtime.gcBgMarkStartWorkers in goroutine 1
	/usr/lib/golang/src/runtime/mgc.go:1695 +0x105

goroutine 36 gp=0x1bbac4784780 m=nil [GC worker (idle)]:
runtime.gopark(0x0?, 0x0?, 0x0?, 0x0?, 0x0?)
	/usr/lib/golang/src/runtime/proc.go:462 +0xce fp=0x1bbac4801740 sp=0x1bbac4801720 pc=0x561715f510ae
runtime.gcBgMarkWorker(0x1bbac421a1c0)
	/usr/lib/golang/src/runtime/mgc.go:1791 +0xeb fp=0x1bbac48017c8 sp=0x1bbac4801740 pc=0x561715ef992b
runtime.gcBgMarkStartWorkers.gowrap1()
	/usr/lib/golang/src/runtime/mgc.go:1695 +0x17 fp=0x1bbac48017e0 sp=0x1bbac48017c8 pc=0x561715ef9817
runtime.goexit({})
	/usr/lib/golang/src/runtime/asm_amd64.s:1771 +0x1 fp=0x1bbac48017e8 sp=0x1bbac48017e0 pc=0x561715f58b41
created by runtime.gcBgMarkStartWorkers in goroutine 1
	/usr/lib/golang/src/runtime/mgc.go:1695 +0x105

goroutine 37 gp=0x1bbac4784960 m=nil [GC worker (idle)]:
runtime.gopark(0x0?, 0x0?, 0x0?, 0x0?, 0x0?)
	/usr/lib/golang/src/runtime/proc.go:462 +0xce fp=0x1bbac4801f40 sp=0x1bbac4801f20 pc=0x561715f510ae
runtime.gcBgMarkWorker(0x1bbac421a1c0)
	/usr/lib/golang/src/runtime/mgc.go:1791 +0xeb fp=0x1bbac4801fc8 sp=0x1bbac4801f40 pc=0x561715ef992b
runtime.gcBgMarkStartWorkers.gowrap1()
	/usr/lib/golang/src/runtime/mgc.go:1695 +0x17 fp=0x1bbac4801fe0 sp=0x1bbac4801fc8 pc=0x561715ef9817
runtime.goexit({})
	/usr/lib/golang/src/runtime/asm_amd64.s:1771 +0x1 fp=0x1bbac4801fe8 sp=0x1bbac4801fe0 pc=0x561715f58b41
created by runtime.gcBgMarkStartWorkers in goroutine 1
	/usr/lib/golang/src/runtime/mgc.go:1695 +0x105

goroutine 38 gp=0x1bbac4784b40 m=nil [GC worker (idle)]:
runtime.gopark(0x0?, 0x0?, 0x0?, 0x0?, 0x0?)
	/usr/lib/golang/src/runtime/proc.go:462 +0xce fp=0x1bbac4802740 sp=0x1bbac4802720 pc=0x561715f510ae
runtime.gcBgMarkWorker(0x1bbac421a1c0)
	/usr/lib/golang/src/runtime/mgc.go:1791 +0xeb fp=0x1bbac48027c8 sp=0x1bbac4802740 pc=0x561715ef992b
runtime.gcBgMarkStartWorkers.gowrap1()
	/usr/lib/golang/src/runtime/mgc.go:1695 +0x17 fp=0x1bbac48027e0 sp=0x1bbac48027c8 pc=0x561715ef9817
runtime.goexit({})
	/usr/lib/golang/src/runtime/asm_amd64.s:1771 +0x1 fp=0x1bbac48027e8 sp=0x1bbac48027e0 pc=0x561715f58b41
created by runtime.gcBgMarkStartWorkers in goroutine 1
	/usr/lib/golang/src/runtime/mgc.go:1695 +0x105

goroutine 39 gp=0x1bbac4784d20 m=nil [GC worker (idle)]:
runtime.gopark(0x0?, 0x0?, 0x0?, 0x0?, 0x0?)
	/usr/lib/golang/src/runtime/proc.go:462 +0xce fp=0x1bbac4802f40 sp=0x1bbac4802f20 pc=0x561715f510ae
runtime.gcBgMarkWorker(0x1bbac421a1c0)
	/usr/lib/golang/src/runtime/mgc.go:1791 +0xeb fp=0x1bbac4802fc8 sp=0x1bbac4802f40 pc=0x561715ef992b
runtime.gcBgMarkStartWorkers.gowrap1()
	/usr/lib/golang/src/runtime/mgc.go:1695 +0x17 fp=0x1bbac4802fe0 sp=0x1bbac4802fc8 pc=0x561715ef9817
runtime.goexit({})
	/usr/lib/golang/src/runtime/asm_amd64.s:1771 +0x1 fp=0x1bbac4802fe8 sp=0x1bbac4802fe0 pc=0x561715f58b41
created by runtime.gcBgMarkStartWorkers in goroutine 1
	/usr/lib/golang/src/runtime/mgc.go:1695 +0x105

goroutine 40 gp=0x1bbac4784f00 m=nil [GC worker (idle)]:
runtime.gopark(0x0?, 0x0?, 0x0?, 0x0?, 0x0?)
	/usr/lib/golang/src/runtime/proc.go:462 +0xce fp=0x1bbac4803740 sp=0x1bbac4803720 pc=0x561715f510ae
runtime.gcBgMarkWorker(0x1bbac421a1c0)
	/usr/lib/golang/src/runtime/mgc.go:1791 +0xeb fp=0x1bbac48037c8 sp=0x1bbac4803740 pc=0x561715ef992b
runtime.gcBgMarkStartWorkers.gowrap1()
	/usr/lib/golang/src/runtime/mgc.go:1695 +0x17 fp=0x1bbac48037e0 sp=0x1bbac48037c8 pc=0x561715ef9817
runtime.goexit({})
	/usr/lib/golang/src/runtime/asm_amd64.s:1771 +0x1 fp=0x1bbac48037e8 sp=0x1bbac48037e0 pc=0x561715f58b41
created by runtime.gcBgMarkStartWorkers in goroutine 1
	/usr/lib/golang/src/runtime/mgc.go:1695 +0x105

goroutine 41 gp=0x1bbac47850e0 m=nil [GC worker (idle)]:
runtime.gopark(0x0?, 0x0?, 0x0?, 0x0?, 0x0?)
	/usr/lib/golang/src/runtime/proc.go:462 +0xce fp=0x1bbac4803f40 sp=0x1bbac4803f20 pc=0x561715f510ae
runtime.gcBgMarkWorker(0x1bbac421a1c0)
	/usr/lib/golang/src/runtime/mgc.go:1791 +0xeb fp=0x1bbac4803fc8 sp=0x1bbac4803f40 pc=0x561715ef992b
runtime.gcBgMarkStartWorkers.gowrap1()
	/usr/lib/golang/src/runtime/mgc.go:1695 +0x17 fp=0x1bbac4803fe0 sp=0x1bbac4803fc8 pc=0x561715ef9817
runtime.goexit({})
	/usr/lib/golang/src/runtime/asm_amd64.s:1771 +0x1 fp=0x1bbac4803fe8 sp=0x1bbac4803fe0 pc=0x561715f58b41
created by runtime.gcBgMarkStartWorkers in goroutine 1
	/usr/lib/golang/src/runtime/mgc.go:1695 +0x105

goroutine 42 gp=0x1bbac47852c0 m=nil [GC worker (idle)]:
runtime.gopark(0x0?, 0x0?, 0x0?, 0x0?, 0x0?)
	/usr/lib/golang/src/runtime/proc.go:462 +0xce fp=0x1bbac479a740 sp=0x1bbac479a720 pc=0x561715f510ae
runtime.gcBgMarkWorker(0x1bbac421a1c0)
	/usr/lib/golang/src/runtime/mgc.go:1791 +0xeb fp=0x1bbac479a7c8 sp=0x1bbac479a740 pc=0x561715ef992b
runtime.gcBgMarkStartWorkers.gowrap1()
	/usr/lib/golang/src/runtime/mgc.go:1695 +0x17 fp=0x1bbac479a7e0 sp=0x1bbac479a7c8 pc=0x561715ef9817
runtime.goexit({})
	/usr/lib/golang/src/runtime/asm_amd64.s:1771 +0x1 fp=0x1bbac479a7e8 sp=0x1bbac479a7e0 pc=0x561715f58b41
created by runtime.gcBgMarkStartWorkers in goroutine 1
	/usr/lib/golang/src/runtime/mgc.go:1695 +0x105

goroutine 43 gp=0x1bbac47854a0 m=nil [GC worker (idle)]:
runtime.gopark(0x0?, 0x0?, 0x0?, 0x0?, 0x0?)
	/usr/lib/golang/src/runtime/proc.go:462 +0xce fp=0x1bbac479af40 sp=0x1bbac479af20 pc=0x561715f510ae
runtime.gcBgMarkWorker(0x1bbac421a1c0)
	/usr/lib/golang/src/runtime/mgc.go:1791 +0xeb fp=0x1bbac479afc8 sp=0x1bbac479af40 pc=0x561715ef992b
runtime.gcBgMarkStartWorkers.gowrap1()
	/usr/lib/golang/src/runtime/mgc.go:1695 +0x17 fp=0x1bbac479afe0 sp=0x1bbac479afc8 pc=0x561715ef9817
runtime.goexit({})
	/usr/lib/golang/src/runtime/asm_amd64.s:1771 +0x1 fp=0x1bbac479afe8 sp=0x1bbac479afe0 pc=0x561715f58b41
created by runtime.gcBgMarkStartWorkers in goroutine 1
	/usr/lib/golang/src/runtime/mgc.go:1695 +0x105

goroutine 44 gp=0x1bbac4785680 m=nil [GC worker (idle)]:
runtime.gopark(0x0?, 0x0?, 0x0?, 0x0?, 0x0?)
	/usr/lib/golang/src/runtime/proc.go:462 +0xce fp=0x1bbac479b740 sp=0x1bbac479b720 pc=0x561715f510ae
runtime.gcBgMarkWorker(0x1bbac421a1c0)
	/usr/lib/golang/src/runtime/mgc.go:1791 +0xeb fp=0x1bbac479b7c8 sp=0x1bbac479b740 pc=0x561715ef992b
runtime.gcBgMarkStartWorkers.gowrap1()
	/usr/lib/golang/src/runtime/mgc.go:1695 +0x17 fp=0x1bbac479b7e0 sp=0x1bbac479b7c8 pc=0x561715ef9817
runtime.goexit({})
	/usr/lib/golang/src/runtime/asm_amd64.s:1771 +0x1 fp=0x1bbac479b7e8 sp=0x1bbac479b7e0 pc=0x561715f58b41
created by runtime.gcBgMarkStartWorkers in goroutine 1
	/usr/lib/golang/src/runtime/mgc.go:1695 +0x105

goroutine 45 gp=0x1bbac4785860 m=nil [GC worker (idle)]:
runtime.gopark(0x0?, 0x0?, 0x0?, 0x0?, 0x0?)
	/usr/lib/golang/src/runtime/proc.go:462 +0xce fp=0x1bbac479bf40 sp=0x1bbac479bf20 pc=0x561715f510ae
runtime.gcBgMarkWorker(0x1bbac421a1c0)
	/usr/lib/golang/src/runtime/mgc.go:1791 +0xeb fp=0x1bbac479bfc8 sp=0x1bbac479bf40 pc=0x561715ef992b
runtime.gcBgMarkStartWorkers.gowrap1()
	/usr/lib/golang/src/runtime/mgc.go:1695 +0x17 fp=0x1bbac479bfe0 sp=0x1bbac479bfc8 pc=0x561715ef9817
runtime.goexit({})
	/usr/lib/golang/src/runtime/asm_amd64.s:1771 +0x1 fp=0x1bbac479bfe8 sp=0x1bbac479bfe0 pc=0x561715f58b41
created by runtime.gcBgMarkStartWorkers in goroutine 1
	/usr/lib/golang/src/runtime/mgc.go:1695 +0x105

goroutine 46 gp=0x1bbac4785a40 m=nil [GC worker (idle)]:
runtime.gopark(0x0?, 0x0?, 0x0?, 0x0?, 0x0?)
	/usr/lib/golang/src/runtime/proc.go:462 +0xce fp=0x1bbac479c740 sp=0x1bbac479c720 pc=0x561715f510ae
runtime.gcBgMarkWorker(0x1bbac421a1c0)
	/usr/lib/golang/src/runtime/mgc.go:1791 +0xeb fp=0x1bbac479c7c8 sp=0x1bbac479c740 pc=0x561715ef992b
runtime.gcBgMarkStartWorkers.gowrap1()
	/usr/lib/golang/src/runtime/mgc.go:1695 +0x17 fp=0x1bbac479c7e0 sp=0x1bbac479c7c8 pc=0x561715ef9817
runtime.goexit({})
	/usr/lib/golang/src/runtime/asm_amd64.s:1771 +0x1 fp=0x1bbac479c7e8 sp=0x1bbac479c7e0 pc=0x561715f58b41
created by runtime.gcBgMarkStartWorkers in goroutine 1
	/usr/lib/golang/src/runtime/mgc.go:1695 +0x105

goroutine 47 gp=0x1bbac4785c20 m=nil [GC worker (idle)]:
runtime.gopark(0x0?, 0x0?, 0x0?, 0x0?, 0x0?)
	/usr/lib/golang/src/runtime/proc.go:462 +0xce fp=0x1bbac479cf40 sp=0x1bbac479cf20 pc=0x561715f510ae
runtime.gcBgMarkWorker(0x1bbac421a1c0)
	/usr/lib/golang/src/runtime/mgc.go:1791 +0xeb fp=0x1bbac479cfc8 sp=0x1bbac479cf40 pc=0x561715ef992b
runtime.gcBgMarkStartWorkers.gowrap1()
	/usr/lib/golang/src/runtime/mgc.go:1695 +0x17 fp=0x1bbac479cfe0 sp=0x1bbac479cfc8 pc=0x561715ef9817
runtime.goexit({})
	/usr/lib/golang/src/runtime/asm_amd64.s:1771 +0x1 fp=0x1bbac479cfe8 sp=0x1bbac479cfe0 pc=0x561715f58b41
created by runtime.gcBgMarkStartWorkers in goroutine 1
	/usr/lib/golang/src/runtime/mgc.go:1695 +0x105

goroutine 48 gp=0x1bbac47a0000 m=nil [GC worker (idle)]:
runtime.gopark(0x0?, 0x0?, 0x0?, 0x0?, 0x0?)
	/usr/lib/golang/src/runtime/proc.go:462 +0xce fp=0x1bbac479d740 sp=0x1bbac479d720 pc=0x561715f510ae
runtime.gcBgMarkWorker(0x1bbac421a1c0)
	/usr/lib/golang/src/runtime/mgc.go:1791 +0xeb fp=0x1bbac479d7c8 sp=0x1bbac479d740 pc=0x561715ef992b
runtime.gcBgMarkStartWorkers.gowrap1()
	/usr/lib/golang/src/runtime/mgc.go:1695 +0x17 fp=0x1bbac479d7e0 sp=0x1bbac479d7c8 pc=0x561715ef9817
runtime.goexit({})
	/usr/lib/golang/src/runtime/asm_amd64.s:1771 +0x1 fp=0x1bbac479d7e8 sp=0x1bbac479d7e0 pc=0x561715f58b41
created by runtime.gcBgMarkStartWorkers in goroutine 1
	/usr/lib/golang/src/runtime/mgc.go:1695 +0x105

goroutine 49 gp=0x1bbac47a01e0 m=nil [GC worker (idle)]:
runtime.gopark(0x0?, 0x0?, 0x0?, 0x0?, 0x0?)
	/usr/lib/golang/src/runtime/proc.go:462 +0xce fp=0x1bbac479df40 sp=0x1bbac479df20 pc=0x561715f510ae
runtime.gcBgMarkWorker(0x1bbac421a1c0)
	/usr/lib/golang/src/runtime/mgc.go:1791 +0xeb fp=0x1bbac479dfc8 sp=0x1bbac479df40 pc=0x561715ef992b
runtime.gcBgMarkStartWorkers.gowrap1()
	/usr/lib/golang/src/runtime/mgc.go:1695 +0x17 fp=0x1bbac479dfe0 sp=0x1bbac479dfc8 pc=0x561715ef9817
runtime.goexit({})
	/usr/lib/golang/src/runtime/asm_amd64.s:1771 +0x1 fp=0x1bbac479dfe8 sp=0x1bbac479dfe0 pc=0x561715f58b41
created by runtime.gcBgMarkStartWorkers in goroutine 1
	/usr/lib/golang/src/runtime/mgc.go:1695 +0x105

goroutine 24 gp=0x1bbac48083c0 m=nil [GC worker (idle)]:
runtime.gopark(0x0?, 0x0?, 0x0?, 0x0?, 0x0?)
	/usr/lib/golang/src/runtime/proc.go:462 +0xce fp=0x1bbac4806f40 sp=0x1bbac4806f20 pc=0x561715f510ae
runtime.gcBgMarkWorker(0x1bbac421a1c0)
	/usr/lib/golang/src/runtime/mgc.go:1791 +0xeb fp=0x1bbac4806fc8 sp=0x1bbac4806f40 pc=0x561715ef992b
runtime.gcBgMarkStartWorkers.gowrap1()
	/usr/lib/golang/src/runtime/mgc.go:1695 +0x17 fp=0x1bbac4806fe0 sp=0x1bbac4806fc8 pc=0x561715ef9817
runtime.goexit({})
	/usr/lib/golang/src/runtime/asm_amd64.s:1771 +0x1 fp=0x1bbac4806fe8 sp=0x1bbac4806fe0 pc=0x561715f58b41
created by runtime.gcBgMarkStartWorkers in goroutine 1
	/usr/lib/golang/src/runtime/mgc.go:1695 +0x105

goroutine 25 gp=0x1bbac48085a0 m=nil [GC worker (idle)]:
runtime.gopark(0x0?, 0x0?, 0x0?, 0x0?, 0x0?)
	/usr/lib/golang/src/runtime/proc.go:462 +0xce fp=0x1bbac4807740 sp=0x1bbac4807720 pc=0x561715f510ae
runtime.gcBgMarkWorker(0x1bbac421a1c0)
	/usr/lib/golang/src/runtime/mgc.go:1791 +0xeb fp=0x1bbac48077c8 sp=0x1bbac4807740 pc=0x561715ef992b
runtime.gcBgMarkStartWorkers.gowrap1()
	/usr/lib/golang/src/runtime/mgc.go:1695 +0x17 fp=0x1bbac48077e0 sp=0x1bbac48077c8 pc=0x561715ef9817
runtime.goexit({})
	/usr/lib/golang/src/runtime/asm_amd64.s:1771 +0x1 fp=0x1bbac48077e8 sp=0x1bbac48077e0 pc=0x561715f58b41
created by runtime.gcBgMarkStartWorkers in goroutine 1
	/usr/lib/golang/src/runtime/mgc.go:1695 +0x105

goroutine 26 gp=0x1bbac4808780 m=nil [GC worker (idle)]:
runtime.gopark(0x0?, 0x0?, 0x0?, 0x0?, 0x0?)
	/usr/lib/golang/src/runtime/proc.go:462 +0xce fp=0x1bbac4807f40 sp=0x1bbac4807f20 pc=0x561715f510ae
runtime.gcBgMarkWorker(0x1bbac421a1c0)
	/usr/lib/golang/src/runtime/mgc.go:1791 +0xeb fp=0x1bbac4807fc8 sp=0x1bbac4807f40 pc=0x561715ef992b
runtime.gcBgMarkStartWorkers.gowrap1()
	/usr/lib/golang/src/runtime/mgc.go:1695 +0x17 fp=0x1bbac4807fe0 sp=0x1bbac4807fc8 pc=0x561715ef9817
runtime.goexit({})
	/usr/lib/golang/src/runtime/asm_amd64.s:1771 +0x1 fp=0x1bbac4807fe8 sp=0x1bbac4807fe0 pc=0x561715f58b41
created by runtime.gcBgMarkStartWorkers in goroutine 1
	/usr/lib/golang/src/runtime/mgc.go:1695 +0x105

goroutine 27 gp=0x1bbac4808960 m=nil [GC worker (idle)]:
runtime.gopark(0x0?, 0x0?, 0x0?, 0x0?, 0x0?)
	/usr/lib/golang/src/runtime/proc.go:462 +0xce fp=0x1bbac4796740 sp=0x1bbac4796720 pc=0x561715f510ae
runtime.gcBgMarkWorker(0x1bbac421a1c0)
	/usr/lib/golang/src/runtime/mgc.go:1791 +0xeb fp=0x1bbac47967c8 sp=0x1bbac4796740 pc=0x561715ef992b
runtime.gcBgMarkStartWorkers.gowrap1()
	/usr/lib/golang/src/runtime/mgc.go:1695 +0x17 fp=0x1bbac47967e0 sp=0x1bbac47967c8 pc=0x561715ef9817
runtime.goexit({})
	/usr/lib/golang/src/runtime/asm_amd64.s:1771 +0x1 fp=0x1bbac47967e8 sp=0x1bbac47967e0 pc=0x561715f58b41
created by runtime.gcBgMarkStartWorkers in goroutine 1
	/usr/lib/golang/src/runtime/mgc.go:1695 +0x105

goroutine 28 gp=0x1bbac4808b40 m=nil [GC worker (idle)]:
runtime.gopark(0x0?, 0x0?, 0x0?, 0x0?, 0x0?)
	/usr/lib/golang/src/runtime/proc.go:462 +0xce fp=0x1bbac4796f40 sp=0x1bbac4796f20 pc=0x561715f510ae
runtime.gcBgMarkWorker(0x1bbac421a1c0)
	/usr/lib/golang/src/runtime/mgc.go:1791 +0xeb fp=0x1bbac4796fc8 sp=0x1bbac4796f40 pc=0x561715ef992b
runtime.gcBgMarkStartWorkers.gowrap1()
	/usr/lib/golang/src/runtime/mgc.go:1695 +0x17 fp=0x1bbac4796fe0 sp=0x1bbac4796fc8 pc=0x561715ef9817
runtime.goexit({})
	/usr/lib/golang/src/runtime/asm_amd64.s:1771 +0x1 fp=0x1bbac4796fe8 sp=0x1bbac4796fe0 pc=0x561715f58b41
created by runtime.gcBgMarkStartWorkers in goroutine 1
	/usr/lib/golang/src/runtime/mgc.go:1695 +0x105

goroutine 29 gp=0x1bbac4808d20 m=nil [GC worker (idle)]:
runtime.gopark(0x0?, 0x0?, 0x0?, 0x0?, 0x0?)
	/usr/lib/golang/src/runtime/proc.go:462 +0xce fp=0x1bbac4797740 sp=0x1bbac4797720 pc=0x561715f510ae
runtime.gcBgMarkWorker(0x1bbac421a1c0)
	/usr/lib/golang/src/runtime/mgc.go:1791 +0xeb fp=0x1bbac47977c8 sp=0x1bbac4797740 pc=0x561715ef992b
runtime.gcBgMarkStartWorkers.gowrap1()
	/usr/lib/golang/src/runtime/mgc.go:1695 +0x17 fp=0x1bbac47977e0 sp=0x1bbac47977c8 pc=0x561715ef9817
runtime.goexit({})
	/usr/lib/golang/src/runtime/asm_amd64.s:1771 +0x1 fp=0x1bbac47977e8 sp=0x1bbac47977e0 pc=0x561715f58b41
created by runtime.gcBgMarkStartWorkers in goroutine 1
	/usr/lib/golang/src/runtime/mgc.go:1695 +0x105

goroutine 30 gp=0x1bbac4808f00 m=nil [GC worker (idle)]:
runtime.gopark(0x0?, 0x0?, 0x0?, 0x0?, 0x0?)
	/usr/lib/golang/src/runtime/proc.go:462 +0xce fp=0x1bbac4797f40 sp=0x1bbac4797f20 pc=0x561715f510ae
runtime.gcBgMarkWorker(0x1bbac421a1c0)
	/usr/lib/golang/src/runtime/mgc.go:1791 +0xeb fp=0x1bbac4797fc8 sp=0x1bbac4797f40 pc=0x561715ef992b
runtime.gcBgMarkStartWorkers.gowrap1()
	/usr/lib/golang/src/runtime/mgc.go:1695 +0x17 fp=0x1bbac4797fe0 sp=0x1bbac4797fc8 pc=0x561715ef9817
runtime.goexit({})
	/usr/lib/golang/src/runtime/asm_amd64.s:1771 +0x1 fp=0x1bbac4797fe8 sp=0x1bbac4797fe0 pc=0x561715f58b41
created by runtime.gcBgMarkStartWorkers in goroutine 1
	/usr/lib/golang/src/runtime/mgc.go:1695 +0x105

goroutine 31 gp=0x1bbac48090e0 m=nil [GC worker (idle)]:
runtime.gopark(0x0?, 0x0?, 0x0?, 0x0?, 0x0?)
	/usr/lib/golang/src/runtime/proc.go:462 +0xce fp=0x1bbac4798740 sp=0x1bbac4798720 pc=0x561715f510ae
runtime.gcBgMarkWorker(0x1bbac421a1c0)
	/usr/lib/golang/src/runtime/mgc.go:1791 +0xeb fp=0x1bbac47987c8 sp=0x1bbac4798740 pc=0x561715ef992b
runtime.gcBgMarkStartWorkers.gowrap1()
	/usr/lib/golang/src/runtime/mgc.go:1695 +0x17 fp=0x1bbac47987e0 sp=0x1bbac47987c8 pc=0x561715ef9817
runtime.goexit({})
	/usr/lib/golang/src/runtime/asm_amd64.s:1771 +0x1 fp=0x1bbac47987e8 sp=0x1bbac47987e0 pc=0x561715f58b41
created by runtime.gcBgMarkStartWorkers in goroutine 1
	/usr/lib/golang/src/runtime/mgc.go:1695 +0x105

goroutine 32 gp=0x1bbac48092c0 m=nil [GC worker (idle)]:
runtime.gopark(0x0?, 0x0?, 0x0?, 0x0?, 0x0?)
	/usr/lib/golang/src/runtime/proc.go:462 +0xce fp=0x1bbac4798f40 sp=0x1bbac4798f20 pc=0x561715f510ae
runtime.gcBgMarkWorker(0x1bbac421a1c0)
	/usr/lib/golang/src/runtime/mgc.go:1791 +0xeb fp=0x1bbac4798fc8 sp=0x1bbac4798f40 pc=0x561715ef992b
runtime.gcBgMarkStartWorkers.gowrap1()
	/usr/lib/golang/src/runtime/mgc.go:1695 +0x17 fp=0x1bbac4798fe0 sp=0x1bbac4798fc8 pc=0x561715ef9817
runtime.goexit({})
	/usr/lib/golang/src/runtime/asm_amd64.s:1771 +0x1 fp=0x1bbac4798fe8 sp=0x1bbac4798fe0 pc=0x561715f58b41
created by runtime.gcBgMarkStartWorkers in goroutine 1
	/usr/lib/golang/src/runtime/mgc.go:1695 +0x105

goroutine 33 gp=0x1bbac48094a0 m=nil [GC worker (idle)]:
runtime.gopark(0x0?, 0x0?, 0x0?, 0x0?, 0x0?)
	/usr/lib/golang/src/runtime/proc.go:462 +0xce fp=0x1bbac4799740 sp=0x1bbac4799720 pc=0x561715f510ae
runtime.gcBgMarkWorker(0x1bbac421a1c0)
	/usr/lib/golang/src/runtime/mgc.go:1791 +0xeb fp=0x1bbac47997c8 sp=0x1bbac4799740 pc=0x561715ef992b
runtime.gcBgMarkStartWorkers.gowrap1()
	/usr/lib/golang/src/runtime/mgc.go:1695 +0x17 fp=0x1bbac47997e0 sp=0x1bbac47997c8 pc=0x561715ef9817
runtime.goexit({})
	/usr/lib/golang/src/runtime/asm_amd64.s:1771 +0x1 fp=0x1bbac47997e8 sp=0x1bbac47997e0 pc=0x561715f58b41
created by runtime.gcBgMarkStartWorkers in goroutine 1
	/usr/lib/golang/src/runtime/mgc.go:1695 +0x105

goroutine 50 gp=0x1bbac4809680 m=nil [GC worker (idle)]:
runtime.gopark(0x0?, 0x0?, 0x0?, 0x0?, 0x0?)
	/usr/lib/golang/src/runtime/proc.go:462 +0xce fp=0x1bbac4799f40 sp=0x1bbac4799f20 pc=0x561715f510ae
runtime.gcBgMarkWorker(0x1bbac421a1c0)
	/usr/lib/golang/src/runtime/mgc.go:1791 +0xeb fp=0x1bbac4799fc8 sp=0x1bbac4799f40 pc=0x561715ef992b
runtime.gcBgMarkStartWorkers.gowrap1()
	/usr/lib/golang/src/runtime/mgc.go:1695 +0x17 fp=0x1bbac4799fe0 sp=0x1bbac4799fc8 pc=0x561715ef9817
runtime.goexit({})
	/usr/lib/golang/src/runtime/asm_amd64.s:1771 +0x1 fp=0x1bbac4799fe8 sp=0x1bbac4799fe0 pc=0x561715f58b41
created by runtime.gcBgMarkStartWorkers in goroutine 1
	/usr/lib/golang/src/runtime/mgc.go:1695 +0x105

goroutine 51 gp=0x1bbac4809860 m=nil [GC worker (idle)]:
runtime.gopark(0x0?, 0x0?, 0x0?, 0x0?, 0x0?)
	/usr/lib/golang/src/runtime/proc.go:462 +0xce fp=0x1bbac480e740 sp=0x1bbac480e720 pc=0x561715f510ae
runtime.gcBgMarkWorker(0x1bbac421a1c0)
	/usr/lib/golang/src/runtime/mgc.go:1791 +0xeb fp=0x1bbac480e7c8 sp=0x1bbac480e740 pc=0x561715ef992b
runtime.gcBgMarkStartWorkers.gowrap1()
	/usr/lib/golang/src/runtime/mgc.go:1695 +0x17 fp=0x1bbac480e7e0 sp=0x1bbac480e7c8 pc=0x561715ef9817
runtime.goexit({})
	/usr/lib/golang/src/runtime/asm_amd64.s:1771 +0x1 fp=0x1bbac480e7e8 sp=0x1bbac480e7e0 pc=0x561715f58b41
created by runtime.gcBgMarkStartWorkers in goroutine 1
	/usr/lib/golang/src/runtime/mgc.go:1695 +0x105

goroutine 52 gp=0x1bbac4809a40 m=nil [GC worker (idle)]:
runtime.gopark(0x0?, 0x0?, 0x0?, 0x0?, 0x0?)
	/usr/lib/golang/src/runtime/proc.go:462 +0xce fp=0x1bbac480ef40 sp=0x1bbac480ef20 pc=0x561715f510ae
runtime.gcBgMarkWorker(0x1bbac421a1c0)
	/usr/lib/golang/src/runtime/mgc.go:1791 +0xeb fp=0x1bbac480efc8 sp=0x1bbac480ef40 pc=0x561715ef992b
runtime.gcBgMarkStartWorkers.gowrap1()
	/usr/lib/golang/src/runtime/mgc.go:1695 +0x17 fp=0x1bbac480efe0 sp=0x1bbac480efc8 pc=0x561715ef9817
runtime.goexit({})
	/usr/lib/golang/src/runtime/asm_amd64.s:1771 +0x1 fp=0x1bbac480efe8 sp=0x1bbac480efe0 pc=0x561715f58b41
created by runtime.gcBgMarkStartWorkers in goroutine 1
	/usr/lib/golang/src/runtime/mgc.go:1695 +0x105

goroutine 53 gp=0x1bbac4809c20 m=nil [GC worker (idle)]:
runtime.gopark(0x0?, 0x0?, 0x0?, 0x0?, 0x0?)
	/usr/lib/golang/src/runtime/proc.go:462 +0xce fp=0x1bbac480f740 sp=0x1bbac480f720 pc=0x561715f510ae
runtime.gcBgMarkWorker(0x1bbac421a1c0)
	/usr/lib/golang/src/runtime/mgc.go:1791 +0xeb fp=0x1bbac480f7c8 sp=0x1bbac480f740 pc=0x561715ef992b
runtime.gcBgMarkStartWorkers.gowrap1()
	/usr/lib/golang/src/runtime/mgc.go:1695 +0x17 fp=0x1bbac480f7e0 sp=0x1bbac480f7c8 pc=0x561715ef9817
runtime.goexit({})
	/usr/lib/golang/src/runtime/asm_amd64.s:1771 +0x1 fp=0x1bbac480f7e8 sp=0x1bbac480f7e0 pc=0x561715f58b41
created by runtime.gcBgMarkStartWorkers in goroutine 1
	/usr/lib/golang/src/runtime/mgc.go:1695 +0x105

goroutine 54 gp=0x1bbac4814000 m=nil [GC worker (idle)]:
runtime.gopark(0x0?, 0x0?, 0x0?, 0x0?, 0x0?)
	/usr/lib/golang/src/runtime/proc.go:462 +0xce fp=0x1bbac480ff40 sp=0x1bbac480ff20 pc=0x561715f510ae
runtime.gcBgMarkWorker(0x1bbac421a1c0)
	/usr/lib/golang/src/runtime/mgc.go:1791 +0xeb fp=0x1bbac480ffc8 sp=0x1bbac480ff40 pc=0x561715ef992b
runtime.gcBgMarkStartWorkers.gowrap1()
	/usr/lib/golang/src/runtime/mgc.go:1695 +0x17 fp=0x1bbac480ffe0 sp=0x1bbac480ffc8 pc=0x561715ef9817
runtime.goexit({})
	/usr/lib/golang/src/runtime/asm_amd64.s:1771 +0x1 fp=0x1bbac480ffe8 sp=0x1bbac480ffe0 pc=0x561715f58b41
created by runtime.gcBgMarkStartWorkers in goroutine 1
	/usr/lib/golang/src/runtime/mgc.go:1695 +0x105

goroutine 55 gp=0x1bbac48141e0 m=nil [GC worker (idle)]:
runtime.gopark(0x0?, 0x0?, 0x0?, 0x0?, 0x0?)
	/usr/lib/golang/src/runtime/proc.go:462 +0xce fp=0x1bbac4810740 sp=0x1bbac4810720 pc=0x561715f510ae
runtime.gcBgMarkWorker(0x1bbac421a1c0)
	/usr/lib/golang/src/runtime/mgc.go:1791 +0xeb fp=0x1bbac48107c8 sp=0x1bbac4810740 pc=0x561715ef992b
runtime.gcBgMarkStartWorkers.gowrap1()
	/usr/lib/golang/src/runtime/mgc.go:1695 +0x17 fp=0x1bbac48107e0 sp=0x1bbac48107c8 pc=0x561715ef9817
runtime.goexit({})
	/usr/lib/golang/src/runtime/asm_amd64.s:1771 +0x1 fp=0x1bbac48107e8 sp=0x1bbac48107e0 pc=0x561715f58b41
created by runtime.gcBgMarkStartWorkers in goroutine 1
	/usr/lib/golang/src/runtime/mgc.go:1695 +0x105

goroutine 56 gp=0x1bbac48143c0 m=nil [GC worker (idle)]:
runtime.gopark(0x0?, 0x0?, 0x0?, 0x0?, 0x0?)
	/usr/lib/golang/src/runtime/proc.go:462 +0xce fp=0x1bbac4810f40 sp=0x1bbac4810f20 pc=0x561715f510ae
runtime.gcBgMarkWorker(0x1bbac421a1c0)
	/usr/lib/golang/src/runtime/mgc.go:1791 +0xeb fp=0x1bbac4810fc8 sp=0x1bbac4810f40 pc=0x561715ef992b
runtime.gcBgMarkStartWorkers.gowrap1()
	/usr/lib/golang/src/runtime/mgc.go:1695 +0x17 fp=0x1bbac4810fe0 sp=0x1bbac4810fc8 pc=0x561715ef9817
runtime.goexit({})
	/usr/lib/golang/src/runtime/asm_amd64.s:1771 +0x1 fp=0x1bbac4810fe8 sp=0x1bbac4810fe0 pc=0x561715f58b41
created by runtime.gcBgMarkStartWorkers in goroutine 1
	/usr/lib/golang/src/runtime/mgc.go:1695 +0x105

goroutine 57 gp=0x1bbac48145a0 m=nil [GC worker (idle)]:
runtime.gopark(0x0?, 0x0?, 0x0?, 0x0?, 0x0?)
	/usr/lib/golang/src/runtime/proc.go:462 +0xce fp=0x1bbac4811740 sp=0x1bbac4811720 pc=0x561715f510ae
runtime.gcBgMarkWorker(0x1bbac421a1c0)
	/usr/lib/golang/src/runtime/mgc.go:1791 +0xeb fp=0x1bbac48117c8 sp=0x1bbac4811740 pc=0x561715ef992b
runtime.gcBgMarkStartWorkers.gowrap1()
	/usr/lib/golang/src/runtime/mgc.go:1695 +0x17 fp=0x1bbac48117e0 sp=0x1bbac48117c8 pc=0x561715ef9817
runtime.goexit({})
	/usr/lib/golang/src/runtime/asm_amd64.s:1771 +0x1 fp=0x1bbac48117e8 sp=0x1bbac48117e0 pc=0x561715f58b41
created by runtime.gcBgMarkStartWorkers in goroutine 1
	/usr/lib/golang/src/runtime/mgc.go:1695 +0x105

goroutine 66 gp=0x1bbac47a03c0 m=nil [GC worker (idle)]:
runtime.gopark(0x0?, 0x0?, 0x0?, 0x0?, 0x0?)
	/usr/lib/golang/src/runtime/proc.go:462 +0xce fp=0x1bbac480a740 sp=0x1bbac480a720 pc=0x561715f510ae
runtime.gcBgMarkWorker(0x1bbac421a1c0)
	/usr/lib/golang/src/runtime/mgc.go:1791 +0xeb fp=0x1bbac480a7c8 sp=0x1bbac480a740 pc=0x561715ef992b
runtime.gcBgMarkStartWorkers.gowrap1()
	/usr/lib/golang/src/runtime/mgc.go:1695 +0x17 fp=0x1bbac480a7e0 sp=0x1bbac480a7c8 pc=0x561715ef9817
runtime.goexit({})
	/usr/lib/golang/src/runtime/asm_amd64.s:1771 +0x1 fp=0x1bbac480a7e8 sp=0x1bbac480a7e0 pc=0x561715f58b41
created by runtime.gcBgMarkStartWorkers in goroutine 1
	/usr/lib/golang/src/runtime/mgc.go:1695 +0x105

goroutine 58 gp=0x1bbac4814780 m=nil [GC worker (idle)]:
runtime.gopark(0x0?, 0x0?, 0x0?, 0x0?, 0x0?)
	/usr/lib/golang/src/runtime/proc.go:462 +0xce fp=0x1bbac4811f40 sp=0x1bbac4811f20 pc=0x561715f510ae
runtime.gcBgMarkWorker(0x1bbac421a1c0)
	/usr/lib/golang/src/runtime/mgc.go:1791 +0xeb fp=0x1bbac4811fc8 sp=0x1bbac4811f40 pc=0x561715ef992b
runtime.gcBgMarkStartWorkers.gowrap1()
	/usr/lib/golang/src/runtime/mgc.go:1695 +0x17 fp=0x1bbac4811fe0 sp=0x1bbac4811fc8 pc=0x561715ef9817
runtime.goexit({})
	/usr/lib/golang/src/runtime/asm_amd64.s:1771 +0x1 fp=0x1bbac4811fe8 sp=0x1bbac4811fe0 pc=0x561715f58b41
created by runtime.gcBgMarkStartWorkers in goroutine 1
	/usr/lib/golang/src/runtime/mgc.go:1695 +0x105

goroutine 82 gp=0x1bbac4884000 m=nil [GC worker (idle)]:
runtime.gopark(0x0?, 0x0?, 0x0?, 0x0?, 0x0?)
	/usr/lib/golang/src/runtime/proc.go:462 +0xce fp=0x1bbac488a740 sp=0x1bbac488a720 pc=0x561715f510ae
runtime.gcBgMarkWorker(0x1bbac421a1c0)
	/usr/lib/golang/src/runtime/mgc.go:1791 +0xeb fp=0x1bbac488a7c8 sp=0x1bbac488a740 pc=0x561715ef992b
runtime.gcBgMarkStartWorkers.gowrap1()
	/usr/lib/golang/src/runtime/mgc.go:1695 +0x17 fp=0x1bbac488a7e0 sp=0x1bbac488a7c8 pc=0x561715ef9817
runtime.goexit({})
	/usr/lib/golang/src/runtime/asm_amd64.s:1771 +0x1 fp=0x1bbac488a7e8 sp=0x1bbac488a7e0 pc=0x561715f58b41
created by runtime.gcBgMarkStartWorkers in goroutine 1
	/usr/lib/golang/src/runtime/mgc.go:1695 +0x105

goroutine 83 gp=0x1bbac48841e0 m=nil [GC worker (idle)]:
runtime.gopark(0x0?, 0x0?, 0x0?, 0x0?, 0x0?)
	/usr/lib/golang/src/runtime/proc.go:462 +0xce fp=0x1bbac488af40 sp=0x1bbac488af20 pc=0x561715f510ae
runtime.gcBgMarkWorker(0x1bbac421a1c0)
	/usr/lib/golang/src/runtime/mgc.go:1791 +0xeb fp=0x1bbac488afc8 sp=0x1bbac488af40 pc=0x561715ef992b
runtime.gcBgMarkStartWorkers.gowrap1()
	/usr/lib/golang/src/runtime/mgc.go:1695 +0x17 fp=0x1bbac488afe0 sp=0x1bbac488afc8 pc=0x561715ef9817
runtime.goexit({})
	/usr/lib/golang/src/runtime/asm_amd64.s:1771 +0x1 fp=0x1bbac488afe8 sp=0x1bbac488afe0 pc=0x561715f58b41
created by runtime.gcBgMarkStartWorkers in goroutine 1
	/usr/lib/golang/src/runtime/mgc.go:1695 +0x105

goroutine 84 gp=0x1bbac48843c0 m=nil [GC worker (idle)]:
runtime.gopark(0x0?, 0x0?, 0x0?, 0x0?, 0x0?)
	/usr/lib/golang/src/runtime/proc.go:462 +0xce fp=0x1bbac488b740 sp=0x1bbac488b720 pc=0x561715f510ae
runtime.gcBgMarkWorker(0x1bbac421a1c0)
	/usr/lib/golang/src/runtime/mgc.go:1791 +0xeb fp=0x1bbac488b7c8 sp=0x1bbac488b740 pc=0x561715ef992b
runtime.gcBgMarkStartWorkers.gowrap1()
	/usr/lib/golang/src/runtime/mgc.go:1695 +0x17 fp=0x1bbac488b7e0 sp=0x1bbac488b7c8 pc=0x561715ef9817
runtime.goexit({})
	/usr/lib/golang/src/runtime/asm_amd64.s:1771 +0x1 fp=0x1bbac488b7e8 sp=0x1bbac488b7e0 pc=0x561715f58b41
created by runtime.gcBgMarkStartWorkers in goroutine 1
	/usr/lib/golang/src/runtime/mgc.go:1695 +0x105

goroutine 85 gp=0x1bbac48845a0 m=nil [GC worker (idle)]:
runtime.gopark(0x0?, 0x0?, 0x0?, 0x0?, 0x0?)
	/usr/lib/golang/src/runtime/proc.go:462 +0xce fp=0x1bbac488bf40 sp=0x1bbac488bf20 pc=0x561715f510ae
runtime.gcBgMarkWorker(0x1bbac421a1c0)
	/usr/lib/golang/src/runtime/mgc.go:1791 +0xeb fp=0x1bbac488bfc8 sp=0x1bbac488bf40 pc=0x561715ef992b
runtime.gcBgMarkStartWorkers.gowrap1()
	/usr/lib/golang/src/runtime/mgc.go:1695 +0x17 fp=0x1bbac488bfe0 sp=0x1bbac488bfc8 pc=0x561715ef9817
runtime.goexit({})
	/usr/lib/golang/src/runtime/asm_amd64.s:1771 +0x1 fp=0x1bbac488bfe8 sp=0x1bbac488bfe0 pc=0x561715f58b41
created by runtime.gcBgMarkStartWorkers in goroutine 1
	/usr/lib/golang/src/runtime/mgc.go:1695 +0x105

goroutine 86 gp=0x1bbac4884780 m=nil [GC worker (idle)]:
runtime.gopark(0x0?, 0x0?, 0x0?, 0x0?, 0x0?)
	/usr/lib/golang/src/runtime/proc.go:462 +0xce fp=0x1bbac488c740 sp=0x1bbac488c720 pc=0x561715f510ae
runtime.gcBgMarkWorker(0x1bbac421a1c0)
	/usr/lib/golang/src/runtime/mgc.go:1791 +0xeb fp=0x1bbac488c7c8 sp=0x1bbac488c740 pc=0x561715ef992b
runtime.gcBgMarkStartWorkers.gowrap1()
	/usr/lib/golang/src/runtime/mgc.go:1695 +0x17 fp=0x1bbac488c7e0 sp=0x1bbac488c7c8 pc=0x561715ef9817
runtime.goexit({})
	/usr/lib/golang/src/runtime/asm_amd64.s:1771 +0x1 fp=0x1bbac488c7e8 sp=0x1bbac488c7e0 pc=0x561715f58b41
created by runtime.gcBgMarkStartWorkers in goroutine 1
	/usr/lib/golang/src/runtime/mgc.go:1695 +0x105

goroutine 87 gp=0x1bbac4884960 m=nil [GC worker (idle)]:
runtime.gopark(0x0?, 0x0?, 0x0?, 0x0?, 0x0?)
	/usr/lib/golang/src/runtime/proc.go:462 +0xce fp=0x1bbac488cf40 sp=0x1bbac488cf20 pc=0x561715f510ae
runtime.gcBgMarkWorker(0x1bbac421a1c0)
	/usr/lib/golang/src/runtime/mgc.go:1791 +0xeb fp=0x1bbac488cfc8 sp=0x1bbac488cf40 pc=0x561715ef992b
runtime.gcBgMarkStartWorkers.gowrap1()
	/usr/lib/golang/src/runtime/mgc.go:1695 +0x17 fp=0x1bbac488cfe0 sp=0x1bbac488cfc8 pc=0x561715ef9817
runtime.goexit({})
	/usr/lib/golang/src/runtime/asm_amd64.s:1771 +0x1 fp=0x1bbac488cfe8 sp=0x1bbac488cfe0 pc=0x561715f58b41
created by runtime.gcBgMarkStartWorkers in goroutine 1
	/usr/lib/golang/src/runtime/mgc.go:1695 +0x105

goroutine 88 gp=0x1bbac4884b40 m=nil [GC worker (idle)]:
runtime.gopark(0x0?, 0x0?, 0x0?, 0x0?, 0x0?)
	/usr/lib/golang/src/runtime/proc.go:462 +0xce fp=0x1bbac488d740 sp=0x1bbac488d720 pc=0x561715f510ae
runtime.gcBgMarkWorker(0x1bbac421a1c0)
	/usr/lib/golang/src/runtime/mgc.go:1791 +0xeb fp=0x1bbac488d7c8 sp=0x1bbac488d740 pc=0x561715ef992b
runtime.gcBgMarkStartWorkers.gowrap1()
	/usr/lib/golang/src/runtime/mgc.go:1695 +0x17 fp=0x1bbac488d7e0 sp=0x1bbac488d7c8 pc=0x561715ef9817
runtime.goexit({})
	/usr/lib/golang/src/runtime/asm_amd64.s:1771 +0x1 fp=0x1bbac488d7e8 sp=0x1bbac488d7e0 pc=0x561715f58b41
created by runtime.gcBgMarkStartWorkers in goroutine 1
	/usr/lib/golang/src/runtime/mgc.go:1695 +0x105

goroutine 89 gp=0x1bbac4884d20 m=nil [GC worker (idle)]:
runtime.gopark(0x0?, 0x0?, 0x0?, 0x0?, 0x0?)
	/usr/lib/golang/src/runtime/proc.go:462 +0xce fp=0x1bbac488df40 sp=0x1bbac488df20 pc=0x561715f510ae
runtime.gcBgMarkWorker(0x1bbac421a1c0)
	/usr/lib/golang/src/runtime/mgc.go:1791 +0xeb fp=0x1bbac488dfc8 sp=0x1bbac488df40 pc=0x561715ef992b
runtime.gcBgMarkStartWorkers.gowrap1()
	/usr/lib/golang/src/runtime/mgc.go:1695 +0x17 fp=0x1bbac488dfe0 sp=0x1bbac488dfc8 pc=0x561715ef9817
runtime.goexit({})
	/usr/lib/golang/src/runtime/asm_amd64.s:1771 +0x1 fp=0x1bbac488dfe8 sp=0x1bbac488dfe0 pc=0x561715f58b41
created by runtime.gcBgMarkStartWorkers in goroutine 1
	/usr/lib/golang/src/runtime/mgc.go:1695 +0x105

goroutine 90 gp=0x1bbac4884f00 m=nil [GC worker (idle)]:
runtime.gopark(0x0?, 0x0?, 0x0?, 0x0?, 0x0?)
	/usr/lib/golang/src/runtime/proc.go:462 +0xce fp=0x1bbac4886740 sp=0x1bbac4886720 pc=0x561715f510ae
runtime.gcBgMarkWorker(0x1bbac421a1c0)
	/usr/lib/golang/src/runtime/mgc.go:1791 +0xeb fp=0x1bbac48867c8 sp=0x1bbac4886740 pc=0x561715ef992b
runtime.gcBgMarkStartWorkers.gowrap1()
	/usr/lib/golang/src/runtime/mgc.go:1695 +0x17 fp=0x1bbac48867e0 sp=0x1bbac48867c8 pc=0x561715ef9817
runtime.goexit({})
	/usr/lib/golang/src/runtime/asm_amd64.s:1771 +0x1 fp=0x1bbac48867e8 sp=0x1bbac48867e0 pc=0x561715f58b41
created by runtime.gcBgMarkStartWorkers in goroutine 1
	/usr/lib/golang/src/runtime/mgc.go:1695 +0x105

goroutine 91 gp=0x1bbac48850e0 m=nil [GC worker (idle)]:
runtime.gopark(0x0?, 0x0?, 0x0?, 0x0?, 0x0?)
	/usr/lib/golang/src/runtime/proc.go:462 +0xce fp=0x1bbac4886f40 sp=0x1bbac4886f20 pc=0x561715f510ae
runtime.gcBgMarkWorker(0x1bbac421a1c0)
	/usr/lib/golang/src/runtime/mgc.go:1791 +0xeb fp=0x1bbac4886fc8 sp=0x1bbac4886f40 pc=0x561715ef992b
runtime.gcBgMarkStartWorkers.gowrap1()
	/usr/lib/golang/src/runtime/mgc.go:1695 +0x17 fp=0x1bbac4886fe0 sp=0x1bbac4886fc8 pc=0x561715ef9817
runtime.goexit({})
	/usr/lib/golang/src/runtime/asm_amd64.s:1771 +0x1 fp=0x1bbac4886fe8 sp=0x1bbac4886fe0 pc=0x561715f58b41
created by runtime.gcBgMarkStartWorkers in goroutine 1
	/usr/lib/golang/src/runtime/mgc.go:1695 +0x105

goroutine 92 gp=0x1bbac48852c0 m=nil [GC worker (idle)]:
runtime.gopark(0x0?, 0x0?, 0x0?, 0x0?, 0x0?)
	/usr/lib/golang/src/runtime/proc.go:462 +0xce fp=0x1bbac4887740 sp=0x1bbac4887720 pc=0x561715f510ae
runtime.gcBgMarkWorker(0x1bbac421a1c0)
	/usr/lib/golang/src/runtime/mgc.go:1791 +0xeb fp=0x1bbac48877c8 sp=0x1bbac4887740 pc=0x561715ef992b
runtime.gcBgMarkStartWorkers.gowrap1()
	/usr/lib/golang/src/runtime/mgc.go:1695 +0x17 fp=0x1bbac48877e0 sp=0x1bbac48877c8 pc=0x561715ef9817
runtime.goexit({})
	/usr/lib/golang/src/runtime/asm_amd64.s:1771 +0x1 fp=0x1bbac48877e8 sp=0x1bbac48877e0 pc=0x561715f58b41
created by runtime.gcBgMarkStartWorkers in goroutine 1
	/usr/lib/golang/src/runtime/mgc.go:1695 +0x105

goroutine 93 gp=0x1bbac48854a0 m=nil [GC worker (idle)]:
runtime.gopark(0x0?, 0x0?, 0x0?, 0x0?, 0x0?)
	/usr/lib/golang/src/runtime/proc.go:462 +0xce fp=0x1bbac4887f40 sp=0x1bbac4887f20 pc=0x561715f510ae
runtime.gcBgMarkWorker(0x1bbac421a1c0)
	/usr/lib/golang/src/runtime/mgc.go:1791 +0xeb fp=0x1bbac4887fc8 sp=0x1bbac4887f40 pc=0x561715ef992b
runtime.gcBgMarkStartWorkers.gowrap1()
	/usr/lib/golang/src/runtime/mgc.go:1695 +0x17 fp=0x1bbac4887fe0 sp=0x1bbac4887fc8 pc=0x561715ef9817
runtime.goexit({})
	/usr/lib/golang/src/runtime/asm_amd64.s:1771 +0x1 fp=0x1bbac4887fe8 sp=0x1bbac4887fe0 pc=0x561715f58b41
created by runtime.gcBgMarkStartWorkers in goroutine 1
	/usr/lib/golang/src/runtime/mgc.go:1695 +0x105

goroutine 94 gp=0x1bbac4885680 m=nil [GC worker (idle)]:
runtime.gopark(0x0?, 0x0?, 0x0?, 0x0?, 0x0?)
	/usr/lib/golang/src/runtime/proc.go:462 +0xce fp=0x1bbac4888740 sp=0x1bbac4888720 pc=0x561715f510ae
runtime.gcBgMarkWorker(0x1bbac421a1c0)
	/usr/lib/golang/src/runtime/mgc.go:1791 +0xeb fp=0x1bbac48887c8 sp=0x1bbac4888740 pc=0x561715ef992b
runtime.gcBgMarkStartWorkers.gowrap1()
	/usr/lib/golang/src/runtime/mgc.go:1695 +0x17 fp=0x1bbac48887e0 sp=0x1bbac48887c8 pc=0x561715ef9817
runtime.goexit({})
	/usr/lib/golang/src/runtime/asm_amd64.s:1771 +0x1 fp=0x1bbac48887e8 sp=0x1bbac48887e0 pc=0x561715f58b41
created by runtime.gcBgMarkStartWorkers in goroutine 1
	/usr/lib/golang/src/runtime/mgc.go:1695 +0x105

goroutine 95 gp=0x1bbac4885860 m=nil [GC worker (idle)]:
runtime.gopark(0x0?, 0x0?, 0x0?, 0x0?, 0x0?)
	/usr/lib/golang/src/runtime/proc.go:462 +0xce fp=0x1bbac4888f40 sp=0x1bbac4888f20 pc=0x561715f510ae
runtime.gcBgMarkWorker(0x1bbac421a1c0)
	/usr/lib/golang/src/runtime/mgc.go:1791 +0xeb fp=0x1bbac4888fc8 sp=0x1bbac4888f40 pc=0x561715ef992b
runtime.gcBgMarkStartWorkers.gowrap1()
	/usr/lib/golang/src/runtime/mgc.go:1695 +0x17 fp=0x1bbac4888fe0 sp=0x1bbac4888fc8 pc=0x561715ef9817
runtime.goexit({})
	/usr/lib/golang/src/runtime/asm_amd64.s:1771 +0x1 fp=0x1bbac4888fe8 sp=0x1bbac4888fe0 pc=0x561715f58b41
created by runtime.gcBgMarkStartWorkers in goroutine 1
	/usr/lib/golang/src/runtime/mgc.go:1695 +0x105

goroutine 96 gp=0x1bbac4885a40 m=nil [GC worker (idle)]:
runtime.gopark(0x0?, 0x0?, 0x0?, 0x0?, 0x0?)
	/usr/lib/golang/src/runtime/proc.go:462 +0xce fp=0x1bbac4889740 sp=0x1bbac4889720 pc=0x561715f510ae
runtime.gcBgMarkWorker(0x1bbac421a1c0)
	/usr/lib/golang/src/runtime/mgc.go:1791 +0xeb fp=0x1bbac48897c8 sp=0x1bbac4889740 pc=0x561715ef992b
runtime.gcBgMarkStartWorkers.gowrap1()
	/usr/lib/golang/src/runtime/mgc.go:1695 +0x17 fp=0x1bbac48897e0 sp=0x1bbac48897c8 pc=0x561715ef9817
runtime.goexit({})
	/usr/lib/golang/src/runtime/asm_amd64.s:1771 +0x1 fp=0x1bbac48897e8 sp=0x1bbac48897e0 pc=0x561715f58b41
created by runtime.gcBgMarkStartWorkers in goroutine 1
	/usr/lib/golang/src/runtime/mgc.go:1695 +0x105

goroutine 97 gp=0x1bbac4885c20 m=nil [GC worker (idle)]:
runtime.gopark(0x0?, 0x0?, 0x0?, 0x0?, 0x0?)
	/usr/lib/golang/src/runtime/proc.go:462 +0xce fp=0x1bbac4889f40 sp=0x1bbac4889f20 pc=0x561715f510ae
runtime.gcBgMarkWorker(0x1bbac421a1c0)
	/usr/lib/golang/src/runtime/mgc.go:1791 +0xeb fp=0x1bbac4889fc8 sp=0x1bbac4889f40 pc=0x561715ef992b
runtime.gcBgMarkStartWorkers.gowrap1()
	/usr/lib/golang/src/runtime/mgc.go:1695 +0x17 fp=0x1bbac4889fe0 sp=0x1bbac4889fc8 pc=0x561715ef9817
runtime.goexit({})
	/usr/lib/golang/src/runtime/asm_amd64.s:1771 +0x1 fp=0x1bbac4889fe8 sp=0x1bbac4889fe0 pc=0x561715f58b41
created by runtime.gcBgMarkStartWorkers in goroutine 1
	/usr/lib/golang/src/runtime/mgc.go:1695 +0x105

goroutine 59 gp=0x1bbac4814960 m=nil [GC worker (idle)]:
runtime.gopark(0x0?, 0x0?, 0x0?, 0x0?, 0x0?)
	/usr/lib/golang/src/runtime/proc.go:462 +0xce fp=0x1bbac481a740 sp=0x1bbac481a720 pc=0x561715f510ae
runtime.gcBgMarkWorker(0x1bbac421a1c0)
	/usr/lib/golang/src/runtime/mgc.go:1791 +0xeb fp=0x1bbac481a7c8 sp=0x1bbac481a740 pc=0x561715ef992b
runtime.gcBgMarkStartWorkers.gowrap1()
	/usr/lib/golang/src/runtime/mgc.go:1695 +0x17 fp=0x1bbac481a7e0 sp=0x1bbac481a7c8 pc=0x561715ef9817
runtime.goexit({})
	/usr/lib/golang/src/runtime/asm_amd64.s:1771 +0x1 fp=0x1bbac481a7e8 sp=0x1bbac481a7e0 pc=0x561715f58b41
created by runtime.gcBgMarkStartWorkers in goroutine 1
	/usr/lib/golang/src/runtime/mgc.go:1695 +0x105

goroutine 60 gp=0x1bbac4814b40 m=nil [GC worker (idle)]:
runtime.gopark(0x0?, 0x0?, 0x0?, 0x0?, 0x0?)
	/usr/lib/golang/src/runtime/proc.go:462 +0xce fp=0x1bbac481af40 sp=0x1bbac481af20 pc=0x561715f510ae
runtime.gcBgMarkWorker(0x1bbac421a1c0)
	/usr/lib/golang/src/runtime/mgc.go:1791 +0xeb fp=0x1bbac481afc8 sp=0x1bbac481af40 pc=0x561715ef992b
runtime.gcBgMarkStartWorkers.gowrap1()
	/usr/lib/golang/src/runtime/mgc.go:1695 +0x17 fp=0x1bbac481afe0 sp=0x1bbac481afc8 pc=0x561715ef9817
runtime.goexit({})
	/usr/lib/golang/src/runtime/asm_amd64.s:1771 +0x1 fp=0x1bbac481afe8 sp=0x1bbac481afe0 pc=0x561715f58b41
created by runtime.gcBgMarkStartWorkers in goroutine 1
	/usr/lib/golang/src/runtime/mgc.go:1695 +0x105

goroutine 98 gp=0x1bbac4892000 m=nil [GC worker (idle)]:
runtime.gopark(0x0?, 0x0?, 0x0?, 0x0?, 0x0?)
	/usr/lib/golang/src/runtime/proc.go:462 +0xce fp=0x1bbac4816740 sp=0x1bbac4816720 pc=0x561715f510ae
runtime.gcBgMarkWorker(0x1bbac421a1c0)
	/usr/lib/golang/src/runtime/mgc.go:1791 +0xeb fp=0x1bbac48167c8 sp=0x1bbac4816740 pc=0x561715ef992b
runtime.gcBgMarkStartWorkers.gowrap1()
	/usr/lib/golang/src/runtime/mgc.go:1695 +0x17 fp=0x1bbac48167e0 sp=0x1bbac48167c8 pc=0x561715ef9817
runtime.goexit({})
	/usr/lib/golang/src/runtime/asm_amd64.s:1771 +0x1 fp=0x1bbac48167e8 sp=0x1bbac48167e0 pc=0x561715f58b41
created by runtime.gcBgMarkStartWorkers in goroutine 1
	/usr/lib/golang/src/runtime/mgc.go:1695 +0x105

goroutine 99 gp=0x1bbac48921e0 m=nil [GC worker (idle)]:
runtime.gopark(0x0?, 0x0?, 0x0?, 0x0?, 0x0?)
	/usr/lib/golang/src/runtime/proc.go:462 +0xce fp=0x1bbac4816f40 sp=0x1bbac4816f20 pc=0x561715f510ae
runtime.gcBgMarkWorker(0x1bbac421a1c0)
	/usr/lib/golang/src/runtime/mgc.go:1791 +0xeb fp=0x1bbac4816fc8 sp=0x1bbac4816f40 pc=0x561715ef992b
runtime.gcBgMarkStartWorkers.gowrap1()
	/usr/lib/golang/src/runtime/mgc.go:1695 +0x17 fp=0x1bbac4816fe0 sp=0x1bbac4816fc8 pc=0x561715ef9817
runtime.goexit({})
	/usr/lib/golang/src/runtime/asm_amd64.s:1771 +0x1 fp=0x1bbac4816fe8 sp=0x1bbac4816fe0 pc=0x561715f58b41
created by runtime.gcBgMarkStartWorkers in goroutine 1
	/usr/lib/golang/src/runtime/mgc.go:1695 +0x105

goroutine 67 gp=0x1bbac47a05a0 m=nil [GC worker (idle)]:
runtime.gopark(0x0?, 0x0?, 0x0?, 0x0?, 0x0?)
	/usr/lib/golang/src/runtime/proc.go:462 +0xce fp=0x1bbac480af40 sp=0x1bbac480af20 pc=0x561715f510ae
runtime.gcBgMarkWorker(0x1bbac421a1c0)
	/usr/lib/golang/src/runtime/mgc.go:1791 +0xeb fp=0x1bbac480afc8 sp=0x1bbac480af40 pc=0x561715ef992b
runtime.gcBgMarkStartWorkers.gowrap1()
	/usr/lib/golang/src/runtime/mgc.go:1695 +0x17 fp=0x1bbac480afe0 sp=0x1bbac480afc8 pc=0x561715ef9817
runtime.goexit({})
	/usr/lib/golang/src/runtime/asm_amd64.s:1771 +0x1 fp=0x1bbac480afe8 sp=0x1bbac480afe0 pc=0x561715f58b41
created by runtime.gcBgMarkStartWorkers in goroutine 1
	/usr/lib/golang/src/runtime/mgc.go:1695 +0x105

goroutine 61 gp=0x1bbac4814d20 m=nil [GC worker (idle)]:
runtime.gopark(0x0?, 0x0?, 0x0?, 0x0?, 0x0?)
	/usr/lib/golang/src/runtime/proc.go:462 +0xce fp=0x1bbac481b740 sp=0x1bbac481b720 pc=0x561715f510ae
runtime.gcBgMarkWorker(0x1bbac421a1c0)
	/usr/lib/golang/src/runtime/mgc.go:1791 +0xeb fp=0x1bbac481b7c8 sp=0x1bbac481b740 pc=0x561715ef992b
runtime.gcBgMarkStartWorkers.gowrap1()
	/usr/lib/golang/src/runtime/mgc.go:1695 +0x17 fp=0x1bbac481b7e0 sp=0x1bbac481b7c8 pc=0x561715ef9817
runtime.goexit({})
	/usr/lib/golang/src/runtime/asm_amd64.s:1771 +0x1 fp=0x1bbac481b7e8 sp=0x1bbac481b7e0 pc=0x561715f58b41
created by runtime.gcBgMarkStartWorkers in goroutine 1
	/usr/lib/golang/src/runtime/mgc.go:1695 +0x105

goroutine 62 gp=0x1bbac4814f00 m=nil [GC worker (idle)]:
runtime.gopark(0x0?, 0x0?, 0x0?, 0x0?, 0x0?)
	/usr/lib/golang/src/runtime/proc.go:462 +0xce fp=0x1bbac481bf40 sp=0x1bbac481bf20 pc=0x561715f510ae
runtime.gcBgMarkWorker(0x1bbac421a1c0)
	/usr/lib/golang/src/runtime/mgc.go:1791 +0xeb fp=0x1bbac481bfc8 sp=0x1bbac481bf40 pc=0x561715ef992b
runtime.gcBgMarkStartWorkers.gowrap1()
	/usr/lib/golang/src/runtime/mgc.go:1695 +0x17 fp=0x1bbac481bfe0 sp=0x1bbac481bfc8 pc=0x561715ef9817
runtime.goexit({})
	/usr/lib/golang/src/runtime/asm_amd64.s:1771 +0x1 fp=0x1bbac481bfe8 sp=0x1bbac481bfe0 pc=0x561715f58b41
created by runtime.gcBgMarkStartWorkers in goroutine 1
	/usr/lib/golang/src/runtime/mgc.go:1695 +0x105

goroutine 63 gp=0x1bbac48150e0 m=nil [GC worker (idle)]:
runtime.gopark(0x0?, 0x0?, 0x0?, 0x0?, 0x0?)
	/usr/lib/golang/src/runtime/proc.go:462 +0xce fp=0x1bbac481c740 sp=0x1bbac481c720 pc=0x561715f510ae
runtime.gcBgMarkWorker(0x1bbac421a1c0)
	/usr/lib/golang/src/runtime/mgc.go:1791 +0xeb fp=0x1bbac481c7c8 sp=0x1bbac481c740 pc=0x561715ef992b
runtime.gcBgMarkStartWorkers.gowrap1()
	/usr/lib/golang/src/runtime/mgc.go:1695 +0x17 fp=0x1bbac481c7e0 sp=0x1bbac481c7c8 pc=0x561715ef9817
runtime.goexit({})
	/usr/lib/golang/src/runtime/asm_amd64.s:1771 +0x1 fp=0x1bbac481c7e8 sp=0x1bbac481c7e0 pc=0x561715f58b41
created by runtime.gcBgMarkStartWorkers in goroutine 1
	/usr/lib/golang/src/runtime/mgc.go:1695 +0x105

goroutine 64 gp=0x1bbac48152c0 m=nil [GC worker (idle)]:
runtime.gopark(0x0?, 0x0?, 0x0?, 0x0?, 0x0?)
	/usr/lib/golang/src/runtime/proc.go:462 +0xce fp=0x1bbac481cf40 sp=0x1bbac481cf20 pc=0x561715f510ae
runtime.gcBgMarkWorker(0x1bbac421a1c0)
	/usr/lib/golang/src/runtime/mgc.go:1791 +0xeb fp=0x1bbac481cfc8 sp=0x1bbac481cf40 pc=0x561715ef992b
runtime.gcBgMarkStartWorkers.gowrap1()
	/usr/lib/golang/src/runtime/mgc.go:1695 +0x17 fp=0x1bbac481cfe0 sp=0x1bbac481cfc8 pc=0x561715ef9817
runtime.goexit({})
	/usr/lib/golang/src/runtime/asm_amd64.s:1771 +0x1 fp=0x1bbac481cfe8 sp=0x1bbac481cfe0 pc=0x561715f58b41
created by runtime.gcBgMarkStartWorkers in goroutine 1
	/usr/lib/golang/src/runtime/mgc.go:1695 +0x105

goroutine 68 gp=0x1bbac47a0780 m=nil [GC worker (idle)]:
runtime.gopark(0x0?, 0x0?, 0x0?, 0x0?, 0x0?)
	/usr/lib/golang/src/runtime/proc.go:462 +0xce fp=0x1bbac480b740 sp=0x1bbac480b720 pc=0x561715f510ae
runtime.gcBgMarkWorker(0x1bbac421a1c0)
	/usr/lib/golang/src/runtime/mgc.go:1791 +0xeb fp=0x1bbac480b7c8 sp=0x1bbac480b740 pc=0x561715ef992b
runtime.gcBgMarkStartWorkers.gowrap1()
	/usr/lib/golang/src/runtime/mgc.go:1695 +0x17 fp=0x1bbac480b7e0 sp=0x1bbac480b7c8 pc=0x561715ef9817
runtime.goexit({})
	/usr/lib/golang/src/runtime/asm_amd64.s:1771 +0x1 fp=0x1bbac480b7e8 sp=0x1bbac480b7e0 pc=0x561715f58b41
created by runtime.gcBgMarkStartWorkers in goroutine 1
	/usr/lib/golang/src/runtime/mgc.go:1695 +0x105

goroutine 100 gp=0x1bbac48923c0 m=nil [GC worker (idle)]:
runtime.gopark(0x0?, 0x0?, 0x0?, 0x0?, 0x0?)
	/usr/lib/golang/src/runtime/proc.go:462 +0xce fp=0x1bbac4817740 sp=0x1bbac4817720 pc=0x561715f510ae
runtime.gcBgMarkWorker(0x1bbac421a1c0)
	/usr/lib/golang/src/runtime/mgc.go:1791 +0xeb fp=0x1bbac48177c8 sp=0x1bbac4817740 pc=0x561715ef992b
runtime.gcBgMarkStartWorkers.gowrap1()
	/usr/lib/golang/src/runtime/mgc.go:1695 +0x17 fp=0x1bbac48177e0 sp=0x1bbac48177c8 pc=0x561715ef9817
runtime.goexit({})
	/usr/lib/golang/src/runtime/asm_amd64.s:1771 +0x1 fp=0x1bbac48177e8 sp=0x1bbac48177e0 pc=0x561715f58b41
created by runtime.gcBgMarkStartWorkers in goroutine 1
	/usr/lib/golang/src/runtime/mgc.go:1695 +0x105

goroutine 65 gp=0x1bbac48154a0 m=nil [GC worker (idle)]:
runtime.gopark(0x0?, 0x0?, 0x0?, 0x0?, 0x0?)
	/usr/lib/golang/src/runtime/proc.go:462 +0xce fp=0x1bbac481d740 sp=0x1bbac481d720 pc=0x561715f510ae
runtime.gcBgMarkWorker(0x1bbac421a1c0)
	/usr/lib/golang/src/runtime/mgc.go:1791 +0xeb fp=0x1bbac481d7c8 sp=0x1bbac481d740 pc=0x561715ef992b
runtime.gcBgMarkStartWorkers.gowrap1()
	/usr/lib/golang/src/runtime/mgc.go:1695 +0x17 fp=0x1bbac481d7e0 sp=0x1bbac481d7c8 pc=0x561715ef9817
runtime.goexit({})
	/usr/lib/golang/src/runtime/asm_amd64.s:1771 +0x1 fp=0x1bbac481d7e8 sp=0x1bbac481d7e0 pc=0x561715f58b41
created by runtime.gcBgMarkStartWorkers in goroutine 1
	/usr/lib/golang/src/runtime/mgc.go:1695 +0x105

goroutine 114 gp=0x1bbac4815680 m=nil [GC worker (idle)]:
runtime.gopark(0x0?, 0x0?, 0x0?, 0x0?, 0x0?)
	/usr/lib/golang/src/runtime/proc.go:462 +0xce fp=0x1bbac481df40 sp=0x1bbac481df20 pc=0x561715f510ae
runtime.gcBgMarkWorker(0x1bbac421a1c0)
	/usr/lib/golang/src/runtime/mgc.go:1791 +0xeb fp=0x1bbac481dfc8 sp=0x1bbac481df40 pc=0x561715ef992b
runtime.gcBgMarkStartWorkers.gowrap1()
	/usr/lib/golang/src/runtime/mgc.go:1695 +0x17 fp=0x1bbac481dfe0 sp=0x1bbac481dfc8 pc=0x561715ef9817
runtime.goexit({})
	/usr/lib/golang/src/runtime/asm_amd64.s:1771 +0x1 fp=0x1bbac481dfe8 sp=0x1bbac481dfe0 pc=0x561715f58b41
created by runtime.gcBgMarkStartWorkers in goroutine 1
	/usr/lib/golang/src/runtime/mgc.go:1695 +0x105

goroutine 69 gp=0x1bbac47a0960 m=nil [GC worker (idle)]:
runtime.gopark(0x0?, 0x0?, 0x0?, 0x0?, 0x0?)
	/usr/lib/golang/src/runtime/proc.go:462 +0xce fp=0x1bbac480bf40 sp=0x1bbac480bf20 pc=0x561715f510ae
runtime.gcBgMarkWorker(0x1bbac421a1c0)
	/usr/lib/golang/src/runtime/mgc.go:1791 +0xeb fp=0x1bbac480bfc8 sp=0x1bbac480bf40 pc=0x561715ef992b
runtime.gcBgMarkStartWorkers.gowrap1()
	/usr/lib/golang/src/runtime/mgc.go:1695 +0x17 fp=0x1bbac480bfe0 sp=0x1bbac480bfc8 pc=0x561715ef9817
runtime.goexit({})
	/usr/lib/golang/src/runtime/asm_amd64.s:1771 +0x1 fp=0x1bbac480bfe8 sp=0x1bbac480bfe0 pc=0x561715f58b41
created by runtime.gcBgMarkStartWorkers in goroutine 1
	/usr/lib/golang/src/runtime/mgc.go:1695 +0x105

goroutine 101 gp=0x1bbac48925a0 m=nil [GC worker (idle)]:
runtime.gopark(0x0?, 0x0?, 0x0?, 0x0?, 0x0?)
	/usr/lib/golang/src/runtime/proc.go:462 +0xce fp=0x1bbac4817f40 sp=0x1bbac4817f20 pc=0x561715f510ae
runtime.gcBgMarkWorker(0x1bbac421a1c0)
	/usr/lib/golang/src/runtime/mgc.go:1791 +0xeb fp=0x1bbac4817fc8 sp=0x1bbac4817f40 pc=0x561715ef992b
runtime.gcBgMarkStartWorkers.gowrap1()
	/usr/lib/golang/src/runtime/mgc.go:1695 +0x17 fp=0x1bbac4817fe0 sp=0x1bbac4817fc8 pc=0x561715ef9817
runtime.goexit({})
	/usr/lib/golang/src/runtime/asm_amd64.s:1771 +0x1 fp=0x1bbac4817fe8 sp=0x1bbac4817fe0 pc=0x561715f58b41
created by runtime.gcBgMarkStartWorkers in goroutine 1
	/usr/lib/golang/src/runtime/mgc.go:1695 +0x105

goroutine 102 gp=0x1bbac4892780 m=nil [GC worker (idle)]:
runtime.gopark(0x0?, 0x0?, 0x0?, 0x0?, 0x0?)
	/usr/lib/golang/src/runtime/proc.go:462 +0xce fp=0x1bbac4818740 sp=0x1bbac4818720 pc=0x561715f510ae
runtime.gcBgMarkWorker(0x1bbac421a1c0)
	/usr/lib/golang/src/runtime/mgc.go:1791 +0xeb fp=0x1bbac48187c8 sp=0x1bbac4818740 pc=0x561715ef992b
runtime.gcBgMarkStartWorkers.gowrap1()
	/usr/lib/golang/src/runtime/mgc.go:1695 +0x17 fp=0x1bbac48187e0 sp=0x1bbac48187c8 pc=0x561715ef9817
runtime.goexit({})
	/usr/lib/golang/src/runtime/asm_amd64.s:1771 +0x1 fp=0x1bbac48187e8 sp=0x1bbac48187e0 pc=0x561715f58b41
created by runtime.gcBgMarkStartWorkers in goroutine 1
	/usr/lib/golang/src/runtime/mgc.go:1695 +0x105

goroutine 103 gp=0x1bbac4892960 m=nil [GC worker (idle)]:
runtime.gopark(0x0?, 0x0?, 0x0?, 0x0?, 0x0?)
	/usr/lib/golang/src/runtime/proc.go:462 +0xce fp=0x1bbac4818f40 sp=0x1bbac4818f20 pc=0x561715f510ae
runtime.gcBgMarkWorker(0x1bbac421a1c0)
	/usr/lib/golang/src/runtime/mgc.go:1791 +0xeb fp=0x1bbac4818fc8 sp=0x1bbac4818f40 pc=0x561715ef992b
runtime.gcBgMarkStartWorkers.gowrap1()
	/usr/lib/golang/src/runtime/mgc.go:1695 +0x17 fp=0x1bbac4818fe0 sp=0x1bbac4818fc8 pc=0x561715ef9817
runtime.goexit({})
	/usr/lib/golang/src/runtime/asm_amd64.s:1771 +0x1 fp=0x1bbac4818fe8 sp=0x1bbac4818fe0 pc=0x561715f58b41
created by runtime.gcBgMarkStartWorkers in goroutine 1
	/usr/lib/golang/src/runtime/mgc.go:1695 +0x105

goroutine 70 gp=0x1bbac47a0b40 m=nil [GC worker (idle)]:
runtime.gopark(0x0?, 0x0?, 0x0?, 0x0?, 0x0?)
	/usr/lib/golang/src/runtime/proc.go:462 +0xce fp=0x1bbac480c740 sp=0x1bbac480c720 pc=0x561715f510ae
runtime.gcBgMarkWorker(0x1bbac421a1c0)
	/usr/lib/golang/src/runtime/mgc.go:1791 +0xeb fp=0x1bbac480c7c8 sp=0x1bbac480c740 pc=0x561715ef992b
runtime.gcBgMarkStartWorkers.gowrap1()
	/usr/lib/golang/src/runtime/mgc.go:1695 +0x17 fp=0x1bbac480c7e0 sp=0x1bbac480c7c8 pc=0x561715ef9817
runtime.goexit({})
	/usr/lib/golang/src/runtime/asm_amd64.s:1771 +0x1 fp=0x1bbac480c7e8 sp=0x1bbac480c7e0 pc=0x561715f58b41
created by runtime.gcBgMarkStartWorkers in goroutine 1
	/usr/lib/golang/src/runtime/mgc.go:1695 +0x105

goroutine 104 gp=0x1bbac4892b40 m=nil [GC worker (idle)]:
runtime.gopark(0x0?, 0x0?, 0x0?, 0x0?, 0x0?)
	/usr/lib/golang/src/runtime/proc.go:462 +0xce fp=0x1bbac4819740 sp=0x1bbac4819720 pc=0x561715f510ae
runtime.gcBgMarkWorker(0x1bbac421a1c0)
	/usr/lib/golang/src/runtime/mgc.go:1791 +0xeb fp=0x1bbac48197c8 sp=0x1bbac4819740 pc=0x561715ef992b
runtime.gcBgMarkStartWorkers.gowrap1()
	/usr/lib/golang/src/runtime/mgc.go:1695 +0x17 fp=0x1bbac48197e0 sp=0x1bbac48197c8 pc=0x561715ef9817
runtime.goexit({})
	/usr/lib/golang/src/runtime/asm_amd64.s:1771 +0x1 fp=0x1bbac48197e8 sp=0x1bbac48197e0 pc=0x561715f58b41
created by runtime.gcBgMarkStartWorkers in goroutine 1
	/usr/lib/golang/src/runtime/mgc.go:1695 +0x105

goroutine 105 gp=0x1bbac4892d20 m=nil [GC worker (idle)]:
runtime.gopark(0x0?, 0x0?, 0x0?, 0x0?, 0x0?)
	/usr/lib/golang/src/runtime/proc.go:462 +0xce fp=0x1bbac4819f40 sp=0x1bbac4819f20 pc=0x561715f510ae
runtime.gcBgMarkWorker(0x1bbac421a1c0)
	/usr/lib/golang/src/runtime/mgc.go:1791 +0xeb fp=0x1bbac4819fc8 sp=0x1bbac4819f40 pc=0x561715ef992b
runtime.gcBgMarkStartWorkers.gowrap1()
	/usr/lib/golang/src/runtime/mgc.go:1695 +0x17 fp=0x1bbac4819fe0 sp=0x1bbac4819fc8 pc=0x561715ef9817
runtime.goexit({})
	/usr/lib/golang/src/runtime/asm_amd64.s:1771 +0x1 fp=0x1bbac4819fe8 sp=0x1bbac4819fe0 pc=0x561715f58b41
created by runtime.gcBgMarkStartWorkers in goroutine 1
	/usr/lib/golang/src/runtime/mgc.go:1695 +0x105

goroutine 71 gp=0x1bbac47a0d20 m=nil [GC worker (idle)]:
runtime.gopark(0x0?, 0x0?, 0x0?, 0x0?, 0x0?)
	/usr/lib/golang/src/runtime/proc.go:462 +0xce fp=0x1bbac480cf40 sp=0x1bbac480cf20 pc=0x561715f510ae
runtime.gcBgMarkWorker(0x1bbac421a1c0)
	/usr/lib/golang/src/runtime/mgc.go:1791 +0xeb fp=0x1bbac480cfc8 sp=0x1bbac480cf40 pc=0x561715ef992b
runtime.gcBgMarkStartWorkers.gowrap1()
	/usr/lib/golang/src/runtime/mgc.go:1695 +0x17 fp=0x1bbac480cfe0 sp=0x1bbac480cfc8 pc=0x561715ef9817
runtime.goexit({})
	/usr/lib/golang/src/runtime/asm_amd64.s:1771 +0x1 fp=0x1bbac480cfe8 sp=0x1bbac480cfe0 pc=0x561715f58b41
created by runtime.gcBgMarkStartWorkers in goroutine 1
	/usr/lib/golang/src/runtime/mgc.go:1695 +0x105

goroutine 72 gp=0x1bbac47a0f00 m=nil [GC worker (idle)]:
runtime.gopark(0x0?, 0x0?, 0x0?, 0x0?, 0x0?)
	/usr/lib/golang/src/runtime/proc.go:462 +0xce fp=0x1bbac480d740 sp=0x1bbac480d720 pc=0x561715f510ae
runtime.gcBgMarkWorker(0x1bbac421a1c0)
	/usr/lib/golang/src/runtime/mgc.go:1791 +0xeb fp=0x1bbac480d7c8 sp=0x1bbac480d740 pc=0x561715ef992b
runtime.gcBgMarkStartWorkers.gowrap1()
	/usr/lib/golang/src/runtime/mgc.go:1695 +0x17 fp=0x1bbac480d7e0 sp=0x1bbac480d7c8 pc=0x561715ef9817
runtime.goexit({})
	/usr/lib/golang/src/runtime/asm_amd64.s:1771 +0x1 fp=0x1bbac480d7e8 sp=0x1bbac480d7e0 pc=0x561715f58b41
created by runtime.gcBgMarkStartWorkers in goroutine 1
	/usr/lib/golang/src/runtime/mgc.go:1695 +0x105

goroutine 73 gp=0x1bbac47a10e0 m=nil [GC worker (idle)]:
runtime.gopark(0x0?, 0x0?, 0x0?, 0x0?, 0x0?)
	/usr/lib/golang/src/runtime/proc.go:462 +0xce fp=0x1bbac480df40 sp=0x1bbac480df20 pc=0x561715f510ae
runtime.gcBgMarkWorker(0x1bbac421a1c0)
	/usr/lib/golang/src/runtime/mgc.go:1791 +0xeb fp=0x1bbac480dfc8 sp=0x1bbac480df40 pc=0x561715ef992b
runtime.gcBgMarkStartWorkers.gowrap1()
	/usr/lib/golang/src/runtime/mgc.go:1695 +0x17 fp=0x1bbac480dfe0 sp=0x1bbac480dfc8 pc=0x561715ef9817
runtime.goexit({})
	/usr/lib/golang/src/runtime/asm_amd64.s:1771 +0x1 fp=0x1bbac480dfe8 sp=0x1bbac480dfe0 pc=0x561715f58b41
created by runtime.gcBgMarkStartWorkers in goroutine 1
	/usr/lib/golang/src/runtime/mgc.go:1695 +0x105

goroutine 74 gp=0x1bbac47a12c0 m=nil [GC worker (idle)]:
runtime.gopark(0x0?, 0x0?, 0x0?, 0x0?, 0x0?)
	/usr/lib/golang/src/runtime/proc.go:462 +0xce fp=0x1bbac47a8740 sp=0x1bbac47a8720 pc=0x561715f510ae
runtime.gcBgMarkWorker(0x1bbac421a1c0)
	/usr/lib/golang/src/runtime/mgc.go:1791 +0xeb fp=0x1bbac47a87c8 sp=0x1bbac47a8740 pc=0x561715ef992b
runtime.gcBgMarkStartWorkers.gowrap1()
	/usr/lib/golang/src/runtime/mgc.go:1695 +0x17 fp=0x1bbac47a87e0 sp=0x1bbac47a87c8 pc=0x561715ef9817
runtime.goexit({})
	/usr/lib/golang/src/runtime/asm_amd64.s:1771 +0x1 fp=0x1bbac47a87e8 sp=0x1bbac47a87e0 pc=0x561715f58b41
created by runtime.gcBgMarkStartWorkers in goroutine 1
	/usr/lib/golang/src/runtime/mgc.go:1695 +0x105

goroutine 75 gp=0x1bbac47a14a0 m=nil [GC worker (idle)]:
runtime.gopark(0x0?, 0x0?, 0x0?, 0x0?, 0x0?)
	/usr/lib/golang/src/runtime/proc.go:462 +0xce fp=0x1bbac47a8f40 sp=0x1bbac47a8f20 pc=0x561715f510ae
runtime.gcBgMarkWorker(0x1bbac421a1c0)
	/usr/lib/golang/src/runtime/mgc.go:1791 +0xeb fp=0x1bbac47a8fc8 sp=0x1bbac47a8f40 pc=0x561715ef992b
runtime.gcBgMarkStartWorkers.gowrap1()
	/usr/lib/golang/src/runtime/mgc.go:1695 +0x17 fp=0x1bbac47a8fe0 sp=0x1bbac47a8fc8 pc=0x561715ef9817
runtime.goexit({})
	/usr/lib/golang/src/runtime/asm_amd64.s:1771 +0x1 fp=0x1bbac47a8fe8 sp=0x1bbac47a8fe0 pc=0x561715f58b41
created by runtime.gcBgMarkStartWorkers in goroutine 1
	/usr/lib/golang/src/runtime/mgc.go:1695 +0x105

goroutine 76 gp=0x1bbac47a1680 m=nil [GC worker (idle)]:
runtime.gopark(0x0?, 0x0?, 0x0?, 0x0?, 0x0?)
	/usr/lib/golang/src/runtime/proc.go:462 +0xce fp=0x1bbac47a9740 sp=0x1bbac47a9720 pc=0x561715f510ae
runtime.gcBgMarkWorker(0x1bbac421a1c0)
	/usr/lib/golang/src/runtime/mgc.go:1791 +0xeb fp=0x1bbac47a97c8 sp=0x1bbac47a9740 pc=0x561715ef992b
runtime.gcBgMarkStartWorkers.gowrap1()
	/usr/lib/golang/src/runtime/mgc.go:1695 +0x17 fp=0x1bbac47a97e0 sp=0x1bbac47a97c8 pc=0x561715ef9817
runtime.goexit({})
	/usr/lib/golang/src/runtime/asm_amd64.s:1771 +0x1 fp=0x1bbac47a97e8 sp=0x1bbac47a97e0 pc=0x561715f58b41
created by runtime.gcBgMarkStartWorkers in goroutine 1
	/usr/lib/golang/src/runtime/mgc.go:1695 +0x105

goroutine 77 gp=0x1bbac47a1860 m=nil [GC worker (idle)]:
runtime.gopark(0x0?, 0x0?, 0x0?, 0x0?, 0x0?)
	/usr/lib/golang/src/runtime/proc.go:462 +0xce fp=0x1bbac47a9f40 sp=0x1bbac47a9f20 pc=0x561715f510ae
runtime.gcBgMarkWorker(0x1bbac421a1c0)
	/usr/lib/golang/src/runtime/mgc.go:1791 +0xeb fp=0x1bbac47a9fc8 sp=0x1bbac47a9f40 pc=0x561715ef992b
runtime.gcBgMarkStartWorkers.gowrap1()
	/usr/lib/golang/src/runtime/mgc.go:1695 +0x17 fp=0x1bbac47a9fe0 sp=0x1bbac47a9fc8 pc=0x561715ef9817
runtime.goexit({})
	/usr/lib/golang/src/runtime/asm_amd64.s:1771 +0x1 fp=0x1bbac47a9fe8 sp=0x1bbac47a9fe0 pc=0x561715f58b41
created by runtime.gcBgMarkStartWorkers in goroutine 1
	/usr/lib/golang/src/runtime/mgc.go:1695 +0x105

goroutine 78 gp=0x1bbac47a1a40 m=nil [GC worker (idle)]:
runtime.gopark(0x0?, 0x0?, 0x0?, 0x0?, 0x0?)
	/usr/lib/golang/src/runtime/proc.go:462 +0xce fp=0x1bbac47aa740 sp=0x1bbac47aa720 pc=0x561715f510ae
runtime.gcBgMarkWorker(0x1bbac421a1c0)
	/usr/lib/golang/src/runtime/mgc.go:1791 +0xeb fp=0x1bbac47aa7c8 sp=0x1bbac47aa740 pc=0x561715ef992b
runtime.gcBgMarkStartWorkers.gowrap1()
	/usr/lib/golang/src/runtime/mgc.go:1695 +0x17 fp=0x1bbac47aa7e0 sp=0x1bbac47aa7c8 pc=0x561715ef9817
runtime.goexit({})
	/usr/lib/golang/src/runtime/asm_amd64.s:1771 +0x1 fp=0x1bbac47aa7e8 sp=0x1bbac47aa7e0 pc=0x561715f58b41
created by runtime.gcBgMarkStartWorkers in goroutine 1
	/usr/lib/golang/src/runtime/mgc.go:1695 +0x105

goroutine 79 gp=0x1bbac47a1c20 m=nil [GC worker (idle)]:
runtime.gopark(0x0?, 0x0?, 0x0?, 0x0?, 0x0?)
	/usr/lib/golang/src/runtime/proc.go:462 +0xce fp=0x1bbac47aaf40 sp=0x1bbac47aaf20 pc=0x561715f510ae
runtime.gcBgMarkWorker(0x1bbac421a1c0)
	/usr/lib/golang/src/runtime/mgc.go:1791 +0xeb fp=0x1bbac47aafc8 sp=0x1bbac47aaf40 pc=0x561715ef992b
runtime.gcBgMarkStartWorkers.gowrap1()
	/usr/lib/golang/src/runtime/mgc.go:1695 +0x17 fp=0x1bbac47aafe0 sp=0x1bbac47aafc8 pc=0x561715ef9817
runtime.goexit({})
	/usr/lib/golang/src/runtime/asm_amd64.s:1771 +0x1 fp=0x1bbac47aafe8 sp=0x1bbac47aafe0 pc=0x561715f58b41
created by runtime.gcBgMarkStartWorkers in goroutine 1
	/usr/lib/golang/src/runtime/mgc.go:1695 +0x105

goroutine 80 gp=0x1bbac47ae000 m=nil [GC worker (idle)]:
runtime.gopark(0x0?, 0x0?, 0x0?, 0x0?, 0x0?)
	/usr/lib/golang/src/runtime/proc.go:462 +0xce fp=0x1bbac47ab740 sp=0x1bbac47ab720 pc=0x561715f510ae
runtime.gcBgMarkWorker(0x1bbac421a1c0)
	/usr/lib/golang/src/runtime/mgc.go:1791 +0xeb fp=0x1bbac47ab7c8 sp=0x1bbac47ab740 pc=0x561715ef992b
runtime.gcBgMarkStartWorkers.gowrap1()
	/usr/lib/golang/src/runtime/mgc.go:1695 +0x17 fp=0x1bbac47ab7e0 sp=0x1bbac47ab7c8 pc=0x561715ef9817
runtime.goexit({})
	/usr/lib/golang/src/runtime/asm_amd64.s:1771 +0x1 fp=0x1bbac47ab7e8 sp=0x1bbac47ab7e0 pc=0x561715f58b41
created by runtime.gcBgMarkStartWorkers in goroutine 1
	/usr/lib/golang/src/runtime/mgc.go:1695 +0x105

goroutine 81 gp=0x1bbac47ae1e0 m=nil [GC worker (idle)]:
runtime.gopark(0x0?, 0x0?, 0x0?, 0x0?, 0x0?)
	/usr/lib/golang/src/runtime/proc.go:462 +0xce fp=0x1bbac47abf40 sp=0x1bbac47abf20 pc=0x561715f510ae
runtime.gcBgMarkWorker(0x1bbac421a1c0)
	/usr/lib/golang/src/runtime/mgc.go:1791 +0xeb fp=0x1bbac47abfc8 sp=0x1bbac47abf40 pc=0x561715ef992b
runtime.gcBgMarkStartWorkers.gowrap1()
	/usr/lib/golang/src/runtime/mgc.go:1695 +0x17 fp=0x1bbac47abfe0 sp=0x1bbac47abfc8 pc=0x561715ef9817
runtime.goexit({})
	/usr/lib/golang/src/runtime/asm_amd64.s:1771 +0x1 fp=0x1bbac47abfe8 sp=0x1bbac47abfe0 pc=0x561715f58b41
created by runtime.gcBgMarkStartWorkers in goroutine 1
	/usr/lib/golang/src/runtime/mgc.go:1695 +0x105

goroutine 130 gp=0x1bbac47ae3c0 m=nil [GC worker (idle)]:
runtime.gopark(0x0?, 0x0?, 0x0?, 0x0?, 0x0?)
	/usr/lib/golang/src/runtime/proc.go:462 +0xce fp=0x1bbac47a4740 sp=0x1bbac47a4720 pc=0x561715f510ae
runtime.gcBgMarkWorker(0x1bbac421a1c0)
	/usr/lib/golang/src/runtime/mgc.go:1791 +0xeb fp=0x1bbac47a47c8 sp=0x1bbac47a4740 pc=0x561715ef992b
runtime.gcBgMarkStartWorkers.gowrap1()
	/usr/lib/golang/src/runtime/mgc.go:1695 +0x17 fp=0x1bbac47a47e0 sp=0x1bbac47a47c8 pc=0x561715ef9817
runtime.goexit({})
	/usr/lib/golang/src/runtime/asm_amd64.s:1771 +0x1 fp=0x1bbac47a47e8 sp=0x1bbac47a47e0 pc=0x561715f58b41
created by runtime.gcBgMarkStartWorkers in goroutine 1
	/usr/lib/golang/src/runtime/mgc.go:1695 +0x105

goroutine 131 gp=0x1bbac47ae5a0 m=nil [GC worker (idle)]:
runtime.gopark(0x0?, 0x0?, 0x0?, 0x0?, 0x0?)
	/usr/lib/golang/src/runtime/proc.go:462 +0xce fp=0x1bbac47a4f40 sp=0x1bbac47a4f20 pc=0x561715f510ae
runtime.gcBgMarkWorker(0x1bbac421a1c0)
	/usr/lib/golang/src/runtime/mgc.go:1791 +0xeb fp=0x1bbac47a4fc8 sp=0x1bbac47a4f40 pc=0x561715ef992b
runtime.gcBgMarkStartWorkers.gowrap1()
	/usr/lib/golang/src/runtime/mgc.go:1695 +0x17 fp=0x1bbac47a4fe0 sp=0x1bbac47a4fc8 pc=0x561715ef9817
runtime.goexit({})
	/usr/lib/golang/src/runtime/asm_amd64.s:1771 +0x1 fp=0x1bbac47a4fe8 sp=0x1bbac47a4fe0 pc=0x561715f58b41
created by runtime.gcBgMarkStartWorkers in goroutine 1
	/usr/lib/golang/src/runtime/mgc.go:1695 +0x105

goroutine 132 gp=0x1bbac47ae780 m=nil [GC worker (idle)]:
runtime.gopark(0x0?, 0x0?, 0x0?, 0x0?, 0x0?)
	/usr/lib/golang/src/runtime/proc.go:462 +0xce fp=0x1bbac47a5740 sp=0x1bbac47a5720 pc=0x561715f510ae
runtime.gcBgMarkWorker(0x1bbac421a1c0)
	/usr/lib/golang/src/runtime/mgc.go:1791 +0xeb fp=0x1bbac47a57c8 sp=0x1bbac47a5740 pc=0x561715ef992b
runtime.gcBgMarkStartWorkers.gowrap1()
	/usr/lib/golang/src/runtime/mgc.go:1695 +0x17 fp=0x1bbac47a57e0 sp=0x1bbac47a57c8 pc=0x561715ef9817
runtime.goexit({})
	/usr/lib/golang/src/runtime/asm_amd64.s:1771 +0x1 fp=0x1bbac47a57e8 sp=0x1bbac47a57e0 pc=0x561715f58b41
created by runtime.gcBgMarkStartWorkers in goroutine 1
	/usr/lib/golang/src/runtime/mgc.go:1695 +0x105

goroutine 133 gp=0x1bbac47ae960 m=nil [GC worker (idle)]:
runtime.gopark(0x0?, 0x0?, 0x0?, 0x0?, 0x0?)
	/usr/lib/golang/src/runtime/proc.go:462 +0xce fp=0x1bbac47a5f40 sp=0x1bbac47a5f20 pc=0x561715f510ae
runtime.gcBgMarkWorker(0x1bbac421a1c0)
	/usr/lib/golang/src/runtime/mgc.go:1791 +0xeb fp=0x1bbac47a5fc8 sp=0x1bbac47a5f40 pc=0x561715ef992b
runtime.gcBgMarkStartWorkers.gowrap1()
	/usr/lib/golang/src/runtime/mgc.go:1695 +0x17 fp=0x1bbac47a5fe0 sp=0x1bbac47a5fc8 pc=0x561715ef9817
runtime.goexit({})
	/usr/lib/golang/src/runtime/asm_amd64.s:1771 +0x1 fp=0x1bbac47a5fe8 sp=0x1bbac47a5fe0 pc=0x561715f58b41
created by runtime.gcBgMarkStartWorkers in goroutine 1
	/usr/lib/golang/src/runtime/mgc.go:1695 +0x105

goroutine 134 gp=0x1bbac47aeb40 m=nil [GC worker (idle)]:
runtime.gopark(0x0?, 0x0?, 0x0?, 0x0?, 0x0?)
	/usr/lib/golang/src/runtime/proc.go:462 +0xce fp=0x1bbac47a6740 sp=0x1bbac47a6720 pc=0x561715f510ae
runtime.gcBgMarkWorker(0x1bbac421a1c0)
	/usr/lib/golang/src/runtime/mgc.go:1791 +0xeb fp=0x1bbac47a67c8 sp=0x1bbac47a6740 pc=0x561715ef992b
runtime.gcBgMarkStartWorkers.gowrap1()
	/usr/lib/golang/src/runtime/mgc.go:1695 +0x17 fp=0x1bbac47a67e0 sp=0x1bbac47a67c8 pc=0x561715ef9817
runtime.goexit({})
	/usr/lib/golang/src/runtime/asm_amd64.s:1771 +0x1 fp=0x1bbac47a67e8 sp=0x1bbac47a67e0 pc=0x561715f58b41
created by runtime.gcBgMarkStartWorkers in goroutine 1
	/usr/lib/golang/src/runtime/mgc.go:1695 +0x105

goroutine 135 gp=0x1bbac47aed20 m=nil [GC worker (idle)]:
runtime.gopark(0x0?, 0x0?, 0x0?, 0x0?, 0x0?)
	/usr/lib/golang/src/runtime/proc.go:462 +0xce fp=0x1bbac47a6f40 sp=0x1bbac47a6f20 pc=0x561715f510ae
runtime.gcBgMarkWorker(0x1bbac421a1c0)
	/usr/lib/golang/src/runtime/mgc.go:1791 +0xeb fp=0x1bbac47a6fc8 sp=0x1bbac47a6f40 pc=0x561715ef992b
runtime.gcBgMarkStartWorkers.gowrap1()
	/usr/lib/golang/src/runtime/mgc.go:1695 +0x17 fp=0x1bbac47a6fe0 sp=0x1bbac47a6fc8 pc=0x561715ef9817
runtime.goexit({})
	/usr/lib/golang/src/runtime/asm_amd64.s:1771 +0x1 fp=0x1bbac47a6fe8 sp=0x1bbac47a6fe0 pc=0x561715f58b41
created by runtime.gcBgMarkStartWorkers in goroutine 1
	/usr/lib/golang/src/runtime/mgc.go:1695 +0x105

goroutine 136 gp=0x1bbac47aef00 m=nil [GC worker (idle)]:
runtime.gopark(0x0?, 0x0?, 0x0?, 0x0?, 0x0?)
	/usr/lib/golang/src/runtime/proc.go:462 +0xce fp=0x1bbac47a7740 sp=0x1bbac47a7720 pc=0x561715f510ae
runtime.gcBgMarkWorker(0x1bbac421a1c0)
	/usr/lib/golang/src/runtime/mgc.go:1791 +0xeb fp=0x1bbac47a77c8 sp=0x1bbac47a7740 pc=0x561715ef992b
runtime.gcBgMarkStartWorkers.gowrap1()
	/usr/lib/golang/src/runtime/mgc.go:1695 +0x17 fp=0x1bbac47a77e0 sp=0x1bbac47a77c8 pc=0x561715ef9817
runtime.goexit({})
	/usr/lib/golang/src/runtime/asm_amd64.s:1771 +0x1 fp=0x1bbac47a77e8 sp=0x1bbac47a77e0 pc=0x561715f58b41
created by runtime.gcBgMarkStartWorkers in goroutine 1
	/usr/lib/golang/src/runtime/mgc.go:1695 +0x105

goroutine 137 gp=0x1bbac47af0e0 m=nil [GC worker (idle)]:
runtime.gopark(0x0?, 0x0?, 0x0?, 0x0?, 0x0?)
	/usr/lib/golang/src/runtime/proc.go:462 +0xce fp=0x1bbac47a7f40 sp=0x1bbac47a7f20 pc=0x561715f510ae
runtime.gcBgMarkWorker(0x1bbac421a1c0)
	/usr/lib/golang/src/runtime/mgc.go:1791 +0xeb fp=0x1bbac47a7fc8 sp=0x1bbac47a7f40 pc=0x561715ef992b
runtime.gcBgMarkStartWorkers.gowrap1()
	/usr/lib/golang/src/runtime/mgc.go:1695 +0x17 fp=0x1bbac47a7fe0 sp=0x1bbac47a7fc8 pc=0x561715ef9817
runtime.goexit({})
	/usr/lib/golang/src/runtime/asm_amd64.s:1771 +0x1 fp=0x1bbac47a7fe8 sp=0x1bbac47a7fe0 pc=0x561715f58b41
created by runtime.gcBgMarkStartWorkers in goroutine 1
	/usr/lib/golang/src/runtime/mgc.go:1695 +0x105

goroutine 138 gp=0x1bbac47af2c0 m=nil [GC worker (idle)]:
runtime.gopark(0x0?, 0x0?, 0x0?, 0x0?, 0x0?)
	/usr/lib/golang/src/runtime/proc.go:462 +0xce fp=0x1bbac47b4740 sp=0x1bbac47b4720 pc=0x561715f510ae
runtime.gcBgMarkWorker(0x1bbac421a1c0)
	/usr/lib/golang/src/runtime/mgc.go:1791 +0xeb fp=0x1bbac47b47c8 sp=0x1bbac47b4740 pc=0x561715ef992b
runtime.gcBgMarkStartWorkers.gowrap1()
	/usr/lib/golang/src/runtime/mgc.go:1695 +0x17 fp=0x1bbac47b47e0 sp=0x1bbac47b47c8 pc=0x561715ef9817
runtime.goexit({})
	/usr/lib/golang/src/runtime/asm_amd64.s:1771 +0x1 fp=0x1bbac47b47e8 sp=0x1bbac47b47e0 pc=0x561715f58b41
created by runtime.gcBgMarkStartWorkers in goroutine 1
	/usr/lib/golang/src/runtime/mgc.go:1695 +0x105

goroutine 139 gp=0x1bbac47af4a0 m=nil [GC worker (idle)]:
runtime.gopark(0x0?, 0x0?, 0x0?, 0x0?, 0x0?)
	/usr/lib/golang/src/runtime/proc.go:462 +0xce fp=0x1bbac47b4f40 sp=0x1bbac47b4f20 pc=0x561715f510ae
runtime.gcBgMarkWorker(0x1bbac421a1c0)
	/usr/lib/golang/src/runtime/mgc.go:1791 +0xeb fp=0x1bbac47b4fc8 sp=0x1bbac47b4f40 pc=0x561715ef992b
runtime.gcBgMarkStartWorkers.gowrap1()
	/usr/lib/golang/src/runtime/mgc.go:1695 +0x17 fp=0x1bbac47b4fe0 sp=0x1bbac47b4fc8 pc=0x561715ef9817
runtime.goexit({})
	/usr/lib/golang/src/runtime/asm_amd64.s:1771 +0x1 fp=0x1bbac47b4fe8 sp=0x1bbac47b4fe0 pc=0x561715f58b41
created by runtime.gcBgMarkStartWorkers in goroutine 1
	/usr/lib/golang/src/runtime/mgc.go:1695 +0x105

goroutine 140 gp=0x1bbac47af680 m=nil [GC worker (idle)]:
runtime.gopark(0x0?, 0x0?, 0x0?, 0x0?, 0x0?)
	/usr/lib/golang/src/runtime/proc.go:462 +0xce fp=0x1bbac47b5740 sp=0x1bbac47b5720 pc=0x561715f510ae
runtime.gcBgMarkWorker(0x1bbac421a1c0)
	/usr/lib/golang/src/runtime/mgc.go:1791 +0xeb fp=0x1bbac47b57c8 sp=0x1bbac47b5740 pc=0x561715ef992b
runtime.gcBgMarkStartWorkers.gowrap1()
	/usr/lib/golang/src/runtime/mgc.go:1695 +0x17 fp=0x1bbac47b57e0 sp=0x1bbac47b57c8 pc=0x561715ef9817
runtime.goexit({})
	/usr/lib/golang/src/runtime/asm_amd64.s:1771 +0x1 fp=0x1bbac47b57e8 sp=0x1bbac47b57e0 pc=0x561715f58b41
created by runtime.gcBgMarkStartWorkers in goroutine 1
	/usr/lib/golang/src/runtime/mgc.go:1695 +0x105

goroutine 141 gp=0x1bbac47af860 m=nil [GC worker (idle)]:
runtime.gopark(0x0?, 0x0?, 0x0?, 0x0?, 0x0?)
	/usr/lib/golang/src/runtime/proc.go:462 +0xce fp=0x1bbac47b5f40 sp=0x1bbac47b5f20 pc=0x561715f510ae
runtime.gcBgMarkWorker(0x1bbac421a1c0)
	/usr/lib/golang/src/runtime/mgc.go:1791 +0xeb fp=0x1bbac47b5fc8 sp=0x1bbac47b5f40 pc=0x561715ef992b
runtime.gcBgMarkStartWorkers.gowrap1()
	/usr/lib/golang/src/runtime/mgc.go:1695 +0x17 fp=0x1bbac47b5fe0 sp=0x1bbac47b5fc8 pc=0x561715ef9817
runtime.goexit({})
	/usr/lib/golang/src/runtime/asm_amd64.s:1771 +0x1 fp=0x1bbac47b5fe8 sp=0x1bbac47b5fe0 pc=0x561715f58b41
created by runtime.gcBgMarkStartWorkers in goroutine 1
	/usr/lib/golang/src/runtime/mgc.go:1695 +0x105

goroutine 142 gp=0x1bbac47afa40 m=nil [GC worker (idle)]:
runtime.gopark(0x0?, 0x0?, 0x0?, 0x0?, 0x0?)
	/usr/lib/golang/src/runtime/proc.go:462 +0xce fp=0x1bbac47b6740 sp=0x1bbac47b6720 pc=0x561715f510ae
runtime.gcBgMarkWorker(0x1bbac421a1c0)
	/usr/lib/golang/src/runtime/mgc.go:1791 +0xeb fp=0x1bbac47b67c8 sp=0x1bbac47b6740 pc=0x561715ef992b
runtime.gcBgMarkStartWorkers.gowrap1()
	/usr/lib/golang/src/runtime/mgc.go:1695 +0x17 fp=0x1bbac47b67e0 sp=0x1bbac47b67c8 pc=0x561715ef9817
runtime.goexit({})
	/usr/lib/golang/src/runtime/asm_amd64.s:1771 +0x1 fp=0x1bbac47b67e8 sp=0x1bbac47b67e0 pc=0x561715f58b41
created by runtime.gcBgMarkStartWorkers in goroutine 1
	/usr/lib/golang/src/runtime/mgc.go:1695 +0x105

goroutine 143 gp=0x1bbac47afc20 m=nil [GC worker (idle)]:
runtime.gopark(0x0?, 0x0?, 0x0?, 0x0?, 0x0?)
	/usr/lib/golang/src/runtime/proc.go:462 +0xce fp=0x1bbac47b6f40 sp=0x1bbac47b6f20 pc=0x561715f510ae
runtime.gcBgMarkWorker(0x1bbac421a1c0)
	/usr/lib/golang/src/runtime/mgc.go:1791 +0xeb fp=0x1bbac47b6fc8 sp=0x1bbac47b6f40 pc=0x561715ef992b
runtime.gcBgMarkStartWorkers.gowrap1()
	/usr/lib/golang/src/runtime/mgc.go:1695 +0x17 fp=0x1bbac47b6fe0 sp=0x1bbac47b6fc8 pc=0x561715ef9817
runtime.goexit({})
	/usr/lib/golang/src/runtime/asm_amd64.s:1771 +0x1 fp=0x1bbac47b6fe8 sp=0x1bbac47b6fe0 pc=0x561715f58b41
created by runtime.gcBgMarkStartWorkers in goroutine 1
	/usr/lib/golang/src/runtime/mgc.go:1695 +0x105

goroutine 144 gp=0x1bbac47ba000 m=nil [GC worker (idle)]:
runtime.gopark(0x0?, 0x0?, 0x0?, 0x0?, 0x0?)
	/usr/lib/golang/src/runtime/proc.go:462 +0xce fp=0x1bbac47b7740 sp=0x1bbac47b7720 pc=0x561715f510ae
runtime.gcBgMarkWorker(0x1bbac421a1c0)
	/usr/lib/golang/src/runtime/mgc.go:1791 +0xeb fp=0x1bbac47b77c8 sp=0x1bbac47b7740 pc=0x561715ef992b
runtime.gcBgMarkStartWorkers.gowrap1()
	/usr/lib/golang/src/runtime/mgc.go:1695 +0x17 fp=0x1bbac47b77e0 sp=0x1bbac47b77c8 pc=0x561715ef9817
runtime.goexit({})
	/usr/lib/golang/src/runtime/asm_amd64.s:1771 +0x1 fp=0x1bbac47b77e8 sp=0x1bbac47b77e0 pc=0x561715f58b41
created by runtime.gcBgMarkStartWorkers in goroutine 1
	/usr/lib/golang/src/runtime/mgc.go:1695 +0x105

goroutine 145 gp=0x1bbac47ba1e0 m=nil [GC worker (idle)]:
runtime.gopark(0x0?, 0x0?, 0x0?, 0x0?, 0x0?)
	/usr/lib/golang/src/runtime/proc.go:462 +0xce fp=0x1bbac47b7f40 sp=0x1bbac47b7f20 pc=0x561715f510ae
runtime.gcBgMarkWorker(0x1bbac421a1c0)
	/usr/lib/golang/src/runtime/mgc.go:1791 +0xeb fp=0x1bbac47b7fc8 sp=0x1bbac47b7f40 pc=0x561715ef992b
runtime.gcBgMarkStartWorkers.gowrap1()
	/usr/lib/golang/src/runtime/mgc.go:1695 +0x17 fp=0x1bbac47b7fe0 sp=0x1bbac47b7fc8 pc=0x561715ef9817
runtime.goexit({})
	/usr/lib/golang/src/runtime/asm_amd64.s:1771 +0x1 fp=0x1bbac47b7fe8 sp=0x1bbac47b7fe0 pc=0x561715f58b41
created by runtime.gcBgMarkStartWorkers in goroutine 1
	/usr/lib/golang/src/runtime/mgc.go:1695 +0x105

goroutine 146 gp=0x1bbac47ba3c0 m=nil [GC worker (idle)]:
runtime.gopark(0x0?, 0x0?, 0x0?, 0x0?, 0x0?)
	/usr/lib/golang/src/runtime/proc.go:462 +0xce fp=0x1bbac47b0740 sp=0x1bbac47b0720 pc=0x561715f510ae
runtime.gcBgMarkWorker(0x1bbac421a1c0)
	/usr/lib/golang/src/runtime/mgc.go:1791 +0xeb fp=0x1bbac47b07c8 sp=0x1bbac47b0740 pc=0x561715ef992b
runtime.gcBgMarkStartWorkers.gowrap1()
	/usr/lib/golang/src/runtime/mgc.go:1695 +0x17 fp=0x1bbac47b07e0 sp=0x1bbac47b07c8 pc=0x561715ef9817
runtime.goexit({})
	/usr/lib/golang/src/runtime/asm_amd64.s:1771 +0x1 fp=0x1bbac47b07e8 sp=0x1bbac47b07e0 pc=0x561715f58b41
created by runtime.gcBgMarkStartWorkers in goroutine 1
	/usr/lib/golang/src/runtime/mgc.go:1695 +0x105

goroutine 147 gp=0x1bbac47ba5a0 m=nil [GC worker (idle)]:
runtime.gopark(0x0?, 0x0?, 0x0?, 0x0?, 0x0?)
	/usr/lib/golang/src/runtime/proc.go:462 +0xce fp=0x1bbac47b0f40 sp=0x1bbac47b0f20 pc=0x561715f510ae
runtime.gcBgMarkWorker(0x1bbac421a1c0)
	/usr/lib/golang/src/runtime/mgc.go:1791 +0xeb fp=0x1bbac47b0fc8 sp=0x1bbac47b0f40 pc=0x561715ef992b
runtime.gcBgMarkStartWorkers.gowrap1()
	/usr/lib/golang/src/runtime/mgc.go:1695 +0x17 fp=0x1bbac47b0fe0 sp=0x1bbac47b0fc8 pc=0x561715ef9817
runtime.goexit({})
	/usr/lib/golang/src/runtime/asm_amd64.s:1771 +0x1 fp=0x1bbac47b0fe8 sp=0x1bbac47b0fe0 pc=0x561715f58b41
created by runtime.gcBgMarkStartWorkers in goroutine 1
	/usr/lib/golang/src/runtime/mgc.go:1695 +0x105

goroutine 115 gp=0x1bbac4815860 m=nil [GC worker (idle)]:
runtime.gopark(0x0?, 0x0?, 0x0?, 0x0?, 0x0?)
	/usr/lib/golang/src/runtime/proc.go:462 +0xce fp=0x1bbac4822740 sp=0x1bbac4822720 pc=0x561715f510ae
runtime.gcBgMarkWorker(0x1bbac421a1c0)
	/usr/lib/golang/src/runtime/mgc.go:1791 +0xeb fp=0x1bbac48227c8 sp=0x1bbac4822740 pc=0x561715ef992b
runtime.gcBgMarkStartWorkers.gowrap1()
	/usr/lib/golang/src/runtime/mgc.go:1695 +0x17 fp=0x1bbac48227e0 sp=0x1bbac48227c8 pc=0x561715ef9817
runtime.goexit({})
	/usr/lib/golang/src/runtime/asm_amd64.s:1771 +0x1 fp=0x1bbac48227e8 sp=0x1bbac48227e0 pc=0x561715f58b41
created by runtime.gcBgMarkStartWorkers in goroutine 1
	/usr/lib/golang/src/runtime/mgc.go:1695 +0x105

goroutine 116 gp=0x1bbac4815a40 m=nil [GC worker (idle)]:
runtime.gopark(0x0?, 0x0?, 0x0?, 0x0?, 0x0?)
	/usr/lib/golang/src/runtime/proc.go:462 +0xce fp=0x1bbac4822f40 sp=0x1bbac4822f20 pc=0x561715f510ae
runtime.gcBgMarkWorker(0x1bbac421a1c0)
	/usr/lib/golang/src/runtime/mgc.go:1791 +0xeb fp=0x1bbac4822fc8 sp=0x1bbac4822f40 pc=0x561715ef992b
runtime.gcBgMarkStartWorkers.gowrap1()
	/usr/lib/golang/src/runtime/mgc.go:1695 +0x17 fp=0x1bbac4822fe0 sp=0x1bbac4822fc8 pc=0x561715ef9817
runtime.goexit({})
	/usr/lib/golang/src/runtime/asm_amd64.s:1771 +0x1 fp=0x1bbac4822fe8 sp=0x1bbac4822fe0 pc=0x561715f58b41
created by runtime.gcBgMarkStartWorkers in goroutine 1
	/usr/lib/golang/src/runtime/mgc.go:1695 +0x105

goroutine 117 gp=0x1bbac4815c20 m=nil [GC worker (idle)]:
runtime.gopark(0x0?, 0x0?, 0x0?, 0x0?, 0x0?)
	/usr/lib/golang/src/runtime/proc.go:462 +0xce fp=0x1bbac4823740 sp=0x1bbac4823720 pc=0x561715f510ae
runtime.gcBgMarkWorker(0x1bbac421a1c0)
	/usr/lib/golang/src/runtime/mgc.go:1791 +0xeb fp=0x1bbac48237c8 sp=0x1bbac4823740 pc=0x561715ef992b
runtime.gcBgMarkStartWorkers.gowrap1()
	/usr/lib/golang/src/runtime/mgc.go:1695 +0x17 fp=0x1bbac48237e0 sp=0x1bbac48237c8 pc=0x561715ef9817
runtime.goexit({})
	/usr/lib/golang/src/runtime/asm_amd64.s:1771 +0x1 fp=0x1bbac48237e8 sp=0x1bbac48237e0 pc=0x561715f58b41
created by runtime.gcBgMarkStartWorkers in goroutine 1
	/usr/lib/golang/src/runtime/mgc.go:1695 +0x105

goroutine 118 gp=0x1bbac4828000 m=nil [GC worker (idle)]:
runtime.gopark(0x0?, 0x0?, 0x0?, 0x0?, 0x0?)
	/usr/lib/golang/src/runtime/proc.go:462 +0xce fp=0x1bbac4823f40 sp=0x1bbac4823f20 pc=0x561715f510ae
runtime.gcBgMarkWorker(0x1bbac421a1c0)
	/usr/lib/golang/src/runtime/mgc.go:1791 +0xeb fp=0x1bbac4823fc8 sp=0x1bbac4823f40 pc=0x561715ef992b
runtime.gcBgMarkStartWorkers.gowrap1()
	/usr/lib/golang/src/runtime/mgc.go:1695 +0x17 fp=0x1bbac4823fe0 sp=0x1bbac4823fc8 pc=0x561715ef9817
runtime.goexit({})
	/usr/lib/golang/src/runtime/asm_amd64.s:1771 +0x1 fp=0x1bbac4823fe8 sp=0x1bbac4823fe0 pc=0x561715f58b41
created by runtime.gcBgMarkStartWorkers in goroutine 1
	/usr/lib/golang/src/runtime/mgc.go:1695 +0x105

goroutine 119 gp=0x1bbac48281e0 m=nil [GC worker (idle)]:
runtime.gopark(0x0?, 0x0?, 0x0?, 0x0?, 0x0?)
	/usr/lib/golang/src/runtime/proc.go:462 +0xce fp=0x1bbac4824740 sp=0x1bbac4824720 pc=0x561715f510ae
runtime.gcBgMarkWorker(0x1bbac421a1c0)
	/usr/lib/golang/src/runtime/mgc.go:1791 +0xeb fp=0x1bbac48247c8 sp=0x1bbac4824740 pc=0x561715ef992b
runtime.gcBgMarkStartWorkers.gowrap1()
	/usr/lib/golang/src/runtime/mgc.go:1695 +0x17 fp=0x1bbac48247e0 sp=0x1bbac48247c8 pc=0x561715ef9817
runtime.goexit({})
	/usr/lib/golang/src/runtime/asm_amd64.s:1771 +0x1 fp=0x1bbac48247e8 sp=0x1bbac48247e0 pc=0x561715f58b41
created by runtime.gcBgMarkStartWorkers in goroutine 1
	/usr/lib/golang/src/runtime/mgc.go:1695 +0x105

goroutine 120 gp=0x1bbac48283c0 m=nil [GC worker (idle)]:
runtime.gopark(0x0?, 0x0?, 0x0?, 0x0?, 0x0?)
	/usr/lib/golang/src/runtime/proc.go:462 +0xce fp=0x1bbac4824f40 sp=0x1bbac4824f20 pc=0x561715f510ae
runtime.gcBgMarkWorker(0x1bbac421a1c0)
	/usr/lib/golang/src/runtime/mgc.go:1791 +0xeb fp=0x1bbac4824fc8 sp=0x1bbac4824f40 pc=0x561715ef992b
runtime.gcBgMarkStartWorkers.gowrap1()
	/usr/lib/golang/src/runtime/mgc.go:1695 +0x17 fp=0x1bbac4824fe0 sp=0x1bbac4824fc8 pc=0x561715ef9817
runtime.goexit({})
	/usr/lib/golang/src/runtime/asm_amd64.s:1771 +0x1 fp=0x1bbac4824fe8 sp=0x1bbac4824fe0 pc=0x561715f58b41
created by runtime.gcBgMarkStartWorkers in goroutine 1
	/usr/lib/golang/src/runtime/mgc.go:1695 +0x105

goroutine 121 gp=0x1bbac48285a0 m=nil [GC worker (idle)]:
runtime.gopark(0x0?, 0x0?, 0x0?, 0x0?, 0x0?)
	/usr/lib/golang/src/runtime/proc.go:462 +0xce fp=0x1bbac4825740 sp=0x1bbac4825720 pc=0x561715f510ae
runtime.gcBgMarkWorker(0x1bbac421a1c0)
	/usr/lib/golang/src/runtime/mgc.go:1791 +0xeb fp=0x1bbac48257c8 sp=0x1bbac4825740 pc=0x561715ef992b
runtime.gcBgMarkStartWorkers.gowrap1()
	/usr/lib/golang/src/runtime/mgc.go:1695 +0x17 fp=0x1bbac48257e0 sp=0x1bbac48257c8 pc=0x561715ef9817
runtime.goexit({})
	/usr/lib/golang/src/runtime/asm_amd64.s:1771 +0x1 fp=0x1bbac48257e8 sp=0x1bbac48257e0 pc=0x561715f58b41
created by runtime.gcBgMarkStartWorkers in goroutine 1
	/usr/lib/golang/src/runtime/mgc.go:1695 +0x105

goroutine 122 gp=0x1bbac4828780 m=nil [GC worker (idle)]:
runtime.gopark(0x0?, 0x0?, 0x0?, 0x0?, 0x0?)
	/usr/lib/golang/src/runtime/proc.go:462 +0xce fp=0x1bbac4825f40 sp=0x1bbac4825f20 pc=0x561715f510ae
runtime.gcBgMarkWorker(0x1bbac421a1c0)
	/usr/lib/golang/src/runtime/mgc.go:1791 +0xeb fp=0x1bbac4825fc8 sp=0x1bbac4825f40 pc=0x561715ef992b
runtime.gcBgMarkStartWorkers.gowrap1()
	/usr/lib/golang/src/runtime/mgc.go:1695 +0x17 fp=0x1bbac4825fe0 sp=0x1bbac4825fc8 pc=0x561715ef9817
runtime.goexit({})
	/usr/lib/golang/src/runtime/asm_amd64.s:1771 +0x1 fp=0x1bbac4825fe8 sp=0x1bbac4825fe0 pc=0x561715f58b41
created by runtime.gcBgMarkStartWorkers in goroutine 1
	/usr/lib/golang/src/runtime/mgc.go:1695 +0x105

goroutine 123 gp=0x1bbac4828960 m=nil [GC worker (idle)]:
runtime.gopark(0x0?, 0x0?, 0x0?, 0x0?, 0x0?)
	/usr/lib/golang/src/runtime/proc.go:462 +0xce fp=0x1bbac481e740 sp=0x1bbac481e720 pc=0x561715f510ae
runtime.gcBgMarkWorker(0x1bbac421a1c0)
	/usr/lib/golang/src/runtime/mgc.go:1791 +0xeb fp=0x1bbac481e7c8 sp=0x1bbac481e740 pc=0x561715ef992b
runtime.gcBgMarkStartWorkers.gowrap1()
	/usr/lib/golang/src/runtime/mgc.go:1695 +0x17 fp=0x1bbac481e7e0 sp=0x1bbac481e7c8 pc=0x561715ef9817
runtime.goexit({})
	/usr/lib/golang/src/runtime/asm_amd64.s:1771 +0x1 fp=0x1bbac481e7e8 sp=0x1bbac481e7e0 pc=0x561715f58b41
created by runtime.gcBgMarkStartWorkers in goroutine 1
	/usr/lib/golang/src/runtime/mgc.go:1695 +0x105

goroutine 124 gp=0x1bbac4828b40 m=nil [GC worker (idle)]:
runtime.gopark(0x0?, 0x0?, 0x0?, 0x0?, 0x0?)
	/usr/lib/golang/src/runtime/proc.go:462 +0xce fp=0x1bbac481ef40 sp=0x1bbac481ef20 pc=0x561715f510ae
runtime.gcBgMarkWorker(0x1bbac421a1c0)
	/usr/lib/golang/src/runtime/mgc.go:1791 +0xeb fp=0x1bbac481efc8 sp=0x1bbac481ef40 pc=0x561715ef992b
runtime.gcBgMarkStartWorkers.gowrap1()
	/usr/lib/golang/src/runtime/mgc.go:1695 +0x17 fp=0x1bbac481efe0 sp=0x1bbac481efc8 pc=0x561715ef9817
runtime.goexit({})
	/usr/lib/golang/src/runtime/asm_amd64.s:1771 +0x1 fp=0x1bbac481efe8 sp=0x1bbac481efe0 pc=0x561715f58b41
created by runtime.gcBgMarkStartWorkers in goroutine 1
	/usr/lib/golang/src/runtime/mgc.go:1695 +0x105

goroutine 125 gp=0x1bbac4828d20 m=nil [GC worker (idle)]:
runtime.gopark(0x0?, 0x0?, 0x0?, 0x0?, 0x0?)
	/usr/lib/golang/src/runtime/proc.go:462 +0xce fp=0x1bbac481f740 sp=0x1bbac481f720 pc=0x561715f510ae
runtime.gcBgMarkWorker(0x1bbac421a1c0)
	/usr/lib/golang/src/runtime/mgc.go:1791 +0xeb fp=0x1bbac481f7c8 sp=0x1bbac481f740 pc=0x561715ef992b
runtime.gcBgMarkStartWorkers.gowrap1()
	/usr/lib/golang/src/runtime/mgc.go:1695 +0x17 fp=0x1bbac481f7e0 sp=0x1bbac481f7c8 pc=0x561715ef9817
runtime.goexit({})
	/usr/lib/golang/src/runtime/asm_amd64.s:1771 +0x1 fp=0x1bbac481f7e8 sp=0x1bbac481f7e0 pc=0x561715f58b41
created by runtime.gcBgMarkStartWorkers in goroutine 1
	/usr/lib/golang/src/runtime/mgc.go:1695 +0x105

goroutine 126 gp=0x1bbac4828f00 m=nil [GC worker (idle)]:
runtime.gopark(0x0?, 0x0?, 0x0?, 0x0?, 0x0?)
	/usr/lib/golang/src/runtime/proc.go:462 +0xce fp=0x1bbac481ff40 sp=0x1bbac481ff20 pc=0x561715f510ae
runtime.gcBgMarkWorker(0x1bbac421a1c0)
	/usr/lib/golang/src/runtime/mgc.go:1791 +0xeb fp=0x1bbac481ffc8 sp=0x1bbac481ff40 pc=0x561715ef992b
runtime.gcBgMarkStartWorkers.gowrap1()
	/usr/lib/golang/src/runtime/mgc.go:1695 +0x17 fp=0x1bbac481ffe0 sp=0x1bbac481ffc8 pc=0x561715ef9817
runtime.goexit({})
	/usr/lib/golang/src/runtime/asm_amd64.s:1771 +0x1 fp=0x1bbac481ffe8 sp=0x1bbac481ffe0 pc=0x561715f58b41
created by runtime.gcBgMarkStartWorkers in goroutine 1
	/usr/lib/golang/src/runtime/mgc.go:1695 +0x105

goroutine 127 gp=0x1bbac48290e0 m=nil [GC worker (idle)]:
runtime.gopark(0x0?, 0x0?, 0x0?, 0x0?, 0x0?)
	/usr/lib/golang/src/runtime/proc.go:462 +0xce fp=0x1bbac4820740 sp=0x1bbac4820720 pc=0x561715f510ae
runtime.gcBgMarkWorker(0x1bbac421a1c0)
	/usr/lib/golang/src/runtime/mgc.go:1791 +0xeb fp=0x1bbac48207c8 sp=0x1bbac4820740 pc=0x561715ef992b
runtime.gcBgMarkStartWorkers.gowrap1()
	/usr/lib/golang/src/runtime/mgc.go:1695 +0x17 fp=0x1bbac48207e0 sp=0x1bbac48207c8 pc=0x561715ef9817
runtime.goexit({})
	/usr/lib/golang/src/runtime/asm_amd64.s:1771 +0x1 fp=0x1bbac48207e8 sp=0x1bbac48207e0 pc=0x561715f58b41
created by runtime.gcBgMarkStartWorkers in goroutine 1
	/usr/lib/golang/src/runtime/mgc.go:1695 +0x105

goroutine 128 gp=0x1bbac48292c0 m=nil [GC worker (idle)]:
runtime.gopark(0x0?, 0x0?, 0x0?, 0x0?, 0x0?)
	/usr/lib/golang/src/runtime/proc.go:462 +0xce fp=0x1bbac4820f40 sp=0x1bbac4820f20 pc=0x561715f510ae
runtime.gcBgMarkWorker(0x1bbac421a1c0)
	/usr/lib/golang/src/runtime/mgc.go:1791 +0xeb fp=0x1bbac4820fc8 sp=0x1bbac4820f40 pc=0x561715ef992b
runtime.gcBgMarkStartWorkers.gowrap1()
	/usr/lib/golang/src/runtime/mgc.go:1695 +0x17 fp=0x1bbac4820fe0 sp=0x1bbac4820fc8 pc=0x561715ef9817
runtime.goexit({})
	/usr/lib/golang/src/runtime/asm_amd64.s:1771 +0x1 fp=0x1bbac4820fe8 sp=0x1bbac4820fe0 pc=0x561715f58b41
created by runtime.gcBgMarkStartWorkers in goroutine 1
	/usr/lib/golang/src/runtime/mgc.go:1695 +0x105

goroutine 129 gp=0x1bbac48294a0 m=nil [GC worker (idle)]:
runtime.gopark(0x0?, 0x0?, 0x0?, 0x0?, 0x0?)
	/usr/lib/golang/src/runtime/proc.go:462 +0xce fp=0x1bbac4821740 sp=0x1bbac4821720 pc=0x561715f510ae
runtime.gcBgMarkWorker(0x1bbac421a1c0)
	/usr/lib/golang/src/runtime/mgc.go:1791 +0xeb fp=0x1bbac48217c8 sp=0x1bbac4821740 pc=0x561715ef992b
runtime.gcBgMarkStartWorkers.gowrap1()
	/usr/lib/golang/src/runtime/mgc.go:1695 +0x17 fp=0x1bbac48217e0 sp=0x1bbac48217c8 pc=0x561715ef9817
runtime.goexit({})
	/usr/lib/golang/src/runtime/asm_amd64.s:1771 +0x1 fp=0x1bbac48217e8 sp=0x1bbac48217e0 pc=0x561715f58b41
created by runtime.gcBgMarkStartWorkers in goroutine 1
	/usr/lib/golang/src/runtime/mgc.go:1695 +0x105

goroutine 162 gp=0x1bbac4829680 m=nil [GC worker (idle)]:
runtime.gopark(0x0?, 0x0?, 0x0?, 0x0?, 0x0?)
	/usr/lib/golang/src/runtime/proc.go:462 +0xce fp=0x1bbac4821f40 sp=0x1bbac4821f20 pc=0x561715f510ae
runtime.gcBgMarkWorker(0x1bbac421a1c0)
	/usr/lib/golang/src/runtime/mgc.go:1791 +0xeb fp=0x1bbac4821fc8 sp=0x1bbac4821f40 pc=0x561715ef992b
runtime.gcBgMarkStartWorkers.gowrap1()
	/usr/lib/golang/src/runtime/mgc.go:1695 +0x17 fp=0x1bbac4821fe0 sp=0x1bbac4821fc8 pc=0x561715ef9817
runtime.goexit({})
	/usr/lib/golang/src/runtime/asm_amd64.s:1771 +0x1 fp=0x1bbac4821fe8 sp=0x1bbac4821fe0 pc=0x561715f58b41
created by runtime.gcBgMarkStartWorkers in goroutine 1
	/usr/lib/golang/src/runtime/mgc.go:1695 +0x105

goroutine 163 gp=0x1bbac4829860 m=nil [GC worker (idle)]:
runtime.gopark(0x0?, 0x0?, 0x0?, 0x0?, 0x0?)
	/usr/lib/golang/src/runtime/proc.go:462 +0xce fp=0x1bbac4830740 sp=0x1bbac4830720 pc=0x561715f510ae
runtime.gcBgMarkWorker(0x1bbac421a1c0)
	/usr/lib/golang/src/runtime/mgc.go:1791 +0xeb fp=0x1bbac48307c8 sp=0x1bbac4830740 pc=0x561715ef992b
runtime.gcBgMarkStartWorkers.gowrap1()
	/usr/lib/golang/src/runtime/mgc.go:1695 +0x17 fp=0x1bbac48307e0 sp=0x1bbac48307c8 pc=0x561715ef9817
runtime.goexit({})
	/usr/lib/golang/src/runtime/asm_amd64.s:1771 +0x1 fp=0x1bbac48307e8 sp=0x1bbac48307e0 pc=0x561715f58b41
created by runtime.gcBgMarkStartWorkers in goroutine 1
	/usr/lib/golang/src/runtime/mgc.go:1695 +0x105

goroutine 164 gp=0x1bbac4829a40 m=nil [GC worker (idle)]:
runtime.gopark(0x0?, 0x0?, 0x0?, 0x0?, 0x0?)
	/usr/lib/golang/src/runtime/proc.go:462 +0xce fp=0x1bbac4830f40 sp=0x1bbac4830f20 pc=0x561715f510ae
runtime.gcBgMarkWorker(0x1bbac421a1c0)
	/usr/lib/golang/src/runtime/mgc.go:1791 +0xeb fp=0x1bbac4830fc8 sp=0x1bbac4830f40 pc=0x561715ef992b
runtime.gcBgMarkStartWorkers.gowrap1()
	/usr/lib/golang/src/runtime/mgc.go:1695 +0x17 fp=0x1bbac4830fe0 sp=0x1bbac4830fc8 pc=0x561715ef9817
runtime.goexit({})
	/usr/lib/golang/src/runtime/asm_amd64.s:1771 +0x1 fp=0x1bbac4830fe8 sp=0x1bbac4830fe0 pc=0x561715f58b41
created by runtime.gcBgMarkStartWorkers in goroutine 1
	/usr/lib/golang/src/runtime/mgc.go:1695 +0x105

goroutine 165 gp=0x1bbac4829c20 m=nil [GC worker (idle)]:
runtime.gopark(0x0?, 0x0?, 0x0?, 0x0?, 0x0?)
	/usr/lib/golang/src/runtime/proc.go:462 +0xce fp=0x1bbac4831740 sp=0x1bbac4831720 pc=0x561715f510ae
runtime.gcBgMarkWorker(0x1bbac421a1c0)
	/usr/lib/golang/src/runtime/mgc.go:1791 +0xeb fp=0x1bbac48317c8 sp=0x1bbac4831740 pc=0x561715ef992b
runtime.gcBgMarkStartWorkers.gowrap1()
	/usr/lib/golang/src/runtime/mgc.go:1695 +0x17 fp=0x1bbac48317e0 sp=0x1bbac48317c8 pc=0x561715ef9817
runtime.goexit({})
	/usr/lib/golang/src/runtime/asm_amd64.s:1771 +0x1 fp=0x1bbac48317e8 sp=0x1bbac48317e0 pc=0x561715f58b41
created by runtime.gcBgMarkStartWorkers in goroutine 1
	/usr/lib/golang/src/runtime/mgc.go:1695 +0x105

goroutine 148 gp=0x1bbac47ba780 m=nil [GC worker (idle)]:
runtime.gopark(0x0?, 0x0?, 0x0?, 0x0?, 0x0?)
	/usr/lib/golang/src/runtime/proc.go:462 +0xce fp=0x1bbac47b1740 sp=0x1bbac47b1720 pc=0x561715f510ae
runtime.gcBgMarkWorker(0x1bbac421a1c0)
	/usr/lib/golang/src/runtime/mgc.go:1791 +0xeb fp=0x1bbac47b17c8 sp=0x1bbac47b1740 pc=0x561715ef992b
runtime.gcBgMarkStartWorkers.gowrap1()
	/usr/lib/golang/src/runtime/mgc.go:1695 +0x17 fp=0x1bbac47b17e0 sp=0x1bbac47b17c8 pc=0x561715ef9817
runtime.goexit({})
	/usr/lib/golang/src/runtime/asm_amd64.s:1771 +0x1 fp=0x1bbac47b17e8 sp=0x1bbac47b17e0 pc=0x561715f58b41
created by runtime.gcBgMarkStartWorkers in goroutine 1
	/usr/lib/golang/src/runtime/mgc.go:1695 +0x105

goroutine 149 gp=0x1bbac47ba960 m=nil [GC worker (idle)]:
runtime.gopark(0x0?, 0x0?, 0x0?, 0x0?, 0x0?)
	/usr/lib/golang/src/runtime/proc.go:462 +0xce fp=0x1bbac47b1f40 sp=0x1bbac47b1f20 pc=0x561715f510ae
runtime.gcBgMarkWorker(0x1bbac421a1c0)
	/usr/lib/golang/src/runtime/mgc.go:1791 +0xeb fp=0x1bbac47b1fc8 sp=0x1bbac47b1f40 pc=0x561715ef992b
runtime.gcBgMarkStartWorkers.gowrap1()
	/usr/lib/golang/src/runtime/mgc.go:1695 +0x17 fp=0x1bbac47b1fe0 sp=0x1bbac47b1fc8 pc=0x561715ef9817
runtime.goexit({})
	/usr/lib/golang/src/runtime/asm_amd64.s:1771 +0x1 fp=0x1bbac47b1fe8 sp=0x1bbac47b1fe0 pc=0x561715f58b41
created by runtime.gcBgMarkStartWorkers in goroutine 1
	/usr/lib/golang/src/runtime/mgc.go:1695 +0x105

goroutine 150 gp=0x1bbac47bab40 m=nil [GC worker (idle)]:
runtime.gopark(0x0?, 0x0?, 0x0?, 0x0?, 0x0?)
	/usr/lib/golang/src/runtime/proc.go:462 +0xce fp=0x1bbac47b2740 sp=0x1bbac47b2720 pc=0x561715f510ae
runtime.gcBgMarkWorker(0x1bbac421a1c0)
	/usr/lib/golang/src/runtime/mgc.go:1791 +0xeb fp=0x1bbac47b27c8 sp=0x1bbac47b2740 pc=0x561715ef992b
runtime.gcBgMarkStartWorkers.gowrap1()
	/usr/lib/golang/src/runtime/mgc.go:1695 +0x17 fp=0x1bbac47b27e0 sp=0x1bbac47b27c8 pc=0x561715ef9817
runtime.goexit({})
	/usr/lib/golang/src/runtime/asm_amd64.s:1771 +0x1 fp=0x1bbac47b27e8 sp=0x1bbac47b27e0 pc=0x561715f58b41
created by runtime.gcBgMarkStartWorkers in goroutine 1
	/usr/lib/golang/src/runtime/mgc.go:1695 +0x105

goroutine 106 gp=0x1bbac4892f00 m=nil [GC worker (idle)]:
runtime.gopark(0x0?, 0x0?, 0x0?, 0x0?, 0x0?)
	/usr/lib/golang/src/runtime/proc.go:462 +0xce fp=0x1bbac482c740 sp=0x1bbac482c720 pc=0x561715f510ae
runtime.gcBgMarkWorker(0x1bbac421a1c0)
	/usr/lib/golang/src/runtime/mgc.go:1791 +0xeb fp=0x1bbac482c7c8 sp=0x1bbac482c740 pc=0x561715ef992b
runtime.gcBgMarkStartWorkers.gowrap1()
	/usr/lib/golang/src/runtime/mgc.go:1695 +0x17 fp=0x1bbac482c7e0 sp=0x1bbac482c7c8 pc=0x561715ef9817
runtime.goexit({})
	/usr/lib/golang/src/runtime/asm_amd64.s:1771 +0x1 fp=0x1bbac482c7e8 sp=0x1bbac482c7e0 pc=0x561715f58b41
created by runtime.gcBgMarkStartWorkers in goroutine 1
	/usr/lib/golang/src/runtime/mgc.go:1695 +0x105

goroutine 151 gp=0x1bbac47bad20 m=nil [GC worker (idle)]:
runtime.gopark(0x0?, 0x0?, 0x0?, 0x0?, 0x0?)
	/usr/lib/golang/src/runtime/proc.go:462 +0xce fp=0x1bbac47b2f40 sp=0x1bbac47b2f20 pc=0x561715f510ae
runtime.gcBgMarkWorker(0x1bbac421a1c0)
	/usr/lib/golang/src/runtime/mgc.go:1791 +0xeb fp=0x1bbac47b2fc8 sp=0x1bbac47b2f40 pc=0x561715ef992b
runtime.gcBgMarkStartWorkers.gowrap1()
	/usr/lib/golang/src/runtime/mgc.go:1695 +0x17 fp=0x1bbac47b2fe0 sp=0x1bbac47b2fc8 pc=0x561715ef9817
runtime.goexit({})
	/usr/lib/golang/src/runtime/asm_amd64.s:1771 +0x1 fp=0x1bbac47b2fe8 sp=0x1bbac47b2fe0 pc=0x561715f58b41
created by runtime.gcBgMarkStartWorkers in goroutine 1
	/usr/lib/golang/src/runtime/mgc.go:1695 +0x105

goroutine 152 gp=0x1bbac47baf00 m=nil [GC worker (idle)]:
runtime.gopark(0x0?, 0x0?, 0x0?, 0x0?, 0x0?)
	/usr/lib/golang/src/runtime/proc.go:462 +0xce fp=0x1bbac47b3740 sp=0x1bbac47b3720 pc=0x561715f510ae
runtime.gcBgMarkWorker(0x1bbac421a1c0)
	/usr/lib/golang/src/runtime/mgc.go:1791 +0xeb fp=0x1bbac47b37c8 sp=0x1bbac47b3740 pc=0x561715ef992b
runtime.gcBgMarkStartWorkers.gowrap1()
	/usr/lib/golang/src/runtime/mgc.go:1695 +0x17 fp=0x1bbac47b37e0 sp=0x1bbac47b37c8 pc=0x561715ef9817
runtime.goexit({})
	/usr/lib/golang/src/runtime/asm_amd64.s:1771 +0x1 fp=0x1bbac47b37e8 sp=0x1bbac47b37e0 pc=0x561715f58b41
created by runtime.gcBgMarkStartWorkers in goroutine 1
	/usr/lib/golang/src/runtime/mgc.go:1695 +0x105

goroutine 153 gp=0x1bbac47bb0e0 m=nil [GC worker (idle)]:
runtime.gopark(0x0?, 0x0?, 0x0?, 0x0?, 0x0?)
	/usr/lib/golang/src/runtime/proc.go:462 +0xce fp=0x1bbac47b3f40 sp=0x1bbac47b3f20 pc=0x561715f510ae
runtime.gcBgMarkWorker(0x1bbac421a1c0)
	/usr/lib/golang/src/runtime/mgc.go:1791 +0xeb fp=0x1bbac47b3fc8 sp=0x1bbac47b3f40 pc=0x561715ef992b
runtime.gcBgMarkStartWorkers.gowrap1()
	/usr/lib/golang/src/runtime/mgc.go:1695 +0x17 fp=0x1bbac47b3fe0 sp=0x1bbac47b3fc8 pc=0x561715ef9817
runtime.goexit({})
	/usr/lib/golang/src/runtime/asm_amd64.s:1771 +0x1 fp=0x1bbac47b3fe8 sp=0x1bbac47b3fe0 pc=0x561715f58b41
created by runtime.gcBgMarkStartWorkers in goroutine 1
	/usr/lib/golang/src/runtime/mgc.go:1695 +0x105

goroutine 154 gp=0x1bbac47bb2c0 m=nil [GC worker (idle)]:
runtime.gopark(0x0?, 0x0?, 0x0?, 0x0?, 0x0?)
	/usr/lib/golang/src/runtime/proc.go:462 +0xce fp=0x1bbac47c4740 sp=0x1bbac47c4720 pc=0x561715f510ae
runtime.gcBgMarkWorker(0x1bbac421a1c0)
	/usr/lib/golang/src/runtime/mgc.go:1791 +0xeb fp=0x1bbac47c47c8 sp=0x1bbac47c4740 pc=0x561715ef992b
runtime.gcBgMarkStartWorkers.gowrap1()
	/usr/lib/golang/src/runtime/mgc.go:1695 +0x17 fp=0x1bbac47c47e0 sp=0x1bbac47c47c8 pc=0x561715ef9817
runtime.goexit({})
	/usr/lib/golang/src/runtime/asm_amd64.s:1771 +0x1 fp=0x1bbac47c47e8 sp=0x1bbac47c47e0 pc=0x561715f58b41
created by runtime.gcBgMarkStartWorkers in goroutine 1
	/usr/lib/golang/src/runtime/mgc.go:1695 +0x105

goroutine 155 gp=0x1bbac47bb4a0 m=nil [GC worker (idle)]:
runtime.gopark(0x0?, 0x0?, 0x0?, 0x0?, 0x0?)
	/usr/lib/golang/src/runtime/proc.go:462 +0xce fp=0x1bbac47c4f40 sp=0x1bbac47c4f20 pc=0x561715f510ae
runtime.gcBgMarkWorker(0x1bbac421a1c0)
	/usr/lib/golang/src/runtime/mgc.go:1791 +0xeb fp=0x1bbac47c4fc8 sp=0x1bbac47c4f40 pc=0x561715ef992b
runtime.gcBgMarkStartWorkers.gowrap1()
	/usr/lib/golang/src/runtime/mgc.go:1695 +0x17 fp=0x1bbac47c4fe0 sp=0x1bbac47c4fc8 pc=0x561715ef9817
runtime.goexit({})
	/usr/lib/golang/src/runtime/asm_amd64.s:1771 +0x1 fp=0x1bbac47c4fe8 sp=0x1bbac47c4fe0 pc=0x561715f58b41
created by runtime.gcBgMarkStartWorkers in goroutine 1
	/usr/lib/golang/src/runtime/mgc.go:1695 +0x105

goroutine 166 gp=0x1bbac4834000 m=nil [GC worker (idle)]:
runtime.gopark(0x0?, 0x0?, 0x0?, 0x0?, 0x0?)
	/usr/lib/golang/src/runtime/proc.go:462 +0xce fp=0x1bbac4831f40 sp=0x1bbac4831f20 pc=0x561715f510ae
runtime.gcBgMarkWorker(0x1bbac421a1c0)
	/usr/lib/golang/src/runtime/mgc.go:1791 +0xeb fp=0x1bbac4831fc8 sp=0x1bbac4831f40 pc=0x561715ef992b
runtime.gcBgMarkStartWorkers.gowrap1()
	/usr/lib/golang/src/runtime/mgc.go:1695 +0x17 fp=0x1bbac4831fe0 sp=0x1bbac4831fc8 pc=0x561715ef9817
runtime.goexit({})
	/usr/lib/golang/src/runtime/asm_amd64.s:1771 +0x1 fp=0x1bbac4831fe8 sp=0x1bbac4831fe0 pc=0x561715f58b41
created by runtime.gcBgMarkStartWorkers in goroutine 1
	/usr/lib/golang/src/runtime/mgc.go:1695 +0x105

goroutine 107 gp=0x1bbac48930e0 m=nil [GC worker (idle)]:
runtime.gopark(0x0?, 0x0?, 0x0?, 0x0?, 0x0?)
	/usr/lib/golang/src/runtime/proc.go:462 +0xce fp=0x1bbac482cf40 sp=0x1bbac482cf20 pc=0x561715f510ae
runtime.gcBgMarkWorker(0x1bbac421a1c0)
	/usr/lib/golang/src/runtime/mgc.go:1791 +0xeb fp=0x1bbac482cfc8 sp=0x1bbac482cf40 pc=0x561715ef992b
runtime.gcBgMarkStartWorkers.gowrap1()
	/usr/lib/golang/src/runtime/mgc.go:1695 +0x17 fp=0x1bbac482cfe0 sp=0x1bbac482cfc8 pc=0x561715ef9817
runtime.goexit({})
	/usr/lib/golang/src/runtime/asm_amd64.s:1771 +0x1 fp=0x1bbac482cfe8 sp=0x1bbac482cfe0 pc=0x561715f58b41
created by runtime.gcBgMarkStartWorkers in goroutine 1
	/usr/lib/golang/src/runtime/mgc.go:1695 +0x105

goroutine 156 gp=0x1bbac47bb680 m=nil [GC worker (idle)]:
runtime.gopark(0x0?, 0x0?, 0x0?, 0x0?, 0x0?)
	/usr/lib/golang/src/runtime/proc.go:462 +0xce fp=0x1bbac47c5740 sp=0x1bbac47c5720 pc=0x561715f510ae
runtime.gcBgMarkWorker(0x1bbac421a1c0)
	/usr/lib/golang/src/runtime/mgc.go:1791 +0xeb fp=0x1bbac47c57c8 sp=0x1bbac47c5740 pc=0x561715ef992b
runtime.gcBgMarkStartWorkers.gowrap1()
	/usr/lib/golang/src/runtime/mgc.go:1695 +0x17 fp=0x1bbac47c57e0 sp=0x1bbac47c57c8 pc=0x561715ef9817
runtime.goexit({})
	/usr/lib/golang/src/runtime/asm_amd64.s:1771 +0x1 fp=0x1bbac47c57e8 sp=0x1bbac47c57e0 pc=0x561715f58b41
created by runtime.gcBgMarkStartWorkers in goroutine 1
	/usr/lib/golang/src/runtime/mgc.go:1695 +0x105

goroutine 108 gp=0x1bbac48932c0 m=nil [GC worker (idle)]:
runtime.gopark(0x0?, 0x0?, 0x0?, 0x0?, 0x0?)
	/usr/lib/golang/src/runtime/proc.go:462 +0xce fp=0x1bbac482d740 sp=0x1bbac482d720 pc=0x561715f510ae
runtime.gcBgMarkWorker(0x1bbac421a1c0)
	/usr/lib/golang/src/runtime/mgc.go:1791 +0xeb fp=0x1bbac482d7c8 sp=0x1bbac482d740 pc=0x561715ef992b
runtime.gcBgMarkStartWorkers.gowrap1()
	/usr/lib/golang/src/runtime/mgc.go:1695 +0x17 fp=0x1bbac482d7e0 sp=0x1bbac482d7c8 pc=0x561715ef9817
runtime.goexit({})
	/usr/lib/golang/src/runtime/asm_amd64.s:1771 +0x1 fp=0x1bbac482d7e8 sp=0x1bbac482d7e0 pc=0x561715f58b41
created by runtime.gcBgMarkStartWorkers in goroutine 1
	/usr/lib/golang/src/runtime/mgc.go:1695 +0x105

goroutine 109 gp=0x1bbac48934a0 m=nil [GC worker (idle)]:
runtime.gopark(0x0?, 0x0?, 0x0?, 0x0?, 0x0?)
	/usr/lib/golang/src/runtime/proc.go:462 +0xce fp=0x1bbac482df40 sp=0x1bbac482df20 pc=0x561715f510ae
runtime.gcBgMarkWorker(0x1bbac421a1c0)
	/usr/lib/golang/src/runtime/mgc.go:1791 +0xeb fp=0x1bbac482dfc8 sp=0x1bbac482df40 pc=0x561715ef992b
runtime.gcBgMarkStartWorkers.gowrap1()
	/usr/lib/golang/src/runtime/mgc.go:1695 +0x17 fp=0x1bbac482dfe0 sp=0x1bbac482dfc8 pc=0x561715ef9817
runtime.goexit({})
	/usr/lib/golang/src/runtime/asm_amd64.s:1771 +0x1 fp=0x1bbac482dfe8 sp=0x1bbac482dfe0 pc=0x561715f58b41
created by runtime.gcBgMarkStartWorkers in goroutine 1
	/usr/lib/golang/src/runtime/mgc.go:1695 +0x105

goroutine 167 gp=0x1bbac48341e0 m=nil [GC worker (idle)]:
runtime.gopark(0x0?, 0x0?, 0x0?, 0x0?, 0x0?)
	/usr/lib/golang/src/runtime/proc.go:462 +0xce fp=0x1bbac4832740 sp=0x1bbac4832720 pc=0x561715f510ae
runtime.gcBgMarkWorker(0x1bbac421a1c0)
	/usr/lib/golang/src/runtime/mgc.go:1791 +0xeb fp=0x1bbac48327c8 sp=0x1bbac4832740 pc=0x561715ef992b
runtime.gcBgMarkStartWorkers.gowrap1()
	/usr/lib/golang/src/runtime/mgc.go:1695 +0x17 fp=0x1bbac48327e0 sp=0x1bbac48327c8 pc=0x561715ef9817
runtime.goexit({})
	/usr/lib/golang/src/runtime/asm_amd64.s:1771 +0x1 fp=0x1bbac48327e8 sp=0x1bbac48327e0 pc=0x561715f58b41
created by runtime.gcBgMarkStartWorkers in goroutine 1
	/usr/lib/golang/src/runtime/mgc.go:1695 +0x105

goroutine 157 gp=0x1bbac47bbc20 m=nil [GC worker (idle)]:
runtime.gopark(0x0?, 0x0?, 0x0?, 0x0?, 0x0?)
	/usr/lib/golang/src/runtime/proc.go:462 +0xce fp=0x1bbac47c5f40 sp=0x1bbac47c5f20 pc=0x561715f510ae
runtime.gcBgMarkWorker(0x1bbac421a1c0)
	/usr/lib/golang/src/runtime/mgc.go:1791 +0xeb fp=0x1bbac47c5fc8 sp=0x1bbac47c5f40 pc=0x561715ef992b
runtime.gcBgMarkStartWorkers.gowrap1()
	/usr/lib/golang/src/runtime/mgc.go:1695 +0x17 fp=0x1bbac47c5fe0 sp=0x1bbac47c5fc8 pc=0x561715ef9817
runtime.goexit({})
	/usr/lib/golang/src/runtime/asm_amd64.s:1771 +0x1 fp=0x1bbac47c5fe8 sp=0x1bbac47c5fe0 pc=0x561715f58b41
created by runtime.gcBgMarkStartWorkers in goroutine 1
	/usr/lib/golang/src/runtime/mgc.go:1695 +0x105

goroutine 158 gp=0x1bbac47d2000 m=nil [GC worker (idle)]:
runtime.gopark(0x0?, 0x0?, 0x0?, 0x0?, 0x0?)
	/usr/lib/golang/src/runtime/proc.go:462 +0xce fp=0x1bbac47c6740 sp=0x1bbac47c6720 pc=0x561715f510ae
runtime.gcBgMarkWorker(0x1bbac421a1c0)
	/usr/lib/golang/src/runtime/mgc.go:1791 +0xeb fp=0x1bbac47c67c8 sp=0x1bbac47c6740 pc=0x561715ef992b
runtime.gcBgMarkStartWorkers.gowrap1()
	/usr/lib/golang/src/runtime/mgc.go:1695 +0x17 fp=0x1bbac47c67e0 sp=0x1bbac47c67c8 pc=0x561715ef9817
runtime.goexit({})
	/usr/lib/golang/src/runtime/asm_amd64.s:1771 +0x1 fp=0x1bbac47c67e8 sp=0x1bbac47c67e0 pc=0x561715f58b41
created by runtime.gcBgMarkStartWorkers in goroutine 1
	/usr/lib/golang/src/runtime/mgc.go:1695 +0x105

goroutine 159 gp=0x1bbac47d21e0 m=nil [GC worker (idle)]:
runtime.gopark(0x0?, 0x0?, 0x0?, 0x0?, 0x0?)
	/usr/lib/golang/src/runtime/proc.go:462 +0xce fp=0x1bbac47c6f40 sp=0x1bbac47c6f20 pc=0x561715f510ae
runtime.gcBgMarkWorker(0x1bbac421a1c0)
	/usr/lib/golang/src/runtime/mgc.go:1791 +0xeb fp=0x1bbac47c6fc8 sp=0x1bbac47c6f40 pc=0x561715ef992b
runtime.gcBgMarkStartWorkers.gowrap1()
	/usr/lib/golang/src/runtime/mgc.go:1695 +0x17 fp=0x1bbac47c6fe0 sp=0x1bbac47c6fc8 pc=0x561715ef9817
runtime.goexit({})
	/usr/lib/golang/src/runtime/asm_amd64.s:1771 +0x1 fp=0x1bbac47c6fe8 sp=0x1bbac47c6fe0 pc=0x561715f58b41
created by runtime.gcBgMarkStartWorkers in goroutine 1
	/usr/lib/golang/src/runtime/mgc.go:1695 +0x105

goroutine 160 gp=0x1bbac47d23c0 m=nil [GC worker (idle)]:
runtime.gopark(0x0?, 0x0?, 0x0?, 0x0?, 0x0?)
	/usr/lib/golang/src/runtime/proc.go:462 +0xce fp=0x1bbac47c7740 sp=0x1bbac47c7720 pc=0x561715f510ae
runtime.gcBgMarkWorker(0x1bbac421a1c0)
	/usr/lib/golang/src/runtime/mgc.go:1791 +0xeb fp=0x1bbac47c77c8 sp=0x1bbac47c7740 pc=0x561715ef992b
runtime.gcBgMarkStartWorkers.gowrap1()
	/usr/lib/golang/src/runtime/mgc.go:1695 +0x17 fp=0x1bbac47c77e0 sp=0x1bbac47c77c8 pc=0x561715ef9817
runtime.goexit({})
	/usr/lib/golang/src/runtime/asm_amd64.s:1771 +0x1 fp=0x1bbac47c77e8 sp=0x1bbac47c77e0 pc=0x561715f58b41
created by runtime.gcBgMarkStartWorkers in goroutine 1
	/usr/lib/golang/src/runtime/mgc.go:1695 +0x105

goroutine 110 gp=0x1bbac4893680 m=nil [GC worker (idle)]:
runtime.gopark(0x0?, 0x0?, 0x0?, 0x0?, 0x0?)
	/usr/lib/golang/src/runtime/proc.go:462 +0xce fp=0x1bbac482e740 sp=0x1bbac482e720 pc=0x561715f510ae
runtime.gcBgMarkWorker(0x1bbac421a1c0)
	/usr/lib/golang/src/runtime/mgc.go:1791 +0xeb fp=0x1bbac482e7c8 sp=0x1bbac482e740 pc=0x561715ef992b
runtime.gcBgMarkStartWorkers.gowrap1()
	/usr/lib/golang/src/runtime/mgc.go:1695 +0x17 fp=0x1bbac482e7e0 sp=0x1bbac482e7c8 pc=0x561715ef9817
runtime.goexit({})
	/usr/lib/golang/src/runtime/asm_amd64.s:1771 +0x1 fp=0x1bbac482e7e8 sp=0x1bbac482e7e0 pc=0x561715f58b41
created by runtime.gcBgMarkStartWorkers in goroutine 1
	/usr/lib/golang/src/runtime/mgc.go:1695 +0x105

goroutine 161 gp=0x1bbac47d25a0 m=nil [GC worker (idle)]:
runtime.gopark(0x0?, 0x0?, 0x0?, 0x0?, 0x0?)
	/usr/lib/golang/src/runtime/proc.go:462 +0xce fp=0x1bbac47c7f40 sp=0x1bbac47c7f20 pc=0x561715f510ae
runtime.gcBgMarkWorker(0x1bbac421a1c0)
	/usr/lib/golang/src/runtime/mgc.go:1791 +0xeb fp=0x1bbac47c7fc8 sp=0x1bbac47c7f40 pc=0x561715ef992b
runtime.gcBgMarkStartWorkers.gowrap1()
	/usr/lib/golang/src/runtime/mgc.go:1695 +0x17 fp=0x1bbac47c7fe0 sp=0x1bbac47c7fc8 pc=0x561715ef9817
runtime.goexit({})
	/usr/lib/golang/src/runtime/asm_amd64.s:1771 +0x1 fp=0x1bbac47c7fe8 sp=0x1bbac47c7fe0 pc=0x561715f58b41
created by runtime.gcBgMarkStartWorkers in goroutine 1
	/usr/lib/golang/src/runtime/mgc.go:1695 +0x105

goroutine 111 gp=0x1bbac4893860 m=nil [GC worker (idle)]:
runtime.gopark(0x0?, 0x0?, 0x0?, 0x0?, 0x0?)
	/usr/lib/golang/src/runtime/proc.go:462 +0xce fp=0x1bbac482ef40 sp=0x1bbac482ef20 pc=0x561715f510ae
runtime.gcBgMarkWorker(0x1bbac421a1c0)
	/usr/lib/golang/src/runtime/mgc.go:1791 +0xeb fp=0x1bbac482efc8 sp=0x1bbac482ef40 pc=0x561715ef992b
runtime.gcBgMarkStartWorkers.gowrap1()
	/usr/lib/golang/src/runtime/mgc.go:1695 +0x17 fp=0x1bbac482efe0 sp=0x1bbac482efc8 pc=0x561715ef9817
runtime.goexit({})
	/usr/lib/golang/src/runtime/asm_amd64.s:1771 +0x1 fp=0x1bbac482efe8 sp=0x1bbac482efe0 pc=0x561715f58b41
created by runtime.gcBgMarkStartWorkers in goroutine 1
	/usr/lib/golang/src/runtime/mgc.go:1695 +0x105

goroutine 112 gp=0x1bbac4893a40 m=nil [GC worker (idle)]:
runtime.gopark(0x0?, 0x0?, 0x0?, 0x0?, 0x0?)
	/usr/lib/golang/src/runtime/proc.go:462 +0xce fp=0x1bbac482f740 sp=0x1bbac482f720 pc=0x561715f510ae
runtime.gcBgMarkWorker(0x1bbac421a1c0)
	/usr/lib/golang/src/runtime/mgc.go:1791 +0xeb fp=0x1bbac482f7c8 sp=0x1bbac482f740 pc=0x561715ef992b
runtime.gcBgMarkStartWorkers.gowrap1()
	/usr/lib/golang/src/runtime/mgc.go:1695 +0x17 fp=0x1bbac482f7e0 sp=0x1bbac482f7c8 pc=0x561715ef9817
runtime.goexit({})
	/usr/lib/golang/src/runtime/asm_amd64.s:1771 +0x1 fp=0x1bbac482f7e8 sp=0x1bbac482f7e0 pc=0x561715f58b41
created by runtime.gcBgMarkStartWorkers in goroutine 1
	/usr/lib/golang/src/runtime/mgc.go:1695 +0x105

goroutine 113 gp=0x1bbac4893c20 m=nil [GC worker (idle)]:
runtime.gopark(0x0?, 0x0?, 0x0?, 0x0?, 0x0?)
	/usr/lib/golang/src/runtime/proc.go:462 +0xce fp=0x1bbac482ff40 sp=0x1bbac482ff20 pc=0x561715f510ae
runtime.gcBgMarkWorker(0x1bbac421a1c0)
	/usr/lib/golang/src/runtime/mgc.go:1791 +0xeb fp=0x1bbac482ffc8 sp=0x1bbac482ff40 pc=0x561715ef992b
runtime.gcBgMarkStartWorkers.gowrap1()
	/usr/lib/golang/src/runtime/mgc.go:1695 +0x17 fp=0x1bbac482ffe0 sp=0x1bbac482ffc8 pc=0x561715ef9817
runtime.goexit({})
	/usr/lib/golang/src/runtime/asm_amd64.s:1771 +0x1 fp=0x1bbac482ffe8 sp=0x1bbac482ffe0 pc=0x561715f58b41
created by runtime.gcBgMarkStartWorkers in goroutine 1
	/usr/lib/golang/src/runtime/mgc.go:1695 +0x105

goroutine 178 gp=0x1bbac4896000 m=nil [GC worker (idle)]:
runtime.gopark(0x0?, 0x0?, 0x0?, 0x0?, 0x0?)
	/usr/lib/golang/src/runtime/proc.go:462 +0xce fp=0x1bbac47c0740 sp=0x1bbac47c0720 pc=0x561715f510ae
runtime.gcBgMarkWorker(0x1bbac421a1c0)
	/usr/lib/golang/src/runtime/mgc.go:1791 +0xeb fp=0x1bbac47c07c8 sp=0x1bbac47c0740 pc=0x561715ef992b
runtime.gcBgMarkStartWorkers.gowrap1()
	/usr/lib/golang/src/runtime/mgc.go:1695 +0x17 fp=0x1bbac47c07e0 sp=0x1bbac47c07c8 pc=0x561715ef9817
runtime.goexit({})
	/usr/lib/golang/src/runtime/asm_amd64.s:1771 +0x1 fp=0x1bbac47c07e8 sp=0x1bbac47c07e0 pc=0x561715f58b41
created by runtime.gcBgMarkStartWorkers in goroutine 1
	/usr/lib/golang/src/runtime/mgc.go:1695 +0x105

goroutine 179 gp=0x1bbac48961e0 m=nil [GC worker (idle)]:
runtime.gopark(0x0?, 0x0?, 0x0?, 0x0?, 0x0?)
	/usr/lib/golang/src/runtime/proc.go:462 +0xce fp=0x1bbac47c0f40 sp=0x1bbac47c0f20 pc=0x561715f510ae
runtime.gcBgMarkWorker(0x1bbac421a1c0)
	/usr/lib/golang/src/runtime/mgc.go:1791 +0xeb fp=0x1bbac47c0fc8 sp=0x1bbac47c0f40 pc=0x561715ef992b
runtime.gcBgMarkStartWorkers.gowrap1()
	/usr/lib/golang/src/runtime/mgc.go:1695 +0x17 fp=0x1bbac47c0fe0 sp=0x1bbac47c0fc8 pc=0x561715ef9817
runtime.goexit({})
	/usr/lib/golang/src/runtime/asm_amd64.s:1771 +0x1 fp=0x1bbac47c0fe8 sp=0x1bbac47c0fe0 pc=0x561715f58b41
created by runtime.gcBgMarkStartWorkers in goroutine 1
	/usr/lib/golang/src/runtime/mgc.go:1695 +0x105

goroutine 194 gp=0x1bbac47d2780 m=nil [GC worker (idle)]:
runtime.gopark(0x0?, 0x0?, 0x0?, 0x0?, 0x0?)
	/usr/lib/golang/src/runtime/proc.go:462 +0xce fp=0x1bbac47d8740 sp=0x1bbac47d8720 pc=0x561715f510ae
runtime.gcBgMarkWorker(0x1bbac421a1c0)
	/usr/lib/golang/src/runtime/mgc.go:1791 +0xeb fp=0x1bbac47d87c8 sp=0x1bbac47d8740 pc=0x561715ef992b
runtime.gcBgMarkStartWorkers.gowrap1()
	/usr/lib/golang/src/runtime/mgc.go:1695 +0x17 fp=0x1bbac47d87e0 sp=0x1bbac47d87c8 pc=0x561715ef9817
runtime.goexit({})
	/usr/lib/golang/src/runtime/asm_amd64.s:1771 +0x1 fp=0x1bbac47d87e8 sp=0x1bbac47d87e0 pc=0x561715f58b41
created by runtime.gcBgMarkStartWorkers in goroutine 1
	/usr/lib/golang/src/runtime/mgc.go:1695 +0x105

goroutine 195 gp=0x1bbac47d2960 m=nil [GC worker (idle)]:
runtime.gopark(0x0?, 0x0?, 0x0?, 0x0?, 0x0?)
	/usr/lib/golang/src/runtime/proc.go:462 +0xce fp=0x1bbac47d8f40 sp=0x1bbac47d8f20 pc=0x561715f510ae
runtime.gcBgMarkWorker(0x1bbac421a1c0)
	/usr/lib/golang/src/runtime/mgc.go:1791 +0xeb fp=0x1bbac47d8fc8 sp=0x1bbac47d8f40 pc=0x561715ef992b
runtime.gcBgMarkStartWorkers.gowrap1()
	/usr/lib/golang/src/runtime/mgc.go:1695 +0x17 fp=0x1bbac47d8fe0 sp=0x1bbac47d8fc8 pc=0x561715ef9817
runtime.goexit({})
	/usr/lib/golang/src/runtime/asm_amd64.s:1771 +0x1 fp=0x1bbac47d8fe8 sp=0x1bbac47d8fe0 pc=0x561715f58b41
created by runtime.gcBgMarkStartWorkers in goroutine 1
	/usr/lib/golang/src/runtime/mgc.go:1695 +0x105

goroutine 168 gp=0x1bbac48343c0 m=nil [GC worker (idle)]:
runtime.gopark(0x0?, 0x0?, 0x0?, 0x0?, 0x0?)
	/usr/lib/golang/src/runtime/proc.go:462 +0xce fp=0x1bbac4832f40 sp=0x1bbac4832f20 pc=0x561715f510ae
runtime.gcBgMarkWorker(0x1bbac421a1c0)
	/usr/lib/golang/src/runtime/mgc.go:1791 +0xeb fp=0x1bbac4832fc8 sp=0x1bbac4832f40 pc=0x561715ef992b
runtime.gcBgMarkStartWorkers.gowrap1()
	/usr/lib/golang/src/runtime/mgc.go:1695 +0x17 fp=0x1bbac4832fe0 sp=0x1bbac4832fc8 pc=0x561715ef9817
runtime.goexit({})
	/usr/lib/golang/src/runtime/asm_amd64.s:1771 +0x1 fp=0x1bbac4832fe8 sp=0x1bbac4832fe0 pc=0x561715f58b41
created by runtime.gcBgMarkStartWorkers in goroutine 1
	/usr/lib/golang/src/runtime/mgc.go:1695 +0x105

goroutine 180 gp=0x1bbac48963c0 m=nil [GC worker (idle)]:
runtime.gopark(0x0?, 0x0?, 0x0?, 0x0?, 0x0?)
	/usr/lib/golang/src/runtime/proc.go:462 +0xce fp=0x1bbac47c1740 sp=0x1bbac47c1720 pc=0x561715f510ae
runtime.gcBgMarkWorker(0x1bbac421a1c0)
	/usr/lib/golang/src/runtime/mgc.go:1791 +0xeb fp=0x1bbac47c17c8 sp=0x1bbac47c1740 pc=0x561715ef992b
runtime.gcBgMarkStartWorkers.gowrap1()
	/usr/lib/golang/src/runtime/mgc.go:1695 +0x17 fp=0x1bbac47c17e0 sp=0x1bbac47c17c8 pc=0x561715ef9817
runtime.goexit({})
	/usr/lib/golang/src/runtime/asm_amd64.s:1771 +0x1 fp=0x1bbac47c17e8 sp=0x1bbac47c17e0 pc=0x561715f58b41
created by runtime.gcBgMarkStartWorkers in goroutine 1
	/usr/lib/golang/src/runtime/mgc.go:1695 +0x105

goroutine 181 gp=0x1bbac48965a0 m=nil [GC worker (idle)]:
runtime.gopark(0x0?, 0x0?, 0x0?, 0x0?, 0x0?)
	/usr/lib/golang/src/runtime/proc.go:462 +0xce fp=0x1bbac47c1f40 sp=0x1bbac47c1f20 pc=0x561715f510ae
runtime.gcBgMarkWorker(0x1bbac421a1c0)
	/usr/lib/golang/src/runtime/mgc.go:1791 +0xeb fp=0x1bbac47c1fc8 sp=0x1bbac47c1f40 pc=0x561715ef992b
runtime.gcBgMarkStartWorkers.gowrap1()
	/usr/lib/golang/src/runtime/mgc.go:1695 +0x17 fp=0x1bbac47c1fe0 sp=0x1bbac47c1fc8 pc=0x561715ef9817
runtime.goexit({})
	/usr/lib/golang/src/runtime/asm_amd64.s:1771 +0x1 fp=0x1bbac47c1fe8 sp=0x1bbac47c1fe0 pc=0x561715f58b41
created by runtime.gcBgMarkStartWorkers in goroutine 1
	/usr/lib/golang/src/runtime/mgc.go:1695 +0x105

goroutine 182 gp=0x1bbac4896780 m=nil [GC worker (idle)]:
runtime.gopark(0x0?, 0x0?, 0x0?, 0x0?, 0x0?)
	/usr/lib/golang/src/runtime/proc.go:462 +0xce fp=0x1bbac47c2740 sp=0x1bbac47c2720 pc=0x561715f510ae
runtime.gcBgMarkWorker(0x1bbac421a1c0)
	/usr/lib/golang/src/runtime/mgc.go:1791 +0xeb fp=0x1bbac47c27c8 sp=0x1bbac47c2740 pc=0x561715ef992b
runtime.gcBgMarkStartWorkers.gowrap1()
	/usr/lib/golang/src/runtime/mgc.go:1695 +0x17 fp=0x1bbac47c27e0 sp=0x1bbac47c27c8 pc=0x561715ef9817
runtime.goexit({})
	/usr/lib/golang/src/runtime/asm_amd64.s:1771 +0x1 fp=0x1bbac47c27e8 sp=0x1bbac47c27e0 pc=0x561715f58b41
created by runtime.gcBgMarkStartWorkers in goroutine 1
	/usr/lib/golang/src/runtime/mgc.go:1695 +0x105

goroutine 169 gp=0x1bbac48345a0 m=nil [GC worker (idle)]:
runtime.gopark(0x0?, 0x0?, 0x0?, 0x0?, 0x0?)
	/usr/lib/golang/src/runtime/proc.go:462 +0xce fp=0x1bbac4833740 sp=0x1bbac4833720 pc=0x561715f510ae
runtime.gcBgMarkWorker(0x1bbac421a1c0)
	/usr/lib/golang/src/runtime/mgc.go:1791 +0xeb fp=0x1bbac48337c8 sp=0x1bbac4833740 pc=0x561715ef992b
runtime.gcBgMarkStartWorkers.gowrap1()
	/usr/lib/golang/src/runtime/mgc.go:1695 +0x17 fp=0x1bbac48337e0 sp=0x1bbac48337c8 pc=0x561715ef9817
runtime.goexit({})
	/usr/lib/golang/src/runtime/asm_amd64.s:1771 +0x1 fp=0x1bbac48337e8 sp=0x1bbac48337e0 pc=0x561715f58b41
created by runtime.gcBgMarkStartWorkers in goroutine 1
	/usr/lib/golang/src/runtime/mgc.go:1695 +0x105

goroutine 183 gp=0x1bbac4896960 m=nil [GC worker (idle)]:
runtime.gopark(0x0?, 0x0?, 0x0?, 0x0?, 0x0?)
	/usr/lib/golang/src/runtime/proc.go:462 +0xce fp=0x1bbac47c2f40 sp=0x1bbac47c2f20 pc=0x561715f510ae
runtime.gcBgMarkWorker(0x1bbac421a1c0)
	/usr/lib/golang/src/runtime/mgc.go:1791 +0xeb fp=0x1bbac47c2fc8 sp=0x1bbac47c2f40 pc=0x561715ef992b
runtime.gcBgMarkStartWorkers.gowrap1()
	/usr/lib/golang/src/runtime/mgc.go:1695 +0x17 fp=0x1bbac47c2fe0 sp=0x1bbac47c2fc8 pc=0x561715ef9817
runtime.goexit({})
	/usr/lib/golang/src/runtime/asm_amd64.s:1771 +0x1 fp=0x1bbac47c2fe8 sp=0x1bbac47c2fe0 pc=0x561715f58b41
created by runtime.gcBgMarkStartWorkers in goroutine 1
	/usr/lib/golang/src/runtime/mgc.go:1695 +0x105

goroutine 184 gp=0x1bbac4896b40 m=nil [GC worker (idle)]:
runtime.gopark(0x0?, 0x0?, 0x0?, 0x0?, 0x0?)
	/usr/lib/golang/src/runtime/proc.go:462 +0xce fp=0x1bbac47c3740 sp=0x1bbac47c3720 pc=0x561715f510ae
runtime.gcBgMarkWorker(0x1bbac421a1c0)
	/usr/lib/golang/src/runtime/mgc.go:1791 +0xeb fp=0x1bbac47c37c8 sp=0x1bbac47c3740 pc=0x561715ef992b
runtime.gcBgMarkStartWorkers.gowrap1()
	/usr/lib/golang/src/runtime/mgc.go:1695 +0x17 fp=0x1bbac47c37e0 sp=0x1bbac47c37c8 pc=0x561715ef9817
runtime.goexit({})
	/usr/lib/golang/src/runtime/asm_amd64.s:1771 +0x1 fp=0x1bbac47c37e8 sp=0x1bbac47c37e0 pc=0x561715f58b41
created by runtime.gcBgMarkStartWorkers in goroutine 1
	/usr/lib/golang/src/runtime/mgc.go:1695 +0x105

goroutine 185 gp=0x1bbac4896d20 m=nil [GC worker (idle)]:
runtime.gopark(0x0?, 0x0?, 0x0?, 0x0?, 0x0?)
	/usr/lib/golang/src/runtime/proc.go:462 +0xce fp=0x1bbac47c3f40 sp=0x1bbac47c3f20 pc=0x561715f510ae
runtime.gcBgMarkWorker(0x1bbac421a1c0)
	/usr/lib/golang/src/runtime/mgc.go:1791 +0xeb fp=0x1bbac47c3fc8 sp=0x1bbac47c3f40 pc=0x561715ef992b
runtime.gcBgMarkStartWorkers.gowrap1()
	/usr/lib/golang/src/runtime/mgc.go:1695 +0x17 fp=0x1bbac47c3fe0 sp=0x1bbac47c3fc8 pc=0x561715ef9817
runtime.goexit({})
	/usr/lib/golang/src/runtime/asm_amd64.s:1771 +0x1 fp=0x1bbac47c3fe8 sp=0x1bbac47c3fe0 pc=0x561715f58b41
created by runtime.gcBgMarkStartWorkers in goroutine 1
	/usr/lib/golang/src/runtime/mgc.go:1695 +0x105

goroutine 186 gp=0x1bbac4896f00 m=nil [GC worker (idle)]:
runtime.gopark(0x0?, 0x0?, 0x0?, 0x0?, 0x0?)
	/usr/lib/golang/src/runtime/proc.go:462 +0xce fp=0x1bbac47d4740 sp=0x1bbac47d4720 pc=0x561715f510ae
runtime.gcBgMarkWorker(0x1bbac421a1c0)
	/usr/lib/golang/src/runtime/mgc.go:1791 +0xeb fp=0x1bbac47d47c8 sp=0x1bbac47d4740 pc=0x561715ef992b
runtime.gcBgMarkStartWorkers.gowrap1()
	/usr/lib/golang/src/runtime/mgc.go:1695 +0x17 fp=0x1bbac47d47e0 sp=0x1bbac47d47c8 pc=0x561715ef9817
runtime.goexit({})
	/usr/lib/golang/src/runtime/asm_amd64.s:1771 +0x1 fp=0x1bbac47d47e8 sp=0x1bbac47d47e0 pc=0x561715f58b41
created by runtime.gcBgMarkStartWorkers in goroutine 1
	/usr/lib/golang/src/runtime/mgc.go:1695 +0x105

goroutine 187 gp=0x1bbac48970e0 m=nil [GC worker (idle)]:
runtime.gopark(0x0?, 0x0?, 0x0?, 0x0?, 0x0?)
	/usr/lib/golang/src/runtime/proc.go:462 +0xce fp=0x1bbac47d4f40 sp=0x1bbac47d4f20 pc=0x561715f510ae
runtime.gcBgMarkWorker(0x1bbac421a1c0)
	/usr/lib/golang/src/runtime/mgc.go:1791 +0xeb fp=0x1bbac47d4fc8 sp=0x1bbac47d4f40 pc=0x561715ef992b
runtime.gcBgMarkStartWorkers.gowrap1()
	/usr/lib/golang/src/runtime/mgc.go:1695 +0x17 fp=0x1bbac47d4fe0 sp=0x1bbac47d4fc8 pc=0x561715ef9817
runtime.goexit({})
	/usr/lib/golang/src/runtime/asm_amd64.s:1771 +0x1 fp=0x1bbac47d4fe8 sp=0x1bbac47d4fe0 pc=0x561715f58b41
created by runtime.gcBgMarkStartWorkers in goroutine 1
	/usr/lib/golang/src/runtime/mgc.go:1695 +0x105

goroutine 188 gp=0x1bbac48972c0 m=nil [GC worker (idle)]:
runtime.gopark(0x0?, 0x0?, 0x0?, 0x0?, 0x0?)
	/usr/lib/golang/src/runtime/proc.go:462 +0xce fp=0x1bbac47d5740 sp=0x1bbac47d5720 pc=0x561715f510ae
runtime.gcBgMarkWorker(0x1bbac421a1c0)
	/usr/lib/golang/src/runtime/mgc.go:1791 +0xeb fp=0x1bbac47d57c8 sp=0x1bbac47d5740 pc=0x561715ef992b
runtime.gcBgMarkStartWorkers.gowrap1()
	/usr/lib/golang/src/runtime/mgc.go:1695 +0x17 fp=0x1bbac47d57e0 sp=0x1bbac47d57c8 pc=0x561715ef9817
runtime.goexit({})
	/usr/lib/golang/src/runtime/asm_amd64.s:1771 +0x1 fp=0x1bbac47d57e8 sp=0x1bbac47d57e0 pc=0x561715f58b41
created by runtime.gcBgMarkStartWorkers in goroutine 1
	/usr/lib/golang/src/runtime/mgc.go:1695 +0x105

goroutine 189 gp=0x1bbac48974a0 m=nil [GC worker (idle)]:
runtime.gopark(0x0?, 0x0?, 0x0?, 0x0?, 0x0?)
	/usr/lib/golang/src/runtime/proc.go:462 +0xce fp=0x1bbac47d5f40 sp=0x1bbac47d5f20 pc=0x561715f510ae
runtime.gcBgMarkWorker(0x1bbac421a1c0)
	/usr/lib/golang/src/runtime/mgc.go:1791 +0xeb fp=0x1bbac47d5fc8 sp=0x1bbac47d5f40 pc=0x561715ef992b
runtime.gcBgMarkStartWorkers.gowrap1()
	/usr/lib/golang/src/runtime/mgc.go:1695 +0x17 fp=0x1bbac47d5fe0 sp=0x1bbac47d5fc8 pc=0x561715ef9817
runtime.goexit({})
	/usr/lib/golang/src/runtime/asm_amd64.s:1771 +0x1 fp=0x1bbac47d5fe8 sp=0x1bbac47d5fe0 pc=0x561715f58b41
created by runtime.gcBgMarkStartWorkers in goroutine 1
	/usr/lib/golang/src/runtime/mgc.go:1695 +0x105

goroutine 190 gp=0x1bbac4897680 m=nil [GC worker (idle)]:
runtime.gopark(0x0?, 0x0?, 0x0?, 0x0?, 0x0?)
	/usr/lib/golang/src/runtime/proc.go:462 +0xce fp=0x1bbac47d6740 sp=0x1bbac47d6720 pc=0x561715f510ae
runtime.gcBgMarkWorker(0x1bbac421a1c0)
	/usr/lib/golang/src/runtime/mgc.go:1791 +0xeb fp=0x1bbac47d67c8 sp=0x1bbac47d6740 pc=0x561715ef992b
runtime.gcBgMarkStartWorkers.gowrap1()
	/usr/lib/golang/src/runtime/mgc.go:1695 +0x17 fp=0x1bbac47d67e0 sp=0x1bbac47d67c8 pc=0x561715ef9817
runtime.goexit({})
	/usr/lib/golang/src/runtime/asm_amd64.s:1771 +0x1 fp=0x1bbac47d67e8 sp=0x1bbac47d67e0 pc=0x561715f58b41
created by runtime.gcBgMarkStartWorkers in goroutine 1
	/usr/lib/golang/src/runtime/mgc.go:1695 +0x105

goroutine 191 gp=0x1bbac4897860 m=nil [GC worker (idle)]:
runtime.gopark(0x0?, 0x0?, 0x0?, 0x0?, 0x0?)
	/usr/lib/golang/src/runtime/proc.go:462 +0xce fp=0x1bbac47d6f40 sp=0x1bbac47d6f20 pc=0x561715f510ae
runtime.gcBgMarkWorker(0x1bbac421a1c0)
	/usr/lib/golang/src/runtime/mgc.go:1791 +0xeb fp=0x1bbac47d6fc8 sp=0x1bbac47d6f40 pc=0x561715ef992b
runtime.gcBgMarkStartWorkers.gowrap1()
	/usr/lib/golang/src/runtime/mgc.go:1695 +0x17 fp=0x1bbac47d6fe0 sp=0x1bbac47d6fc8 pc=0x561715ef9817
runtime.goexit({})
	/usr/lib/golang/src/runtime/asm_amd64.s:1771 +0x1 fp=0x1bbac47d6fe8 sp=0x1bbac47d6fe0 pc=0x561715f58b41
created by runtime.gcBgMarkStartWorkers in goroutine 1
	/usr/lib/golang/src/runtime/mgc.go:1695 +0x105

goroutine 196 gp=0x1bbac47d2b40 m=nil [GC worker (idle)]:
runtime.gopark(0x0?, 0x0?, 0x0?, 0x0?, 0x0?)
	/usr/lib/golang/src/runtime/proc.go:462 +0xce fp=0x1bbac47d9740 sp=0x1bbac47d9720 pc=0x561715f510ae
runtime.gcBgMarkWorker(0x1bbac421a1c0)
	/usr/lib/golang/src/runtime/mgc.go:1791 +0xeb fp=0x1bbac47d97c8 sp=0x1bbac47d9740 pc=0x561715ef992b
runtime.gcBgMarkStartWorkers.gowrap1()
	/usr/lib/golang/src/runtime/mgc.go:1695 +0x17 fp=0x1bbac47d97e0 sp=0x1bbac47d97c8 pc=0x561715ef9817
runtime.goexit({})
	/usr/lib/golang/src/runtime/asm_amd64.s:1771 +0x1 fp=0x1bbac47d97e8 sp=0x1bbac47d97e0 pc=0x561715f58b41
created by runtime.gcBgMarkStartWorkers in goroutine 1
	/usr/lib/golang/src/runtime/mgc.go:1695 +0x105

goroutine 197 gp=0x1bbac47d2d20 m=nil [GC worker (idle)]:
runtime.gopark(0x0?, 0x0?, 0x0?, 0x0?, 0x0?)
	/usr/lib/golang/src/runtime/proc.go:462 +0xce fp=0x1bbac47d9f40 sp=0x1bbac47d9f20 pc=0x561715f510ae
runtime.gcBgMarkWorker(0x1bbac421a1c0)
	/usr/lib/golang/src/runtime/mgc.go:1791 +0xeb fp=0x1bbac47d9fc8 sp=0x1bbac47d9f40 pc=0x561715ef992b
runtime.gcBgMarkStartWorkers.gowrap1()
	/usr/lib/golang/src/runtime/mgc.go:1695 +0x17 fp=0x1bbac47d9fe0 sp=0x1bbac47d9fc8 pc=0x561715ef9817
runtime.goexit({})
	/usr/lib/golang/src/runtime/asm_amd64.s:1771 +0x1 fp=0x1bbac47d9fe8 sp=0x1bbac47d9fe0 pc=0x561715f58b41
created by runtime.gcBgMarkStartWorkers in goroutine 1
	/usr/lib/golang/src/runtime/mgc.go:1695 +0x105

goroutine 192 gp=0x1bbac4897a40 m=nil [GC worker (idle)]:
runtime.gopark(0x0?, 0x0?, 0x0?, 0x0?, 0x0?)
	/usr/lib/golang/src/runtime/proc.go:462 +0xce fp=0x1bbac47d7740 sp=0x1bbac47d7720 pc=0x561715f510ae
runtime.gcBgMarkWorker(0x1bbac421a1c0)
	/usr/lib/golang/src/runtime/mgc.go:1791 +0xeb fp=0x1bbac47d77c8 sp=0x1bbac47d7740 pc=0x561715ef992b
runtime.gcBgMarkStartWorkers.gowrap1()
	/usr/lib/golang/src/runtime/mgc.go:1695 +0x17 fp=0x1bbac47d77e0 sp=0x1bbac47d77c8 pc=0x561715ef9817
runtime.goexit({})
	/usr/lib/golang/src/runtime/asm_amd64.s:1771 +0x1 fp=0x1bbac47d77e8 sp=0x1bbac47d77e0 pc=0x561715f58b41
created by runtime.gcBgMarkStartWorkers in goroutine 1
	/usr/lib/golang/src/runtime/mgc.go:1695 +0x105

goroutine 170 gp=0x1bbac4834780 m=nil [GC worker (idle)]:
runtime.gopark(0x0?, 0x0?, 0x0?, 0x0?, 0x0?)
	/usr/lib/golang/src/runtime/proc.go:462 +0xce fp=0x1bbac4833f40 sp=0x1bbac4833f20 pc=0x561715f510ae
runtime.gcBgMarkWorker(0x1bbac421a1c0)
	/usr/lib/golang/src/runtime/mgc.go:1791 +0xeb fp=0x1bbac4833fc8 sp=0x1bbac4833f40 pc=0x561715ef992b
runtime.gcBgMarkStartWorkers.gowrap1()
	/usr/lib/golang/src/runtime/mgc.go:1695 +0x17 fp=0x1bbac4833fe0 sp=0x1bbac4833fc8 pc=0x561715ef9817
runtime.goexit({})
	/usr/lib/golang/src/runtime/asm_amd64.s:1771 +0x1 fp=0x1bbac4833fe8 sp=0x1bbac4833fe0 pc=0x561715f58b41
created by runtime.gcBgMarkStartWorkers in goroutine 1
	/usr/lib/golang/src/runtime/mgc.go:1695 +0x105

goroutine 198 gp=0x1bbac47d2f00 m=nil [GC worker (idle)]:
runtime.gopark(0x0?, 0x0?, 0x0?, 0x0?, 0x0?)
	/usr/lib/golang/src/runtime/proc.go:462 +0xce fp=0x1bbac47da740 sp=0x1bbac47da720 pc=0x561715f510ae
runtime.gcBgMarkWorker(0x1bbac421a1c0)
	/usr/lib/golang/src/runtime/mgc.go:1791 +0xeb fp=0x1bbac47da7c8 sp=0x1bbac47da740 pc=0x561715ef992b
runtime.gcBgMarkStartWorkers.gowrap1()
	/usr/lib/golang/src/runtime/mgc.go:1695 +0x17 fp=0x1bbac47da7e0 sp=0x1bbac47da7c8 pc=0x561715ef9817
runtime.goexit({})
	/usr/lib/golang/src/runtime/asm_amd64.s:1771 +0x1 fp=0x1bbac47da7e8 sp=0x1bbac47da7e0 pc=0x561715f58b41
created by runtime.gcBgMarkStartWorkers in goroutine 1
	/usr/lib/golang/src/runtime/mgc.go:1695 +0x105

goroutine 171 gp=0x1bbac4834960 m=nil [GC worker (idle)]:
runtime.gopark(0x0?, 0x0?, 0x0?, 0x0?, 0x0?)
	/usr/lib/golang/src/runtime/proc.go:462 +0xce fp=0x1bbac483a740 sp=0x1bbac483a720 pc=0x561715f510ae
runtime.gcBgMarkWorker(0x1bbac421a1c0)
	/usr/lib/golang/src/runtime/mgc.go:1791 +0xeb fp=0x1bbac483a7c8 sp=0x1bbac483a740 pc=0x561715ef992b
runtime.gcBgMarkStartWorkers.gowrap1()
	/usr/lib/golang/src/runtime/mgc.go:1695 +0x17 fp=0x1bbac483a7e0 sp=0x1bbac483a7c8 pc=0x561715ef9817
runtime.goexit({})
	/usr/lib/golang/src/runtime/asm_amd64.s:1771 +0x1 fp=0x1bbac483a7e8 sp=0x1bbac483a7e0 pc=0x561715f58b41
created by runtime.gcBgMarkStartWorkers in goroutine 1
	/usr/lib/golang/src/runtime/mgc.go:1695 +0x105

goroutine 172 gp=0x1bbac4834b40 m=nil [GC worker (idle)]:
runtime.gopark(0x0?, 0x0?, 0x0?, 0x0?, 0x0?)
	/usr/lib/golang/src/runtime/proc.go:462 +0xce fp=0x1bbac483af40 sp=0x1bbac483af20 pc=0x561715f510ae
runtime.gcBgMarkWorker(0x1bbac421a1c0)
	/usr/lib/golang/src/runtime/mgc.go:1791 +0xeb fp=0x1bbac483afc8 sp=0x1bbac483af40 pc=0x561715ef992b
runtime.gcBgMarkStartWorkers.gowrap1()
	/usr/lib/golang/src/runtime/mgc.go:1695 +0x17 fp=0x1bbac483afe0 sp=0x1bbac483afc8 pc=0x561715ef9817
runtime.goexit({})
	/usr/lib/golang/src/runtime/asm_amd64.s:1771 +0x1 fp=0x1bbac483afe8 sp=0x1bbac483afe0 pc=0x561715f58b41
created by runtime.gcBgMarkStartWorkers in goroutine 1
	/usr/lib/golang/src/runtime/mgc.go:1695 +0x105

goroutine 173 gp=0x1bbac4834d20 m=nil [GC worker (idle)]:
runtime.gopark(0x0?, 0x0?, 0x0?, 0x0?, 0x0?)
	/usr/lib/golang/src/runtime/proc.go:462 +0xce fp=0x1bbac483b740 sp=0x1bbac483b720 pc=0x561715f510ae
runtime.gcBgMarkWorker(0x1bbac421a1c0)
	/usr/lib/golang/src/runtime/mgc.go:1791 +0xeb fp=0x1bbac483b7c8 sp=0x1bbac483b740 pc=0x561715ef992b
runtime.gcBgMarkStartWorkers.gowrap1()
	/usr/lib/golang/src/runtime/mgc.go:1695 +0x17 fp=0x1bbac483b7e0 sp=0x1bbac483b7c8 pc=0x561715ef9817
runtime.goexit({})
	/usr/lib/golang/src/runtime/asm_amd64.s:1771 +0x1 fp=0x1bbac483b7e8 sp=0x1bbac483b7e0 pc=0x561715f58b41
created by runtime.gcBgMarkStartWorkers in goroutine 1
	/usr/lib/golang/src/runtime/mgc.go:1695 +0x105

goroutine 193 gp=0x1bbac4897c20 m=nil [GC worker (idle)]:
runtime.gopark(0x0?, 0x0?, 0x0?, 0x0?, 0x0?)
	/usr/lib/golang/src/runtime/proc.go:462 +0xce fp=0x1bbac47d7f40 sp=0x1bbac47d7f20 pc=0x561715f510ae
runtime.gcBgMarkWorker(0x1bbac421a1c0)
	/usr/lib/golang/src/runtime/mgc.go:1791 +0xeb fp=0x1bbac47d7fc8 sp=0x1bbac47d7f40 pc=0x561715ef992b
runtime.gcBgMarkStartWorkers.gowrap1()
	/usr/lib/golang/src/runtime/mgc.go:1695 +0x17 fp=0x1bbac47d7fe0 sp=0x1bbac47d7fc8 pc=0x561715ef9817
runtime.goexit({})
	/usr/lib/golang/src/runtime/asm_amd64.s:1771 +0x1 fp=0x1bbac47d7fe8 sp=0x1bbac47d7fe0 pc=0x561715f58b41
created by runtime.gcBgMarkStartWorkers in goroutine 1
	/usr/lib/golang/src/runtime/mgc.go:1695 +0x105

goroutine 174 gp=0x1bbac4834f00 m=nil [GC worker (idle)]:
runtime.gopark(0x0?, 0x0?, 0x0?, 0x0?, 0x0?)
	/usr/lib/golang/src/runtime/proc.go:462 +0xce fp=0x1bbac483bf40 sp=0x1bbac483bf20 pc=0x561715f510ae
runtime.gcBgMarkWorker(0x1bbac421a1c0)
	/usr/lib/golang/src/runtime/mgc.go:1791 +0xeb fp=0x1bbac483bfc8 sp=0x1bbac483bf40 pc=0x561715ef992b
runtime.gcBgMarkStartWorkers.gowrap1()
	/usr/lib/golang/src/runtime/mgc.go:1695 +0x17 fp=0x1bbac483bfe0 sp=0x1bbac483bfc8 pc=0x561715ef9817
runtime.goexit({})
	/usr/lib/golang/src/runtime/asm_amd64.s:1771 +0x1 fp=0x1bbac483bfe8 sp=0x1bbac483bfe0 pc=0x561715f58b41
created by runtime.gcBgMarkStartWorkers in goroutine 1
	/usr/lib/golang/src/runtime/mgc.go:1695 +0x105

goroutine 210 gp=0x1bbac489a000 m=nil [GC worker (idle)]:
runtime.gopark(0x0?, 0x0?, 0x0?, 0x0?, 0x0?)
	/usr/lib/golang/src/runtime/proc.go:462 +0xce fp=0x1bbac4836740 sp=0x1bbac4836720 pc=0x561715f510ae
runtime.gcBgMarkWorker(0x1bbac421a1c0)
	/usr/lib/golang/src/runtime/mgc.go:1791 +0xeb fp=0x1bbac48367c8 sp=0x1bbac4836740 pc=0x561715ef992b
runtime.gcBgMarkStartWorkers.gowrap1()
	/usr/lib/golang/src/runtime/mgc.go:1695 +0x17 fp=0x1bbac48367e0 sp=0x1bbac48367c8 pc=0x561715ef9817
runtime.goexit({})
	/usr/lib/golang/src/runtime/asm_amd64.s:1771 +0x1 fp=0x1bbac48367e8 sp=0x1bbac48367e0 pc=0x561715f58b41
created by runtime.gcBgMarkStartWorkers in goroutine 1
	/usr/lib/golang/src/runtime/mgc.go:1695 +0x105

goroutine 211 gp=0x1bbac489a1e0 m=nil [GC worker (idle)]:
runtime.gopark(0x0?, 0x0?, 0x0?, 0x0?, 0x0?)
	/usr/lib/golang/src/runtime/proc.go:462 +0xce fp=0x1bbac4836f40 sp=0x1bbac4836f20 pc=0x561715f510ae
runtime.gcBgMarkWorker(0x1bbac421a1c0)
	/usr/lib/golang/src/runtime/mgc.go:1791 +0xeb fp=0x1bbac4836fc8 sp=0x1bbac4836f40 pc=0x561715ef992b
runtime.gcBgMarkStartWorkers.gowrap1()
	/usr/lib/golang/src/runtime/mgc.go:1695 +0x17 fp=0x1bbac4836fe0 sp=0x1bbac4836fc8 pc=0x561715ef9817
runtime.goexit({})
	/usr/lib/golang/src/runtime/asm_amd64.s:1771 +0x1 fp=0x1bbac4836fe8 sp=0x1bbac4836fe0 pc=0x561715f58b41
created by runtime.gcBgMarkStartWorkers in goroutine 1
	/usr/lib/golang/src/runtime/mgc.go:1695 +0x105

goroutine 212 gp=0x1bbac489a3c0 m=nil [GC worker (idle)]:
runtime.gopark(0x0?, 0x0?, 0x0?, 0x0?, 0x0?)
	/usr/lib/golang/src/runtime/proc.go:462 +0xce fp=0x1bbac4837740 sp=0x1bbac4837720 pc=0x561715f510ae
runtime.gcBgMarkWorker(0x1bbac421a1c0)
	/usr/lib/golang/src/runtime/mgc.go:1791 +0xeb fp=0x1bbac48377c8 sp=0x1bbac4837740 pc=0x561715ef992b
runtime.gcBgMarkStartWorkers.gowrap1()
	/usr/lib/golang/src/runtime/mgc.go:1695 +0x17 fp=0x1bbac48377e0 sp=0x1bbac48377c8 pc=0x561715ef9817
runtime.goexit({})
	/usr/lib/golang/src/runtime/asm_amd64.s:1771 +0x1 fp=0x1bbac48377e8 sp=0x1bbac48377e0 pc=0x561715f58b41
created by runtime.gcBgMarkStartWorkers in goroutine 1
	/usr/lib/golang/src/runtime/mgc.go:1695 +0x105

goroutine 213 gp=0x1bbac489a5a0 m=nil [GC worker (idle)]:
runtime.gopark(0x0?, 0x0?, 0x0?, 0x0?, 0x0?)
	/usr/lib/golang/src/runtime/proc.go:462 +0xce fp=0x1bbac4837f40 sp=0x1bbac4837f20 pc=0x561715f510ae
runtime.gcBgMarkWorker(0x1bbac421a1c0)
	/usr/lib/golang/src/runtime/mgc.go:1791 +0xeb fp=0x1bbac4837fc8 sp=0x1bbac4837f40 pc=0x561715ef992b
runtime.gcBgMarkStartWorkers.gowrap1()
	/usr/lib/golang/src/runtime/mgc.go:1695 +0x17 fp=0x1bbac4837fe0 sp=0x1bbac4837fc8 pc=0x561715ef9817
runtime.goexit({})
	/usr/lib/golang/src/runtime/asm_amd64.s:1771 +0x1 fp=0x1bbac4837fe8 sp=0x1bbac4837fe0 pc=0x561715f58b41
created by runtime.gcBgMarkStartWorkers in goroutine 1
	/usr/lib/golang/src/runtime/mgc.go:1695 +0x105

goroutine 214 gp=0x1bbac489a780 m=nil [GC worker (idle)]:
runtime.gopark(0x0?, 0x0?, 0x0?, 0x0?, 0x0?)
	/usr/lib/golang/src/runtime/proc.go:462 +0xce fp=0x1bbac4838740 sp=0x1bbac4838720 pc=0x561715f510ae
runtime.gcBgMarkWorker(0x1bbac421a1c0)
	/usr/lib/golang/src/runtime/mgc.go:1791 +0xeb fp=0x1bbac48387c8 sp=0x1bbac4838740 pc=0x561715ef992b
runtime.gcBgMarkStartWorkers.gowrap1()
	/usr/lib/golang/src/runtime/mgc.go:1695 +0x17 fp=0x1bbac48387e0 sp=0x1bbac48387c8 pc=0x561715ef9817
runtime.goexit({})
	/usr/lib/golang/src/runtime/asm_amd64.s:1771 +0x1 fp=0x1bbac48387e8 sp=0x1bbac48387e0 pc=0x561715f58b41
created by runtime.gcBgMarkStartWorkers in goroutine 1
	/usr/lib/golang/src/runtime/mgc.go:1695 +0x105

goroutine 215 gp=0x1bbac489a960 m=nil [GC worker (idle)]:
runtime.gopark(0x0?, 0x0?, 0x0?, 0x0?, 0x0?)
	/usr/lib/golang/src/runtime/proc.go:462 +0xce fp=0x1bbac4838f40 sp=0x1bbac4838f20 pc=0x561715f510ae
runtime.gcBgMarkWorker(0x1bbac421a1c0)
	/usr/lib/golang/src/runtime/mgc.go:1791 +0xeb fp=0x1bbac4838fc8 sp=0x1bbac4838f40 pc=0x561715ef992b
runtime.gcBgMarkStartWorkers.gowrap1()
	/usr/lib/golang/src/runtime/mgc.go:1695 +0x17 fp=0x1bbac4838fe0 sp=0x1bbac4838fc8 pc=0x561715ef9817
runtime.goexit({})
	/usr/lib/golang/src/runtime/asm_amd64.s:1771 +0x1 fp=0x1bbac4838fe8 sp=0x1bbac4838fe0 pc=0x561715f58b41
created by runtime.gcBgMarkStartWorkers in goroutine 1
	/usr/lib/golang/src/runtime/mgc.go:1695 +0x105

goroutine 216 gp=0x1bbac489ab40 m=nil [GC worker (idle)]:
runtime.gopark(0x0?, 0x0?, 0x0?, 0x0?, 0x0?)
	/usr/lib/golang/src/runtime/proc.go:462 +0xce fp=0x1bbac4839740 sp=0x1bbac4839720 pc=0x561715f510ae
runtime.gcBgMarkWorker(0x1bbac421a1c0)
	/usr/lib/golang/src/runtime/mgc.go:1791 +0xeb fp=0x1bbac48397c8 sp=0x1bbac4839740 pc=0x561715ef992b
runtime.gcBgMarkStartWorkers.gowrap1()
	/usr/lib/golang/src/runtime/mgc.go:1695 +0x17 fp=0x1bbac48397e0 sp=0x1bbac48397c8 pc=0x561715ef9817
runtime.goexit({})
	/usr/lib/golang/src/runtime/asm_amd64.s:1771 +0x1 fp=0x1bbac48397e8 sp=0x1bbac48397e0 pc=0x561715f58b41
created by runtime.gcBgMarkStartWorkers in goroutine 1
	/usr/lib/golang/src/runtime/mgc.go:1695 +0x105

goroutine 199 gp=0x1bbac47d30e0 m=nil [GC worker (idle)]:
runtime.gopark(0x0?, 0x0?, 0x0?, 0x0?, 0x0?)
	/usr/lib/golang/src/runtime/proc.go:462 +0xce fp=0x1bbac47daf40 sp=0x1bbac47daf20 pc=0x561715f510ae
runtime.gcBgMarkWorker(0x1bbac421a1c0)
	/usr/lib/golang/src/runtime/mgc.go:1791 +0xeb fp=0x1bbac47dafc8 sp=0x1bbac47daf40 pc=0x561715ef992b
runtime.gcBgMarkStartWorkers.gowrap1()
	/usr/lib/golang/src/runtime/mgc.go:1695 +0x17 fp=0x1bbac47dafe0 sp=0x1bbac47dafc8 pc=0x561715ef9817
runtime.goexit({})
	/usr/lib/golang/src/runtime/asm_amd64.s:1771 +0x1 fp=0x1bbac47dafe8 sp=0x1bbac47dafe0 pc=0x561715f58b41
created by runtime.gcBgMarkStartWorkers in goroutine 1
	/usr/lib/golang/src/runtime/mgc.go:1695 +0x105

goroutine 200 gp=0x1bbac47d32c0 m=nil [GC worker (idle)]:
runtime.gopark(0x0?, 0x0?, 0x0?, 0x0?, 0x0?)
	/usr/lib/golang/src/runtime/proc.go:462 +0xce fp=0x1bbac47db740 sp=0x1bbac47db720 pc=0x561715f510ae
runtime.gcBgMarkWorker(0x1bbac421a1c0)
	/usr/lib/golang/src/runtime/mgc.go:1791 +0xeb fp=0x1bbac47db7c8 sp=0x1bbac47db740 pc=0x561715ef992b
runtime.gcBgMarkStartWorkers.gowrap1()
	/usr/lib/golang/src/runtime/mgc.go:1695 +0x17 fp=0x1bbac47db7e0 sp=0x1bbac47db7c8 pc=0x561715ef9817
runtime.goexit({})
	/usr/lib/golang/src/runtime/asm_amd64.s:1771 +0x1 fp=0x1bbac47db7e8 sp=0x1bbac47db7e0 pc=0x561715f58b41
created by runtime.gcBgMarkStartWorkers in goroutine 1
	/usr/lib/golang/src/runtime/mgc.go:1695 +0x105

goroutine 201 gp=0x1bbac47d34a0 m=nil [GC worker (idle)]:
runtime.gopark(0x0?, 0x0?, 0x0?, 0x0?, 0x0?)
	/usr/lib/golang/src/runtime/proc.go:462 +0xce fp=0x1bbac47dbf40 sp=0x1bbac47dbf20 pc=0x561715f510ae
runtime.gcBgMarkWorker(0x1bbac421a1c0)
	/usr/lib/golang/src/runtime/mgc.go:1791 +0xeb fp=0x1bbac47dbfc8 sp=0x1bbac47dbf40 pc=0x561715ef992b
runtime.gcBgMarkStartWorkers.gowrap1()
	/usr/lib/golang/src/runtime/mgc.go:1695 +0x17 fp=0x1bbac47dbfe0 sp=0x1bbac47dbfc8 pc=0x561715ef9817
runtime.goexit({})
	/usr/lib/golang/src/runtime/asm_amd64.s:1771 +0x1 fp=0x1bbac47dbfe8 sp=0x1bbac47dbfe0 pc=0x561715f58b41
created by runtime.gcBgMarkStartWorkers in goroutine 1
	/usr/lib/golang/src/runtime/mgc.go:1695 +0x105

goroutine 202 gp=0x1bbac47d3680 m=nil [GC worker (idle)]:
runtime.gopark(0x0?, 0x0?, 0x0?, 0x0?, 0x0?)
	/usr/lib/golang/src/runtime/proc.go:462 +0xce fp=0x1bbac47e0740 sp=0x1bbac47e0720 pc=0x561715f510ae
runtime.gcBgMarkWorker(0x1bbac421a1c0)
	/usr/lib/golang/src/runtime/mgc.go:1791 +0xeb fp=0x1bbac47e07c8 sp=0x1bbac47e0740 pc=0x561715ef992b
runtime.gcBgMarkStartWorkers.gowrap1()
	/usr/lib/golang/src/runtime/mgc.go:1695 +0x17 fp=0x1bbac47e07e0 sp=0x1bbac47e07c8 pc=0x561715ef9817
runtime.goexit({})
	/usr/lib/golang/src/runtime/asm_amd64.s:1771 +0x1 fp=0x1bbac47e07e8 sp=0x1bbac47e07e0 pc=0x561715f58b41
created by runtime.gcBgMarkStartWorkers in goroutine 1
	/usr/lib/golang/src/runtime/mgc.go:1695 +0x105

goroutine 203 gp=0x1bbac47d3860 m=nil [GC worker (idle)]:
runtime.gopark(0x0?, 0x0?, 0x0?, 0x0?, 0x0?)
	/usr/lib/golang/src/runtime/proc.go:462 +0xce fp=0x1bbac47e0f40 sp=0x1bbac47e0f20 pc=0x561715f510ae
runtime.gcBgMarkWorker(0x1bbac421a1c0)
	/usr/lib/golang/src/runtime/mgc.go:1791 +0xeb fp=0x1bbac47e0fc8 sp=0x1bbac47e0f40 pc=0x561715ef992b
runtime.gcBgMarkStartWorkers.gowrap1()
	/usr/lib/golang/src/runtime/mgc.go:1695 +0x17 fp=0x1bbac47e0fe0 sp=0x1bbac47e0fc8 pc=0x561715ef9817
runtime.goexit({})
	/usr/lib/golang/src/runtime/asm_amd64.s:1771 +0x1 fp=0x1bbac47e0fe8 sp=0x1bbac47e0fe0 pc=0x561715f58b41
created by runtime.gcBgMarkStartWorkers in goroutine 1
	/usr/lib/golang/src/runtime/mgc.go:1695 +0x105

goroutine 204 gp=0x1bbac47d3a40 m=nil [GC worker (idle)]:
runtime.gopark(0x0?, 0x0?, 0x0?, 0x0?, 0x0?)
	/usr/lib/golang/src/runtime/proc.go:462 +0xce fp=0x1bbac47e1740 sp=0x1bbac47e1720 pc=0x561715f510ae
runtime.gcBgMarkWorker(0x1bbac421a1c0)
	/usr/lib/golang/src/runtime/mgc.go:1791 +0xeb fp=0x1bbac47e17c8 sp=0x1bbac47e1740 pc=0x561715ef992b
runtime.gcBgMarkStartWorkers.gowrap1()
	/usr/lib/golang/src/runtime/mgc.go:1695 +0x17 fp=0x1bbac47e17e0 sp=0x1bbac47e17c8 pc=0x561715ef9817
runtime.goexit({})
	/usr/lib/golang/src/runtime/asm_amd64.s:1771 +0x1 fp=0x1bbac47e17e8 sp=0x1bbac47e17e0 pc=0x561715f58b41
created by runtime.gcBgMarkStartWorkers in goroutine 1
	/usr/lib/golang/src/runtime/mgc.go:1695 +0x105

goroutine 205 gp=0x1bbac47d3c20 m=nil [GC worker (idle)]:
runtime.gopark(0x0?, 0x0?, 0x0?, 0x0?, 0x0?)
	/usr/lib/golang/src/runtime/proc.go:462 +0xce fp=0x1bbac47e1f40 sp=0x1bbac47e1f20 pc=0x561715f510ae
runtime.gcBgMarkWorker(0x1bbac421a1c0)
	/usr/lib/golang/src/runtime/mgc.go:1791 +0xeb fp=0x1bbac47e1fc8 sp=0x1bbac47e1f40 pc=0x561715ef992b
runtime.gcBgMarkStartWorkers.gowrap1()
	/usr/lib/golang/src/runtime/mgc.go:1695 +0x17 fp=0x1bbac47e1fe0 sp=0x1bbac47e1fc8 pc=0x561715ef9817
runtime.goexit({})
	/usr/lib/golang/src/runtime/asm_amd64.s:1771 +0x1 fp=0x1bbac47e1fe8 sp=0x1bbac47e1fe0 pc=0x561715f58b41
created by runtime.gcBgMarkStartWorkers in goroutine 1
	/usr/lib/golang/src/runtime/mgc.go:1695 +0x105

goroutine 217 gp=0x1bbac489ad20 m=nil [GC worker (idle)]:
runtime.gopark(0x0?, 0x0?, 0x0?, 0x0?, 0x0?)
	/usr/lib/golang/src/runtime/proc.go:462 +0xce fp=0x1bbac4839f40 sp=0x1bbac4839f20 pc=0x561715f510ae
runtime.gcBgMarkWorker(0x1bbac421a1c0)
	/usr/lib/golang/src/runtime/mgc.go:1791 +0xeb fp=0x1bbac4839fc8 sp=0x1bbac4839f40 pc=0x561715ef992b
runtime.gcBgMarkStartWorkers.gowrap1()
	/usr/lib/golang/src/runtime/mgc.go:1695 +0x17 fp=0x1bbac4839fe0 sp=0x1bbac4839fc8 pc=0x561715ef9817
runtime.goexit({})
	/usr/lib/golang/src/runtime/asm_amd64.s:1771 +0x1 fp=0x1bbac4839fe8 sp=0x1bbac4839fe0 pc=0x561715f58b41
created by runtime.gcBgMarkStartWorkers in goroutine 1
	/usr/lib/golang/src/runtime/mgc.go:1695 +0x105

goroutine 218 gp=0x1bbac489af00 m=nil [GC worker (idle)]:
runtime.gopark(0x0?, 0x0?, 0x0?, 0x0?, 0x0?)
	/usr/lib/golang/src/runtime/proc.go:462 +0xce fp=0x1bbac47dc740 sp=0x1bbac47dc720 pc=0x561715f510ae
runtime.gcBgMarkWorker(0x1bbac421a1c0)
	/usr/lib/golang/src/runtime/mgc.go:1791 +0xeb fp=0x1bbac47dc7c8 sp=0x1bbac47dc740 pc=0x561715ef992b
runtime.gcBgMarkStartWorkers.gowrap1()
	/usr/lib/golang/src/runtime/mgc.go:1695 +0x17 fp=0x1bbac47dc7e0 sp=0x1bbac47dc7c8 pc=0x561715ef9817
runtime.goexit({})
	/usr/lib/golang/src/runtime/asm_amd64.s:1771 +0x1 fp=0x1bbac47dc7e8 sp=0x1bbac47dc7e0 pc=0x561715f58b41
created by runtime.gcBgMarkStartWorkers in goroutine 1
	/usr/lib/golang/src/runtime/mgc.go:1695 +0x105

goroutine 219 gp=0x1bbac489b0e0 m=nil [GC worker (idle)]:
runtime.gopark(0x0?, 0x0?, 0x0?, 0x0?, 0x0?)
	/usr/lib/golang/src/runtime/proc.go:462 +0xce fp=0x1bbac47dcf40 sp=0x1bbac47dcf20 pc=0x561715f510ae
runtime.gcBgMarkWorker(0x1bbac421a1c0)
	/usr/lib/golang/src/runtime/mgc.go:1791 +0xeb fp=0x1bbac47dcfc8 sp=0x1bbac47dcf40 pc=0x561715ef992b
runtime.gcBgMarkStartWorkers.gowrap1()
	/usr/lib/golang/src/runtime/mgc.go:1695 +0x17 fp=0x1bbac47dcfe0 sp=0x1bbac47dcfc8 pc=0x561715ef9817
runtime.goexit({})
	/usr/lib/golang/src/runtime/asm_amd64.s:1771 +0x1 fp=0x1bbac47dcfe8 sp=0x1bbac47dcfe0 pc=0x561715f58b41
created by runtime.gcBgMarkStartWorkers in goroutine 1
	/usr/lib/golang/src/runtime/mgc.go:1695 +0x105

goroutine 206 gp=0x1bbac47e6000 m=nil [GC worker (idle)]:
runtime.gopark(0x0?, 0x0?, 0x0?, 0x0?, 0x0?)
	/usr/lib/golang/src/runtime/proc.go:462 +0xce fp=0x1bbac47e2740 sp=0x1bbac47e2720 pc=0x561715f510ae
runtime.gcBgMarkWorker(0x1bbac421a1c0)
	/usr/lib/golang/src/runtime/mgc.go:1791 +0xeb fp=0x1bbac47e27c8 sp=0x1bbac47e2740 pc=0x561715ef992b
runtime.gcBgMarkStartWorkers.gowrap1()
	/usr/lib/golang/src/runtime/mgc.go:1695 +0x17 fp=0x1bbac47e27e0 sp=0x1bbac47e27c8 pc=0x561715ef9817
runtime.goexit({})
	/usr/lib/golang/src/runtime/asm_amd64.s:1771 +0x1 fp=0x1bbac47e27e8 sp=0x1bbac47e27e0 pc=0x561715f58b41
created by runtime.gcBgMarkStartWorkers in goroutine 1
	/usr/lib/golang/src/runtime/mgc.go:1695 +0x105

goroutine 207 gp=0x1bbac47e61e0 m=nil [GC worker (idle)]:
runtime.gopark(0x0?, 0x0?, 0x0?, 0x0?, 0x0?)
	/usr/lib/golang/src/runtime/proc.go:462 +0xce fp=0x1bbac47e2f40 sp=0x1bbac47e2f20 pc=0x561715f510ae
runtime.gcBgMarkWorker(0x1bbac421a1c0)
	/usr/lib/golang/src/runtime/mgc.go:1791 +0xeb fp=0x1bbac47e2fc8 sp=0x1bbac47e2f40 pc=0x561715ef992b
runtime.gcBgMarkStartWorkers.gowrap1()
	/usr/lib/golang/src/runtime/mgc.go:1695 +0x17 fp=0x1bbac47e2fe0 sp=0x1bbac47e2fc8 pc=0x561715ef9817
runtime.goexit({})
	/usr/lib/golang/src/runtime/asm_amd64.s:1771 +0x1 fp=0x1bbac47e2fe8 sp=0x1bbac47e2fe0 pc=0x561715f58b41
created by runtime.gcBgMarkStartWorkers in goroutine 1
	/usr/lib/golang/src/runtime/mgc.go:1695 +0x105

goroutine 208 gp=0x1bbac47e63c0 m=nil [GC worker (idle)]:
runtime.gopark(0x0?, 0x0?, 0x0?, 0x0?, 0x0?)
	/usr/lib/golang/src/runtime/proc.go:462 +0xce fp=0x1bbac47e3740 sp=0x1bbac47e3720 pc=0x561715f510ae
runtime.gcBgMarkWorker(0x1bbac421a1c0)
	/usr/lib/golang/src/runtime/mgc.go:1791 +0xeb fp=0x1bbac47e37c8 sp=0x1bbac47e3740 pc=0x561715ef992b
runtime.gcBgMarkStartWorkers.gowrap1()
	/usr/lib/golang/src/runtime/mgc.go:1695 +0x17 fp=0x1bbac47e37e0 sp=0x1bbac47e37c8 pc=0x561715ef9817
runtime.goexit({})
	/usr/lib/golang/src/runtime/asm_amd64.s:1771 +0x1 fp=0x1bbac47e37e8 sp=0x1bbac47e37e0 pc=0x561715f58b41
created by runtime.gcBgMarkStartWorkers in goroutine 1
	/usr/lib/golang/src/runtime/mgc.go:1695 +0x105

goroutine 209 gp=0x1bbac47e65a0 m=nil [GC worker (idle)]:
runtime.gopark(0x0?, 0x0?, 0x0?, 0x0?, 0x0?)
	/usr/lib/golang/src/runtime/proc.go:462 +0xce fp=0x1bbac47e3f40 sp=0x1bbac47e3f20 pc=0x561715f510ae
runtime.gcBgMarkWorker(0x1bbac421a1c0)
	/usr/lib/golang/src/runtime/mgc.go:1791 +0xeb fp=0x1bbac47e3fc8 sp=0x1bbac47e3f40 pc=0x561715ef992b
runtime.gcBgMarkStartWorkers.gowrap1()
	/usr/lib/golang/src/runtime/mgc.go:1695 +0x17 fp=0x1bbac47e3fe0 sp=0x1bbac47e3fc8 pc=0x561715ef9817
runtime.goexit({})
	/usr/lib/golang/src/runtime/asm_amd64.s:1771 +0x1 fp=0x1bbac47e3fe8 sp=0x1bbac47e3fe0 pc=0x561715f58b41
created by runtime.gcBgMarkStartWorkers in goroutine 1
	/usr/lib/golang/src/runtime/mgc.go:1695 +0x105

goroutine 226 gp=0x1bbac47e6780 m=nil [GC worker (idle)]:
runtime.gopark(0x0?, 0x0?, 0x0?, 0x0?, 0x0?)
	/usr/lib/golang/src/runtime/proc.go:462 +0xce fp=0x1bbac47ec740 sp=0x1bbac47ec720 pc=0x561715f510ae
runtime.gcBgMarkWorker(0x1bbac421a1c0)
	/usr/lib/golang/src/runtime/mgc.go:1791 +0xeb fp=0x1bbac47ec7c8 sp=0x1bbac47ec740 pc=0x561715ef992b
runtime.gcBgMarkStartWorkers.gowrap1()
	/usr/lib/golang/src/runtime/mgc.go:1695 +0x17 fp=0x1bbac47ec7e0 sp=0x1bbac47ec7c8 pc=0x561715ef9817
runtime.goexit({})
	/usr/lib/golang/src/runtime/asm_amd64.s:1771 +0x1 fp=0x1bbac47ec7e8 sp=0x1bbac47ec7e0 pc=0x561715f58b41
created by runtime.gcBgMarkStartWorkers in goroutine 1
	/usr/lib/golang/src/runtime/mgc.go:1695 +0x105

goroutine 227 gp=0x1bbac47e6960 m=nil [GC worker (idle)]:
runtime.gopark(0x0?, 0x0?, 0x0?, 0x0?, 0x0?)
	/usr/lib/golang/src/runtime/proc.go:462 +0xce fp=0x1bbac47ecf40 sp=0x1bbac47ecf20 pc=0x561715f510ae
runtime.gcBgMarkWorker(0x1bbac421a1c0)
	/usr/lib/golang/src/runtime/mgc.go:1791 +0xeb fp=0x1bbac47ecfc8 sp=0x1bbac47ecf40 pc=0x561715ef992b
runtime.gcBgMarkStartWorkers.gowrap1()
	/usr/lib/golang/src/runtime/mgc.go:1695 +0x17 fp=0x1bbac47ecfe0 sp=0x1bbac47ecfc8 pc=0x561715ef9817
runtime.goexit({})
	/usr/lib/golang/src/runtime/asm_amd64.s:1771 +0x1 fp=0x1bbac47ecfe8 sp=0x1bbac47ecfe0 pc=0x561715f58b41
created by runtime.gcBgMarkStartWorkers in goroutine 1
	/usr/lib/golang/src/runtime/mgc.go:1695 +0x105

goroutine 228 gp=0x1bbac47e6b40 m=nil [GC worker (idle)]:
runtime.gopark(0x0?, 0x0?, 0x0?, 0x0?, 0x0?)
	/usr/lib/golang/src/runtime/proc.go:462 +0xce fp=0x1bbac47ed740 sp=0x1bbac47ed720 pc=0x561715f510ae
runtime.gcBgMarkWorker(0x1bbac421a1c0)
	/usr/lib/golang/src/runtime/mgc.go:1791 +0xeb fp=0x1bbac47ed7c8 sp=0x1bbac47ed740 pc=0x561715ef992b
runtime.gcBgMarkStartWorkers.gowrap1()
	/usr/lib/golang/src/runtime/mgc.go:1695 +0x17 fp=0x1bbac47ed7e0 sp=0x1bbac47ed7c8 pc=0x561715ef9817
runtime.goexit({})
	/usr/lib/golang/src/runtime/asm_amd64.s:1771 +0x1 fp=0x1bbac47ed7e8 sp=0x1bbac47ed7e0 pc=0x561715f58b41
created by runtime.gcBgMarkStartWorkers in goroutine 1
	/usr/lib/golang/src/runtime/mgc.go:1695 +0x105

goroutine 229 gp=0x1bbac47e6d20 m=nil [GC worker (idle)]:
runtime.gopark(0x0?, 0x0?, 0x0?, 0x0?, 0x0?)
	/usr/lib/golang/src/runtime/proc.go:462 +0xce fp=0x1bbac47edf40 sp=0x1bbac47edf20 pc=0x561715f510ae
runtime.gcBgMarkWorker(0x1bbac421a1c0)
	/usr/lib/golang/src/runtime/mgc.go:1791 +0xeb fp=0x1bbac47edfc8 sp=0x1bbac47edf40 pc=0x561715ef992b
runtime.gcBgMarkStartWorkers.gowrap1()
	/usr/lib/golang/src/runtime/mgc.go:1695 +0x17 fp=0x1bbac47edfe0 sp=0x1bbac47edfc8 pc=0x561715ef9817
runtime.goexit({})
	/usr/lib/golang/src/runtime/asm_amd64.s:1771 +0x1 fp=0x1bbac47edfe8 sp=0x1bbac47edfe0 pc=0x561715f58b41
created by runtime.gcBgMarkStartWorkers in goroutine 1
	/usr/lib/golang/src/runtime/mgc.go:1695 +0x105

goroutine 230 gp=0x1bbac47e6f00 m=nil [GC worker (idle)]:
runtime.gopark(0x0?, 0x0?, 0x0?, 0x0?, 0x0?)
	/usr/lib/golang/src/runtime/proc.go:462 +0xce fp=0x1bbac47ee740 sp=0x1bbac47ee720 pc=0x561715f510ae
runtime.gcBgMarkWorker(0x1bbac421a1c0)
	/usr/lib/golang/src/runtime/mgc.go:1791 +0xeb fp=0x1bbac47ee7c8 sp=0x1bbac47ee740 pc=0x561715ef992b
runtime.gcBgMarkStartWorkers.gowrap1()
	/usr/lib/golang/src/runtime/mgc.go:1695 +0x17 fp=0x1bbac47ee7e0 sp=0x1bbac47ee7c8 pc=0x561715ef9817
runtime.goexit({})
	/usr/lib/golang/src/runtime/asm_amd64.s:1771 +0x1 fp=0x1bbac47ee7e8 sp=0x1bbac47ee7e0 pc=0x561715f58b41
created by runtime.gcBgMarkStartWorkers in goroutine 1
	/usr/lib/golang/src/runtime/mgc.go:1695 +0x105

goroutine 231 gp=0x1bbac47e70e0 m=nil [GC worker (idle)]:
runtime.gopark(0x0?, 0x0?, 0x0?, 0x0?, 0x0?)
	/usr/lib/golang/src/runtime/proc.go:462 +0xce fp=0x1bbac47eef40 sp=0x1bbac47eef20 pc=0x561715f510ae
runtime.gcBgMarkWorker(0x1bbac421a1c0)
	/usr/lib/golang/src/runtime/mgc.go:1791 +0xeb fp=0x1bbac47eefc8 sp=0x1bbac47eef40 pc=0x561715ef992b
runtime.gcBgMarkStartWorkers.gowrap1()
	/usr/lib/golang/src/runtime/mgc.go:1695 +0x17 fp=0x1bbac47eefe0 sp=0x1bbac47eefc8 pc=0x561715ef9817
runtime.goexit({})
	/usr/lib/golang/src/runtime/asm_amd64.s:1771 +0x1 fp=0x1bbac47eefe8 sp=0x1bbac47eefe0 pc=0x561715f58b41
created by runtime.gcBgMarkStartWorkers in goroutine 1
	/usr/lib/golang/src/runtime/mgc.go:1695 +0x105

goroutine 232 gp=0x1bbac47e72c0 m=nil [GC worker (idle)]:
runtime.gopark(0x0?, 0x0?, 0x0?, 0x0?, 0x0?)
	/usr/lib/golang/src/runtime/proc.go:462 +0xce fp=0x1bbac47ef740 sp=0x1bbac47ef720 pc=0x561715f510ae
runtime.gcBgMarkWorker(0x1bbac421a1c0)
	/usr/lib/golang/src/runtime/mgc.go:1791 +0xeb fp=0x1bbac47ef7c8 sp=0x1bbac47ef740 pc=0x561715ef992b
runtime.gcBgMarkStartWorkers.gowrap1()
	/usr/lib/golang/src/runtime/mgc.go:1695 +0x17 fp=0x1bbac47ef7e0 sp=0x1bbac47ef7c8 pc=0x561715ef9817
runtime.goexit({})
	/usr/lib/golang/src/runtime/asm_amd64.s:1771 +0x1 fp=0x1bbac47ef7e8 sp=0x1bbac47ef7e0 pc=0x561715f58b41
created by runtime.gcBgMarkStartWorkers in goroutine 1
	/usr/lib/golang/src/runtime/mgc.go:1695 +0x105

goroutine 233 gp=0x1bbac47e74a0 m=nil [GC worker (idle)]:
runtime.gopark(0x0?, 0x0?, 0x0?, 0x0?, 0x0?)
	/usr/lib/golang/src/runtime/proc.go:462 +0xce fp=0x1bbac47eff40 sp=0x1bbac47eff20 pc=0x561715f510ae
runtime.gcBgMarkWorker(0x1bbac421a1c0)
	/usr/lib/golang/src/runtime/mgc.go:1791 +0xeb fp=0x1bbac47effc8 sp=0x1bbac47eff40 pc=0x561715ef992b
runtime.gcBgMarkStartWorkers.gowrap1()
	/usr/lib/golang/src/runtime/mgc.go:1695 +0x17 fp=0x1bbac47effe0 sp=0x1bbac47effc8 pc=0x561715ef9817
runtime.goexit({})
	/usr/lib/golang/src/runtime/asm_amd64.s:1771 +0x1 fp=0x1bbac47effe8 sp=0x1bbac47effe0 pc=0x561715f58b41
created by runtime.gcBgMarkStartWorkers in goroutine 1
	/usr/lib/golang/src/runtime/mgc.go:1695 +0x105

goroutine 234 gp=0x1bbac47e7680 m=nil [GC worker (idle)]:
runtime.gopark(0x0?, 0x0?, 0x0?, 0x0?, 0x0?)
	/usr/lib/golang/src/runtime/proc.go:462 +0xce fp=0x1bbac47e8740 sp=0x1bbac47e8720 pc=0x561715f510ae
runtime.gcBgMarkWorker(0x1bbac421a1c0)
	/usr/lib/golang/src/runtime/mgc.go:1791 +0xeb fp=0x1bbac47e87c8 sp=0x1bbac47e8740 pc=0x561715ef992b
runtime.gcBgMarkStartWorkers.gowrap1()
	/usr/lib/golang/src/runtime/mgc.go:1695 +0x17 fp=0x1bbac47e87e0 sp=0x1bbac47e87c8 pc=0x561715ef9817
runtime.goexit({})
	/usr/lib/golang/src/runtime/asm_amd64.s:1771 +0x1 fp=0x1bbac47e87e8 sp=0x1bbac47e87e0 pc=0x561715f58b41
created by runtime.gcBgMarkStartWorkers in goroutine 1
	/usr/lib/golang/src/runtime/mgc.go:1695 +0x105

goroutine 235 gp=0x1bbac47e7860 m=nil [GC worker (idle)]:
runtime.gopark(0x0?, 0x0?, 0x0?, 0x0?, 0x0?)
	/usr/lib/golang/src/runtime/proc.go:462 +0xce fp=0x1bbac47e8f40 sp=0x1bbac47e8f20 pc=0x561715f510ae
runtime.gcBgMarkWorker(0x1bbac421a1c0)
	/usr/lib/golang/src/runtime/mgc.go:1791 +0xeb fp=0x1bbac47e8fc8 sp=0x1bbac47e8f40 pc=0x561715ef992b
runtime.gcBgMarkStartWorkers.gowrap1()
	/usr/lib/golang/src/runtime/mgc.go:1695 +0x17 fp=0x1bbac47e8fe0 sp=0x1bbac47e8fc8 pc=0x561715ef9817
runtime.goexit({})
	/usr/lib/golang/src/runtime/asm_amd64.s:1771 +0x1 fp=0x1bbac47e8fe8 sp=0x1bbac47e8fe0 pc=0x561715f58b41
created by runtime.gcBgMarkStartWorkers in goroutine 1
	/usr/lib/golang/src/runtime/mgc.go:1695 +0x105

goroutine 236 gp=0x1bbac47e7a40 m=nil [GC worker (idle)]:
runtime.gopark(0x0?, 0x0?, 0x0?, 0x0?, 0x0?)
	/usr/lib/golang/src/runtime/proc.go:462 +0xce fp=0x1bbac47e9740 sp=0x1bbac47e9720 pc=0x561715f510ae
runtime.gcBgMarkWorker(0x1bbac421a1c0)
	/usr/lib/golang/src/runtime/mgc.go:1791 +0xeb fp=0x1bbac47e97c8 sp=0x1bbac47e9740 pc=0x561715ef992b
runtime.gcBgMarkStartWorkers.gowrap1()
	/usr/lib/golang/src/runtime/mgc.go:1695 +0x17 fp=0x1bbac47e97e0 sp=0x1bbac47e97c8 pc=0x561715ef9817
runtime.goexit({})
	/usr/lib/golang/src/runtime/asm_amd64.s:1771 +0x1 fp=0x1bbac47e97e8 sp=0x1bbac47e97e0 pc=0x561715f58b41
created by runtime.gcBgMarkStartWorkers in goroutine 1
	/usr/lib/golang/src/runtime/mgc.go:1695 +0x105

goroutine 220 gp=0x1bbac489b2c0 m=nil [GC worker (idle)]:
runtime.gopark(0x0?, 0x0?, 0x0?, 0x0?, 0x0?)
	/usr/lib/golang/src/runtime/proc.go:462 +0xce fp=0x1bbac47dd740 sp=0x1bbac47dd720 pc=0x561715f510ae
runtime.gcBgMarkWorker(0x1bbac421a1c0)
	/usr/lib/golang/src/runtime/mgc.go:1791 +0xeb fp=0x1bbac47dd7c8 sp=0x1bbac47dd740 pc=0x561715ef992b
runtime.gcBgMarkStartWorkers.gowrap1()
	/usr/lib/golang/src/runtime/mgc.go:1695 +0x17 fp=0x1bbac47dd7e0 sp=0x1bbac47dd7c8 pc=0x561715ef9817
runtime.goexit({})
	/usr/lib/golang/src/runtime/asm_amd64.s:1771 +0x1 fp=0x1bbac47dd7e8 sp=0x1bbac47dd7e0 pc=0x561715f58b41
created by runtime.gcBgMarkStartWorkers in goroutine 1
	/usr/lib/golang/src/runtime/mgc.go:1695 +0x105

goroutine 221 gp=0x1bbac489b4a0 m=nil [GC worker (idle)]:
runtime.gopark(0x0?, 0x0?, 0x0?, 0x0?, 0x0?)
	/usr/lib/golang/src/runtime/proc.go:462 +0xce fp=0x1bbac47ddf40 sp=0x1bbac47ddf20 pc=0x561715f510ae
runtime.gcBgMarkWorker(0x1bbac421a1c0)
	/usr/lib/golang/src/runtime/mgc.go:1791 +0xeb fp=0x1bbac47ddfc8 sp=0x1bbac47ddf40 pc=0x561715ef992b
runtime.gcBgMarkStartWorkers.gowrap1()
	/usr/lib/golang/src/runtime/mgc.go:1695 +0x17 fp=0x1bbac47ddfe0 sp=0x1bbac47ddfc8 pc=0x561715ef9817
runtime.goexit({})
	/usr/lib/golang/src/runtime/asm_amd64.s:1771 +0x1 fp=0x1bbac47ddfe8 sp=0x1bbac47ddfe0 pc=0x561715f58b41
created by runtime.gcBgMarkStartWorkers in goroutine 1
	/usr/lib/golang/src/runtime/mgc.go:1695 +0x105

goroutine 222 gp=0x1bbac489b680 m=nil [GC worker (idle)]:
runtime.gopark(0x0?, 0x0?, 0x0?, 0x0?, 0x0?)
	/usr/lib/golang/src/runtime/proc.go:462 +0xce fp=0x1bbac47de740 sp=0x1bbac47de720 pc=0x561715f510ae
runtime.gcBgMarkWorker(0x1bbac421a1c0)
	/usr/lib/golang/src/runtime/mgc.go:1791 +0xeb fp=0x1bbac47de7c8 sp=0x1bbac47de740 pc=0x561715ef992b
runtime.gcBgMarkStartWorkers.gowrap1()
	/usr/lib/golang/src/runtime/mgc.go:1695 +0x17 fp=0x1bbac47de7e0 sp=0x1bbac47de7c8 pc=0x561715ef9817
runtime.goexit({})
	/usr/lib/golang/src/runtime/asm_amd64.s:1771 +0x1 fp=0x1bbac47de7e8 sp=0x1bbac47de7e0 pc=0x561715f58b41
created by runtime.gcBgMarkStartWorkers in goroutine 1
	/usr/lib/golang/src/runtime/mgc.go:1695 +0x105

goroutine 223 gp=0x1bbac489b860 m=nil [GC worker (idle)]:
runtime.gopark(0x0?, 0x0?, 0x0?, 0x0?, 0x0?)
	/usr/lib/golang/src/runtime/proc.go:462 +0xce fp=0x1bbac47def40 sp=0x1bbac47def20 pc=0x561715f510ae
runtime.gcBgMarkWorker(0x1bbac421a1c0)
	/usr/lib/golang/src/runtime/mgc.go:1791 +0xeb fp=0x1bbac47defc8 sp=0x1bbac47def40 pc=0x561715ef992b
runtime.gcBgMarkStartWorkers.gowrap1()
	/usr/lib/golang/src/runtime/mgc.go:1695 +0x17 fp=0x1bbac47defe0 sp=0x1bbac47defc8 pc=0x561715ef9817
runtime.goexit({})
	/usr/lib/golang/src/runtime/asm_amd64.s:1771 +0x1 fp=0x1bbac47defe8 sp=0x1bbac47defe0 pc=0x561715f58b41
created by runtime.gcBgMarkStartWorkers in goroutine 1
	/usr/lib/golang/src/runtime/mgc.go:1695 +0x105

goroutine 224 gp=0x1bbac489ba40 m=nil [GC worker (idle)]:
runtime.gopark(0x0?, 0x0?, 0x0?, 0x0?, 0x0?)
	/usr/lib/golang/src/runtime/proc.go:462 +0xce fp=0x1bbac47df740 sp=0x1bbac47df720 pc=0x561715f510ae
runtime.gcBgMarkWorker(0x1bbac421a1c0)
	/usr/lib/golang/src/runtime/mgc.go:1791 +0xeb fp=0x1bbac47df7c8 sp=0x1bbac47df740 pc=0x561715ef992b
runtime.gcBgMarkStartWorkers.gowrap1()
	/usr/lib/golang/src/runtime/mgc.go:1695 +0x17 fp=0x1bbac47df7e0 sp=0x1bbac47df7c8 pc=0x561715ef9817
runtime.goexit({})
	/usr/lib/golang/src/runtime/asm_amd64.s:1771 +0x1 fp=0x1bbac47df7e8 sp=0x1bbac47df7e0 pc=0x561715f58b41
created by runtime.gcBgMarkStartWorkers in goroutine 1
	/usr/lib/golang/src/runtime/mgc.go:1695 +0x105

goroutine 225 gp=0x1bbac489bc20 m=nil [GC worker (idle)]:
runtime.gopark(0x0?, 0x0?, 0x0?, 0x0?, 0x0?)
	/usr/lib/golang/src/runtime/proc.go:462 +0xce fp=0x1bbac47dff40 sp=0x1bbac47dff20 pc=0x561715f510ae
runtime.gcBgMarkWorker(0x1bbac421a1c0)
	/usr/lib/golang/src/runtime/mgc.go:1791 +0xeb fp=0x1bbac47dffc8 sp=0x1bbac47dff40 pc=0x561715ef992b
runtime.gcBgMarkStartWorkers.gowrap1()
	/usr/lib/golang/src/runtime/mgc.go:1695 +0x17 fp=0x1bbac47dffe0 sp=0x1bbac47dffc8 pc=0x561715ef9817
runtime.goexit({})
	/usr/lib/golang/src/runtime/asm_amd64.s:1771 +0x1 fp=0x1bbac47dffe8 sp=0x1bbac47dffe0 pc=0x561715f58b41
created by runtime.gcBgMarkStartWorkers in goroutine 1
	/usr/lib/golang/src/runtime/mgc.go:1695 +0x105

goroutine 242 gp=0x1bbac489e000 m=nil [GC worker (idle)]:
runtime.gopark(0x0?, 0x0?, 0x0?, 0x0?, 0x0?)
	/usr/lib/golang/src/runtime/proc.go:462 +0xce fp=0x1bbac48a4740 sp=0x1bbac48a4720 pc=0x561715f510ae
runtime.gcBgMarkWorker(0x1bbac421a1c0)
	/usr/lib/golang/src/runtime/mgc.go:1791 +0xeb fp=0x1bbac48a47c8 sp=0x1bbac48a4740 pc=0x561715ef992b
runtime.gcBgMarkStartWorkers.gowrap1()
	/usr/lib/golang/src/runtime/mgc.go:1695 +0x17 fp=0x1bbac48a47e0 sp=0x1bbac48a47c8 pc=0x561715ef9817
runtime.goexit({})
	/usr/lib/golang/src/runtime/asm_amd64.s:1771 +0x1 fp=0x1bbac48a47e8 sp=0x1bbac48a47e0 pc=0x561715f58b41
created by runtime.gcBgMarkStartWorkers in goroutine 1
	/usr/lib/golang/src/runtime/mgc.go:1695 +0x105

goroutine 243 gp=0x1bbac489e1e0 m=nil [GC worker (idle)]:
runtime.gopark(0x0?, 0x0?, 0x0?, 0x0?, 0x0?)
	/usr/lib/golang/src/runtime/proc.go:462 +0xce fp=0x1bbac48a4f40 sp=0x1bbac48a4f20 pc=0x561715f510ae
runtime.gcBgMarkWorker(0x1bbac421a1c0)
	/usr/lib/golang/src/runtime/mgc.go:1791 +0xeb fp=0x1bbac48a4fc8 sp=0x1bbac48a4f40 pc=0x561715ef992b
runtime.gcBgMarkStartWorkers.gowrap1()
	/usr/lib/golang/src/runtime/mgc.go:1695 +0x17 fp=0x1bbac48a4fe0 sp=0x1bbac48a4fc8 pc=0x561715ef9817
runtime.goexit({})
	/usr/lib/golang/src/runtime/asm_amd64.s:1771 +0x1 fp=0x1bbac48a4fe8 sp=0x1bbac48a4fe0 pc=0x561715f58b41
created by runtime.gcBgMarkStartWorkers in goroutine 1
	/usr/lib/golang/src/runtime/mgc.go:1695 +0x105

goroutine 244 gp=0x1bbac489e3c0 m=nil [GC worker (idle)]:
runtime.gopark(0x0?, 0x0?, 0x0?, 0x0?, 0x0?)
	/usr/lib/golang/src/runtime/proc.go:462 +0xce fp=0x1bbac48a5740 sp=0x1bbac48a5720 pc=0x561715f510ae
runtime.gcBgMarkWorker(0x1bbac421a1c0)
	/usr/lib/golang/src/runtime/mgc.go:1791 +0xeb fp=0x1bbac48a57c8 sp=0x1bbac48a5740 pc=0x561715ef992b
runtime.gcBgMarkStartWorkers.gowrap1()
	/usr/lib/golang/src/runtime/mgc.go:1695 +0x17 fp=0x1bbac48a57e0 sp=0x1bbac48a57c8 pc=0x561715ef9817
runtime.goexit({})
	/usr/lib/golang/src/runtime/asm_amd64.s:1771 +0x1 fp=0x1bbac48a57e8 sp=0x1bbac48a57e0 pc=0x561715f58b41
created by runtime.gcBgMarkStartWorkers in goroutine 1
	/usr/lib/golang/src/runtime/mgc.go:1695 +0x105

goroutine 245 gp=0x1bbac489e5a0 m=nil [GC worker (idle)]:
runtime.gopark(0x0?, 0x0?, 0x0?, 0x0?, 0x0?)
	/usr/lib/golang/src/runtime/proc.go:462 +0xce fp=0x1bbac48a5f40 sp=0x1bbac48a5f20 pc=0x561715f510ae
runtime.gcBgMarkWorker(0x1bbac421a1c0)
	/usr/lib/golang/src/runtime/mgc.go:1791 +0xeb fp=0x1bbac48a5fc8 sp=0x1bbac48a5f40 pc=0x561715ef992b
runtime.gcBgMarkStartWorkers.gowrap1()
	/usr/lib/golang/src/runtime/mgc.go:1695 +0x17 fp=0x1bbac48a5fe0 sp=0x1bbac48a5fc8 pc=0x561715ef9817
runtime.goexit({})
	/usr/lib/golang/src/runtime/asm_amd64.s:1771 +0x1 fp=0x1bbac48a5fe8 sp=0x1bbac48a5fe0 pc=0x561715f58b41
created by runtime.gcBgMarkStartWorkers in goroutine 1
	/usr/lib/golang/src/runtime/mgc.go:1695 +0x105

goroutine 246 gp=0x1bbac489e780 m=nil [GC worker (idle)]:
runtime.gopark(0x0?, 0x0?, 0x0?, 0x0?, 0x0?)
	/usr/lib/golang/src/runtime/proc.go:462 +0xce fp=0x1bbac48a6740 sp=0x1bbac48a6720 pc=0x561715f510ae
runtime.gcBgMarkWorker(0x1bbac421a1c0)
	/usr/lib/golang/src/runtime/mgc.go:1791 +0xeb fp=0x1bbac48a67c8 sp=0x1bbac48a6740 pc=0x561715ef992b
runtime.gcBgMarkStartWorkers.gowrap1()
	/usr/lib/golang/src/runtime/mgc.go:1695 +0x17 fp=0x1bbac48a67e0 sp=0x1bbac48a67c8 pc=0x561715ef9817
runtime.goexit({})
	/usr/lib/golang/src/runtime/asm_amd64.s:1771 +0x1 fp=0x1bbac48a67e8 sp=0x1bbac48a67e0 pc=0x561715f58b41
created by runtime.gcBgMarkStartWorkers in goroutine 1
	/usr/lib/golang/src/runtime/mgc.go:1695 +0x105

goroutine 247 gp=0x1bbac489e960 m=nil [GC worker (idle)]:
runtime.gopark(0x0?, 0x0?, 0x0?, 0x0?, 0x0?)
	/usr/lib/golang/src/runtime/proc.go:462 +0xce fp=0x1bbac48a6f40 sp=0x1bbac48a6f20 pc=0x561715f510ae
runtime.gcBgMarkWorker(0x1bbac421a1c0)
	/usr/lib/golang/src/runtime/mgc.go:1791 +0xeb fp=0x1bbac48a6fc8 sp=0x1bbac48a6f40 pc=0x561715ef992b
runtime.gcBgMarkStartWorkers.gowrap1()
	/usr/lib/golang/src/runtime/mgc.go:1695 +0x17 fp=0x1bbac48a6fe0 sp=0x1bbac48a6fc8 pc=0x561715ef9817
runtime.goexit({})
	/usr/lib/golang/src/runtime/asm_amd64.s:1771 +0x1 fp=0x1bbac48a6fe8 sp=0x1bbac48a6fe0 pc=0x561715f58b41
created by runtime.gcBgMarkStartWorkers in goroutine 1
	/usr/lib/golang/src/runtime/mgc.go:1695 +0x105

goroutine 248 gp=0x1bbac489eb40 m=nil [GC worker (idle)]:
runtime.gopark(0x0?, 0x0?, 0x0?, 0x0?, 0x0?)
	/usr/lib/golang/src/runtime/proc.go:462 +0xce fp=0x1bbac48a7740 sp=0x1bbac48a7720 pc=0x561715f510ae
runtime.gcBgMarkWorker(0x1bbac421a1c0)
	/usr/lib/golang/src/runtime/mgc.go:1791 +0xeb fp=0x1bbac48a77c8 sp=0x1bbac48a7740 pc=0x561715ef992b
runtime.gcBgMarkStartWorkers.gowrap1()
	/usr/lib/golang/src/runtime/mgc.go:1695 +0x17 fp=0x1bbac48a77e0 sp=0x1bbac48a77c8 pc=0x561715ef9817
runtime.goexit({})
	/usr/lib/golang/src/runtime/asm_amd64.s:1771 +0x1 fp=0x1bbac48a77e8 sp=0x1bbac48a77e0 pc=0x561715f58b41
created by runtime.gcBgMarkStartWorkers in goroutine 1
	/usr/lib/golang/src/runtime/mgc.go:1695 +0x105

goroutine 249 gp=0x1bbac489ed20 m=nil [GC worker (idle)]:
runtime.gopark(0x0?, 0x0?, 0x0?, 0x0?, 0x0?)
	/usr/lib/golang/src/runtime/proc.go:462 +0xce fp=0x1bbac48a7f40 sp=0x1bbac48a7f20 pc=0x561715f510ae
runtime.gcBgMarkWorker(0x1bbac421a1c0)
	/usr/lib/golang/src/runtime/mgc.go:1791 +0xeb fp=0x1bbac48a7fc8 sp=0x1bbac48a7f40 pc=0x561715ef992b
runtime.gcBgMarkStartWorkers.gowrap1()
	/usr/lib/golang/src/runtime/mgc.go:1695 +0x17 fp=0x1bbac48a7fe0 sp=0x1bbac48a7fc8 pc=0x561715ef9817
runtime.goexit({})
	/usr/lib/golang/src/runtime/asm_amd64.s:1771 +0x1 fp=0x1bbac48a7fe8 sp=0x1bbac48a7fe0 pc=0x561715f58b41
created by runtime.gcBgMarkStartWorkers in goroutine 1
	/usr/lib/golang/src/runtime/mgc.go:1695 +0x105

goroutine 250 gp=0x1bbac489ef00 m=nil [GC worker (idle)]:
runtime.gopark(0x0?, 0x0?, 0x0?, 0x0?, 0x0?)
	/usr/lib/golang/src/runtime/proc.go:462 +0xce fp=0x1bbac48a0740 sp=0x1bbac48a0720 pc=0x561715f510ae
runtime.gcBgMarkWorker(0x1bbac421a1c0)
	/usr/lib/golang/src/runtime/mgc.go:1791 +0xeb fp=0x1bbac48a07c8 sp=0x1bbac48a0740 pc=0x561715ef992b
runtime.gcBgMarkStartWorkers.gowrap1()
	/usr/lib/golang/src/runtime/mgc.go:1695 +0x17 fp=0x1bbac48a07e0 sp=0x1bbac48a07c8 pc=0x561715ef9817
runtime.goexit({})
	/usr/lib/golang/src/runtime/asm_amd64.s:1771 +0x1 fp=0x1bbac48a07e8 sp=0x1bbac48a07e0 pc=0x561715f58b41
created by runtime.gcBgMarkStartWorkers in goroutine 1
	/usr/lib/golang/src/runtime/mgc.go:1695 +0x105

goroutine 251 gp=0x1bbac489f0e0 m=nil [GC worker (idle)]:
runtime.gopark(0x0?, 0x0?, 0x0?, 0x0?, 0x0?)
	/usr/lib/golang/src/runtime/proc.go:462 +0xce fp=0x1bbac48a0f40 sp=0x1bbac48a0f20 pc=0x561715f510ae
runtime.gcBgMarkWorker(0x1bbac421a1c0)
	/usr/lib/golang/src/runtime/mgc.go:1791 +0xeb fp=0x1bbac48a0fc8 sp=0x1bbac48a0f40 pc=0x561715ef992b
runtime.gcBgMarkStartWorkers.gowrap1()
	/usr/lib/golang/src/runtime/mgc.go:1695 +0x17 fp=0x1bbac48a0fe0 sp=0x1bbac48a0fc8 pc=0x561715ef9817
runtime.goexit({})
	/usr/lib/golang/src/runtime/asm_amd64.s:1771 +0x1 fp=0x1bbac48a0fe8 sp=0x1bbac48a0fe0 pc=0x561715f58b41
created by runtime.gcBgMarkStartWorkers in goroutine 1
	/usr/lib/golang/src/runtime/mgc.go:1695 +0x105

goroutine 252 gp=0x1bbac489f2c0 m=nil [runnable]:
runtime.gopark(0x0?, 0x0?, 0x0?, 0x0?, 0x0?)
	/usr/lib/golang/src/runtime/proc.go:462 +0xce fp=0x1bbac48a1740 sp=0x1bbac48a1720 pc=0x561715f510ae
runtime.gcBgMarkWorker(0x1bbac421a1c0)
	/usr/lib/golang/src/runtime/mgc.go:1791 +0xeb fp=0x1bbac48a17c8 sp=0x1bbac48a1740 pc=0x561715ef992b
runtime.gcBgMarkStartWorkers.gowrap1()
	/usr/lib/golang/src/runtime/mgc.go:1695 +0x17 fp=0x1bbac48a17e0 sp=0x1bbac48a17c8 pc=0x561715ef9817
runtime.goexit({})
	/usr/lib/golang/src/runtime/asm_amd64.s:1771 +0x1 fp=0x1bbac48a17e8 sp=0x1bbac48a17e0 pc=0x561715f58b41
created by runtime.gcBgMarkStartWorkers in goroutine 1
	/usr/lib/golang/src/runtime/mgc.go:1695 +0x105

goroutine 253 gp=0x1bbac489f4a0 m=9 mp=0x1bbac476f008 [GC worker (active)]:
runtime.systemstack_switch()
	/usr/lib/golang/src/runtime/asm_amd64.s:516 +0x8 fp=0x1bbac48a1f40 sp=0x1bbac48a1f30 pc=0x561715f56ea8
runtime.gcBgMarkWorker(0x1bbac421a1c0)
	/usr/lib/golang/src/runtime/mgc.go:1847 +0x1df fp=0x1bbac48a1fc8 sp=0x1bbac48a1f40 pc=0x561715ef9a1f
runtime.gcBgMarkStartWorkers.gowrap1()
	/usr/lib/golang/src/runtime/mgc.go:1695 +0x17 fp=0x1bbac48a1fe0 sp=0x1bbac48a1fc8 pc=0x561715ef9817
runtime.goexit({})
	/usr/lib/golang/src/runtime/asm_amd64.s:1771 +0x1 fp=0x1bbac48a1fe8 sp=0x1bbac48a1fe0 pc=0x561715f58b41
created by runtime.gcBgMarkStartWorkers in goroutine 1
	/usr/lib/golang/src/runtime/mgc.go:1695 +0x105

goroutine 175 gp=0x1bbac48350e0 m=nil [GC worker (idle)]:
runtime.gopark(0x0?, 0x0?, 0x0?, 0x0?, 0x0?)
	/usr/lib/golang/src/runtime/proc.go:462 +0xce fp=0x1bbac483c740 sp=0x1bbac483c720 pc=0x561715f510ae
runtime.gcBgMarkWorker(0x1bbac421a1c0)
	/usr/lib/golang/src/runtime/mgc.go:1791 +0xeb fp=0x1bbac483c7c8 sp=0x1bbac483c740 pc=0x561715ef992b
runtime.gcBgMarkStartWorkers.gowrap1()
	/usr/lib/golang/src/runtime/mgc.go:1695 +0x17 fp=0x1bbac483c7e0 sp=0x1bbac483c7c8 pc=0x561715ef9817
runtime.goexit({})
	/usr/lib/golang/src/runtime/asm_amd64.s:1771 +0x1 fp=0x1bbac483c7e8 sp=0x1bbac483c7e0 pc=0x561715f58b41
created by runtime.gcBgMarkStartWorkers in goroutine 1
	/usr/lib/golang/src/runtime/mgc.go:1695 +0x105

goroutine 176 gp=0x1bbac48352c0 m=nil [GC worker (idle)]:
runtime.gopark(0x0?, 0x0?, 0x0?, 0x0?, 0x0?)
	/usr/lib/golang/src/runtime/proc.go:462 +0xce fp=0x1bbac483cf40 sp=0x1bbac483cf20 pc=0x561715f510ae
runtime.gcBgMarkWorker(0x1bbac421a1c0)
	/usr/lib/golang/src/runtime/mgc.go:1791 +0xeb fp=0x1bbac483cfc8 sp=0x1bbac483cf40 pc=0x561715ef992b
runtime.gcBgMarkStartWorkers.gowrap1()
	/usr/lib/golang/src/runtime/mgc.go:1695 +0x17 fp=0x1bbac483cfe0 sp=0x1bbac483cfc8 pc=0x561715ef9817
runtime.goexit({})
	/usr/lib/golang/src/runtime/asm_amd64.s:1771 +0x1 fp=0x1bbac483cfe8 sp=0x1bbac483cfe0 pc=0x561715f58b41
created by runtime.gcBgMarkStartWorkers in goroutine 1
	/usr/lib/golang/src/runtime/mgc.go:1695 +0x105

goroutine 177 gp=0x1bbac48354a0 m=nil [GC worker (idle)]:
runtime.gopark(0x0?, 0x0?, 0x0?, 0x0?, 0x0?)
	/usr/lib/golang/src/runtime/proc.go:462 +0xce fp=0x1bbac483d740 sp=0x1bbac483d720 pc=0x561715f510ae
runtime.gcBgMarkWorker(0x1bbac421a1c0)
	/usr/lib/golang/src/runtime/mgc.go:1791 +0xeb fp=0x1bbac483d7c8 sp=0x1bbac483d740 pc=0x561715ef992b
runtime.gcBgMarkStartWorkers.gowrap1()
	/usr/lib/golang/src/runtime/mgc.go:1695 +0x17 fp=0x1bbac483d7e0 sp=0x1bbac483d7c8 pc=0x561715ef9817
runtime.goexit({})
	/usr/lib/golang/src/runtime/asm_amd64.s:1771 +0x1 fp=0x1bbac483d7e8 sp=0x1bbac483d7e0 pc=0x561715f58b41
created by runtime.gcBgMarkStartWorkers in goroutine 1
	/usr/lib/golang/src/runtime/mgc.go:1695 +0x105

goroutine 258 gp=0x1bbac4835680 m=nil [GC worker (idle)]:
runtime.gopark(0x0?, 0x0?, 0x0?, 0x0?, 0x0?)
	/usr/lib/golang/src/runtime/proc.go:462 +0xce fp=0x1bbac483df40 sp=0x1bbac483df20 pc=0x561715f510ae
runtime.gcBgMarkWorker(0x1bbac421a1c0)
	/usr/lib/golang/src/runtime/mgc.go:1791 +0xeb fp=0x1bbac483dfc8 sp=0x1bbac483df40 pc=0x561715ef992b
runtime.gcBgMarkStartWorkers.gowrap1()
	/usr/lib/golang/src/runtime/mgc.go:1695 +0x17 fp=0x1bbac483dfe0 sp=0x1bbac483dfc8 pc=0x561715ef9817
runtime.goexit({})
	/usr/lib/golang/src/runtime/asm_amd64.s:1771 +0x1 fp=0x1bbac483dfe8 sp=0x1bbac483dfe0 pc=0x561715f58b41
created by runtime.gcBgMarkStartWorkers in goroutine 1
	/usr/lib/golang/src/runtime/mgc.go:1695 +0x105

goroutine 259 gp=0x1bbac4835860 m=nil [GC worker (idle)]:
runtime.gopark(0x0?, 0x0?, 0x0?, 0x0?, 0x0?)
	/usr/lib/golang/src/runtime/proc.go:462 +0xce fp=0x1bbac4844740 sp=0x1bbac4844720 pc=0x561715f510ae
runtime.gcBgMarkWorker(0x1bbac421a1c0)
	/usr/lib/golang/src/runtime/mgc.go:1791 +0xeb fp=0x1bbac48447c8 sp=0x1bbac4844740 pc=0x561715ef992b
runtime.gcBgMarkStartWorkers.gowrap1()
	/usr/lib/golang/src/runtime/mgc.go:1695 +0x17 fp=0x1bbac48447e0 sp=0x1bbac48447c8 pc=0x561715ef9817
runtime.goexit({})
	/usr/lib/golang/src/runtime/asm_amd64.s:1771 +0x1 fp=0x1bbac48447e8 sp=0x1bbac48447e0 pc=0x561715f58b41
created by runtime.gcBgMarkStartWorkers in goroutine 1
	/usr/lib/golang/src/runtime/mgc.go:1695 +0x105

goroutine 260 gp=0x1bbac4835a40 m=nil [GC worker (idle)]:
runtime.gopark(0x0?, 0x0?, 0x0?, 0x0?, 0x0?)
	/usr/lib/golang/src/runtime/proc.go:462 +0xce fp=0x1bbac4844f40 sp=0x1bbac4844f20 pc=0x561715f510ae
runtime.gcBgMarkWorker(0x1bbac421a1c0)
	/usr/lib/golang/src/runtime/mgc.go:1791 +0xeb fp=0x1bbac4844fc8 sp=0x1bbac4844f40 pc=0x561715ef992b
runtime.gcBgMarkStartWorkers.gowrap1()
	/usr/lib/golang/src/runtime/mgc.go:1695 +0x17 fp=0x1bbac4844fe0 sp=0x1bbac4844fc8 pc=0x561715ef9817
runtime.goexit({})
	/usr/lib/golang/src/runtime/asm_amd64.s:1771 +0x1 fp=0x1bbac4844fe8 sp=0x1bbac4844fe0 pc=0x561715f58b41
created by runtime.gcBgMarkStartWorkers in goroutine 1
	/usr/lib/golang/src/runtime/mgc.go:1695 +0x105

goroutine 237 gp=0x1bbac47e7c20 m=nil [GC worker (idle)]:
runtime.gopark(0x0?, 0x0?, 0x0?, 0x0?, 0x0?)
	/usr/lib/golang/src/runtime/proc.go:462 +0xce fp=0x1bbac47e9f40 sp=0x1bbac47e9f20 pc=0x561715f510ae
runtime.gcBgMarkWorker(0x1bbac421a1c0)
	/usr/lib/golang/src/runtime/mgc.go:1791 +0xeb fp=0x1bbac47e9fc8 sp=0x1bbac47e9f40 pc=0x561715ef992b
runtime.gcBgMarkStartWorkers.gowrap1()
	/usr/lib/golang/src/runtime/mgc.go:1695 +0x17 fp=0x1bbac47e9fe0 sp=0x1bbac47e9fc8 pc=0x561715ef9817
runtime.goexit({})
	/usr/lib/golang/src/runtime/asm_amd64.s:1771 +0x1 fp=0x1bbac47e9fe8 sp=0x1bbac47e9fe0 pc=0x561715f58b41
created by runtime.gcBgMarkStartWorkers in goroutine 1
	/usr/lib/golang/src/runtime/mgc.go:1695 +0x105

goroutine 261 gp=0x1bbac4835c20 m=nil [GC worker (idle)]:
runtime.gopark(0x0?, 0x0?, 0x0?, 0x0?, 0x0?)
	/usr/lib/golang/src/runtime/proc.go:462 +0xce fp=0x1bbac4845740 sp=0x1bbac4845720 pc=0x561715f510ae
runtime.gcBgMarkWorker(0x1bbac421a1c0)
	/usr/lib/golang/src/runtime/mgc.go:1791 +0xeb fp=0x1bbac48457c8 sp=0x1bbac4845740 pc=0x561715ef992b
runtime.gcBgMarkStartWorkers.gowrap1()
	/usr/lib/golang/src/runtime/mgc.go:1695 +0x17 fp=0x1bbac48457e0 sp=0x1bbac48457c8 pc=0x561715ef9817
runtime.goexit({})
	/usr/lib/golang/src/runtime/asm_amd64.s:1771 +0x1 fp=0x1bbac48457e8 sp=0x1bbac48457e0 pc=0x561715f58b41
created by runtime.gcBgMarkStartWorkers in goroutine 1
	/usr/lib/golang/src/runtime/mgc.go:1695 +0x105

goroutine 254 gp=0x1bbac489f680 m=nil [GC worker (idle)]:
runtime.gopark(0x0?, 0x0?, 0x0?, 0x0?, 0x0?)
	/usr/lib/golang/src/runtime/proc.go:462 +0xce fp=0x1bbac48a2740 sp=0x1bbac48a2720 pc=0x561715f510ae
runtime.gcBgMarkWorker(0x1bbac421a1c0)
	/usr/lib/golang/src/runtime/mgc.go:1791 +0xeb fp=0x1bbac48a27c8 sp=0x1bbac48a2740 pc=0x561715ef992b
runtime.gcBgMarkStartWorkers.gowrap1()
	/usr/lib/golang/src/runtime/mgc.go:1695 +0x17 fp=0x1bbac48a27e0 sp=0x1bbac48a27c8 pc=0x561715ef9817
runtime.goexit({})
	/usr/lib/golang/src/runtime/asm_amd64.s:1771 +0x1 fp=0x1bbac48a27e8 sp=0x1bbac48a27e0 pc=0x561715f58b41
created by runtime.gcBgMarkStartWorkers in goroutine 1
	/usr/lib/golang/src/runtime/mgc.go:1695 +0x105

goroutine 255 gp=0x1bbac489f860 m=nil [GC worker (idle)]:
runtime.gopark(0x0?, 0x0?, 0x0?, 0x0?, 0x0?)
	/usr/lib/golang/src/runtime/proc.go:462 +0xce fp=0x1bbac48a2f40 sp=0x1bbac48a2f20 pc=0x561715f510ae
runtime.gcBgMarkWorker(0x1bbac421a1c0)
	/usr/lib/golang/src/runtime/mgc.go:1791 +0xeb fp=0x1bbac48a2fc8 sp=0x1bbac48a2f40 pc=0x561715ef992b
runtime.gcBgMarkStartWorkers.gowrap1()
	/usr/lib/golang/src/runtime/mgc.go:1695 +0x17 fp=0x1bbac48a2fe0 sp=0x1bbac48a2fc8 pc=0x561715ef9817
runtime.goexit({})
	/usr/lib/golang/src/runtime/asm_amd64.s:1771 +0x1 fp=0x1bbac48a2fe8 sp=0x1bbac48a2fe0 pc=0x561715f58b41
created by runtime.gcBgMarkStartWorkers in goroutine 1
	/usr/lib/golang/src/runtime/mgc.go:1695 +0x105

goroutine 256 gp=0x1bbac489fa40 m=nil [GC worker (idle)]:
runtime.gopark(0x0?, 0x0?, 0x0?, 0x0?, 0x0?)
	/usr/lib/golang/src/runtime/proc.go:462 +0xce fp=0x1bbac48a3740 sp=0x1bbac48a3720 pc=0x561715f510ae
runtime.gcBgMarkWorker(0x1bbac421a1c0)
	/usr/lib/golang/src/runtime/mgc.go:1791 +0xeb fp=0x1bbac48a37c8 sp=0x1bbac48a3740 pc=0x561715ef992b
runtime.gcBgMarkStartWorkers.gowrap1()
	/usr/lib/golang/src/runtime/mgc.go:1695 +0x17 fp=0x1bbac48a37e0 sp=0x1bbac48a37c8 pc=0x561715ef9817
runtime.goexit({})
	/usr/lib/golang/src/runtime/asm_amd64.s:1771 +0x1 fp=0x1bbac48a37e8 sp=0x1bbac48a37e0 pc=0x561715f58b41
created by runtime.gcBgMarkStartWorkers in goroutine 1
	/usr/lib/golang/src/runtime/mgc.go:1695 +0x105

goroutine 257 gp=0x1bbac489fc20 m=nil [GC worker (idle)]:
runtime.gopark(0x0?, 0x0?, 0x0?, 0x0?, 0x0?)
	/usr/lib/golang/src/runtime/proc.go:462 +0xce fp=0x1bbac48a3f40 sp=0x1bbac48a3f20 pc=0x561715f510ae
runtime.gcBgMarkWorker(0x1bbac421a1c0)
	/usr/lib/golang/src/runtime/mgc.go:1791 +0xeb fp=0x1bbac48a3fc8 sp=0x1bbac48a3f40 pc=0x561715ef992b
runtime.gcBgMarkStartWorkers.gowrap1()
	/usr/lib/golang/src/runtime/mgc.go:1695 +0x17 fp=0x1bbac48a3fe0 sp=0x1bbac48a3fc8 pc=0x561715ef9817
runtime.goexit({})
	/usr/lib/golang/src/runtime/asm_amd64.s:1771 +0x1 fp=0x1bbac48a3fe8 sp=0x1bbac48a3fe0 pc=0x561715f58b41
created by runtime.gcBgMarkStartWorkers in goroutine 1
	/usr/lib/golang/src/runtime/mgc.go:1695 +0x105

goroutine 274 gp=0x1bbac48aa000 m=nil [GC worker (idle)]:
runtime.gopark(0x0?, 0x0?, 0x0?, 0x0?, 0x0?)
	/usr/lib/golang/src/runtime/proc.go:462 +0xce fp=0x1bbac4840740 sp=0x1bbac4840720 pc=0x561715f510ae
runtime.gcBgMarkWorker(0x1bbac421a1c0)
	/usr/lib/golang/src/runtime/mgc.go:1791 +0xeb fp=0x1bbac48407c8 sp=0x1bbac4840740 pc=0x561715ef992b
runtime.gcBgMarkStartWorkers.gowrap1()
	/usr/lib/golang/src/runtime/mgc.go:1695 +0x17 fp=0x1bbac48407e0 sp=0x1bbac48407c8 pc=0x561715ef9817
runtime.goexit({})
	/usr/lib/golang/src/runtime/asm_amd64.s:1771 +0x1 fp=0x1bbac48407e8 sp=0x1bbac48407e0 pc=0x561715f58b41
created by runtime.gcBgMarkStartWorkers in goroutine 1
	/usr/lib/golang/src/runtime/mgc.go:1695 +0x105

goroutine 275 gp=0x1bbac48aa1e0 m=nil [GC worker (idle)]:
runtime.gopark(0x0?, 0x0?, 0x0?, 0x0?, 0x0?)
	/usr/lib/golang/src/runtime/proc.go:462 +0xce fp=0x1bbac4840f40 sp=0x1bbac4840f20 pc=0x561715f510ae
runtime.gcBgMarkWorker(0x1bbac421a1c0)
	/usr/lib/golang/src/runtime/mgc.go:1791 +0xeb fp=0x1bbac4840fc8 sp=0x1bbac4840f40 pc=0x561715ef992b
runtime.gcBgMarkStartWorkers.gowrap1()
	/usr/lib/golang/src/runtime/mgc.go:1695 +0x17 fp=0x1bbac4840fe0 sp=0x1bbac4840fc8 pc=0x561715ef9817
runtime.goexit({})
	/usr/lib/golang/src/runtime/asm_amd64.s:1771 +0x1 fp=0x1bbac4840fe8 sp=0x1bbac4840fe0 pc=0x561715f58b41
created by runtime.gcBgMarkStartWorkers in goroutine 1
	/usr/lib/golang/src/runtime/mgc.go:1695 +0x105

goroutine 276 gp=0x1bbac48aa3c0 m=nil [GC worker (idle)]:
runtime.gopark(0x0?, 0x0?, 0x0?, 0x0?, 0x0?)
	/usr/lib/golang/src/runtime/proc.go:462 +0xce fp=0x1bbac4841740 sp=0x1bbac4841720 pc=0x561715f510ae
runtime.gcBgMarkWorker(0x1bbac421a1c0)
	/usr/lib/golang/src/runtime/mgc.go:1791 +0xeb fp=0x1bbac48417c8 sp=0x1bbac4841740 pc=0x561715ef992b
runtime.gcBgMarkStartWorkers.gowrap1()
	/usr/lib/golang/src/runtime/mgc.go:1695 +0x17 fp=0x1bbac48417e0 sp=0x1bbac48417c8 pc=0x561715ef9817
runtime.goexit({})
	/usr/lib/golang/src/runtime/asm_amd64.s:1771 +0x1 fp=0x1bbac48417e8 sp=0x1bbac48417e0 pc=0x561715f58b41
created by runtime.gcBgMarkStartWorkers in goroutine 1
	/usr/lib/golang/src/runtime/mgc.go:1695 +0x105

goroutine 277 gp=0x1bbac48aa5a0 m=nil [GC worker (idle)]:
runtime.gopark(0x0?, 0x0?, 0x0?, 0x0?, 0x0?)
	/usr/lib/golang/src/runtime/proc.go:462 +0xce fp=0x1bbac4841f40 sp=0x1bbac4841f20 pc=0x561715f510ae
runtime.gcBgMarkWorker(0x1bbac421a1c0)
	/usr/lib/golang/src/runtime/mgc.go:1791 +0xeb fp=0x1bbac4841fc8 sp=0x1bbac4841f40 pc=0x561715ef992b
runtime.gcBgMarkStartWorkers.gowrap1()
	/usr/lib/golang/src/runtime/mgc.go:1695 +0x17 fp=0x1bbac4841fe0 sp=0x1bbac4841fc8 pc=0x561715ef9817
runtime.goexit({})
	/usr/lib/golang/src/runtime/asm_amd64.s:1771 +0x1 fp=0x1bbac4841fe8 sp=0x1bbac4841fe0 pc=0x561715f58b41
created by runtime.gcBgMarkStartWorkers in goroutine 1
	/usr/lib/golang/src/runtime/mgc.go:1695 +0x105

goroutine 278 gp=0x1bbac48aa780 m=nil [GC worker (idle)]:
runtime.gopark(0x0?, 0x0?, 0x0?, 0x0?, 0x0?)
	/usr/lib/golang/src/runtime/proc.go:462 +0xce fp=0x1bbac4842740 sp=0x1bbac4842720 pc=0x561715f510ae
runtime.gcBgMarkWorker(0x1bbac421a1c0)
	/usr/lib/golang/src/runtime/mgc.go:1791 +0xeb fp=0x1bbac48427c8 sp=0x1bbac4842740 pc=0x561715ef992b
runtime.gcBgMarkStartWorkers.gowrap1()
	/usr/lib/golang/src/runtime/mgc.go:1695 +0x17 fp=0x1bbac48427e0 sp=0x1bbac48427c8 pc=0x561715ef9817
runtime.goexit({})
	/usr/lib/golang/src/runtime/asm_amd64.s:1771 +0x1 fp=0x1bbac48427e8 sp=0x1bbac48427e0 pc=0x561715f58b41
created by runtime.gcBgMarkStartWorkers in goroutine 1
	/usr/lib/golang/src/runtime/mgc.go:1695 +0x105

goroutine 279 gp=0x1bbac48aa960 m=nil [GC worker (idle)]:
runtime.gopark(0x0?, 0x0?, 0x0?, 0x0?, 0x0?)
	/usr/lib/golang/src/runtime/proc.go:462 +0xce fp=0x1bbac4842f40 sp=0x1bbac4842f20 pc=0x561715f510ae
runtime.gcBgMarkWorker(0x1bbac421a1c0)
	/usr/lib/golang/src/runtime/mgc.go:1791 +0xeb fp=0x1bbac4842fc8 sp=0x1bbac4842f40 pc=0x561715ef992b
runtime.gcBgMarkStartWorkers.gowrap1()
	/usr/lib/golang/src/runtime/mgc.go:1695 +0x17 fp=0x1bbac4842fe0 sp=0x1bbac4842fc8 pc=0x561715ef9817
runtime.goexit({})
	/usr/lib/golang/src/runtime/asm_amd64.s:1771 +0x1 fp=0x1bbac4842fe8 sp=0x1bbac4842fe0 pc=0x561715f58b41
created by runtime.gcBgMarkStartWorkers in goroutine 1
	/usr/lib/golang/src/runtime/mgc.go:1695 +0x105

goroutine 280 gp=0x1bbac48aab40 m=nil [GC worker (idle)]:
runtime.gopark(0x0?, 0x0?, 0x0?, 0x0?, 0x0?)
	/usr/lib/golang/src/runtime/proc.go:462 +0xce fp=0x1bbac4843740 sp=0x1bbac4843720 pc=0x561715f510ae
runtime.gcBgMarkWorker(0x1bbac421a1c0)
	/usr/lib/golang/src/runtime/mgc.go:1791 +0xeb fp=0x1bbac48437c8 sp=0x1bbac4843740 pc=0x561715ef992b
runtime.gcBgMarkStartWorkers.gowrap1()
	/usr/lib/golang/src/runtime/mgc.go:1695 +0x17 fp=0x1bbac48437e0 sp=0x1bbac48437c8 pc=0x561715ef9817
runtime.goexit({})
	/usr/lib/golang/src/runtime/asm_amd64.s:1771 +0x1 fp=0x1bbac48437e8 sp=0x1bbac48437e0 pc=0x561715f58b41
created by runtime.gcBgMarkStartWorkers in goroutine 1
	/usr/lib/golang/src/runtime/mgc.go:1695 +0x105

goroutine 281 gp=0x1bbac48aad20 m=nil [GC worker (idle)]:
runtime.gopark(0x0?, 0x0?, 0x0?, 0x0?, 0x0?)
	/usr/lib/golang/src/runtime/proc.go:462 +0xce fp=0x1bbac4843f40 sp=0x1bbac4843f20 pc=0x561715f510ae
runtime.gcBgMarkWorker(0x1bbac421a1c0)
	/usr/lib/golang/src/runtime/mgc.go:1791 +0xeb fp=0x1bbac4843fc8 sp=0x1bbac4843f40 pc=0x561715ef992b
runtime.gcBgMarkStartWorkers.gowrap1()
	/usr/lib/golang/src/runtime/mgc.go:1695 +0x17 fp=0x1bbac4843fe0 sp=0x1bbac4843fc8 pc=0x561715ef9817
runtime.goexit({})
	/usr/lib/golang/src/runtime/asm_amd64.s:1771 +0x1 fp=0x1bbac4843fe8 sp=0x1bbac4843fe0 pc=0x561715f58b41
created by runtime.gcBgMarkStartWorkers in goroutine 1
	/usr/lib/golang/src/runtime/mgc.go:1695 +0x105

goroutine 282 gp=0x1bbac48aaf00 m=nil [GC worker (idle)]:
runtime.gopark(0x0?, 0x0?, 0x0?, 0x0?, 0x0?)
	/usr/lib/golang/src/runtime/proc.go:462 +0xce fp=0x1bbac48b0740 sp=0x1bbac48b0720 pc=0x561715f510ae
runtime.gcBgMarkWorker(0x1bbac421a1c0)
	/usr/lib/golang/src/runtime/mgc.go:1791 +0xeb fp=0x1bbac48b07c8 sp=0x1bbac48b0740 pc=0x561715ef992b
runtime.gcBgMarkStartWorkers.gowrap1()
	/usr/lib/golang/src/runtime/mgc.go:1695 +0x17 fp=0x1bbac48b07e0 sp=0x1bbac48b07c8 pc=0x561715ef9817
runtime.goexit({})
	/usr/lib/golang/src/runtime/asm_amd64.s:1771 +0x1 fp=0x1bbac48b07e8 sp=0x1bbac48b07e0 pc=0x561715f58b41
created by runtime.gcBgMarkStartWorkers in goroutine 1
	/usr/lib/golang/src/runtime/mgc.go:1695 +0x105

goroutine 283 gp=0x1bbac48ab0e0 m=nil [GC worker (idle)]:
runtime.gopark(0x0?, 0x0?, 0x0?, 0x0?, 0x0?)
	/usr/lib/golang/src/runtime/proc.go:462 +0xce fp=0x1bbac48b0f40 sp=0x1bbac48b0f20 pc=0x561715f510ae
runtime.gcBgMarkWorker(0x1bbac421a1c0)
	/usr/lib/golang/src/runtime/mgc.go:1791 +0xeb fp=0x1bbac48b0fc8 sp=0x1bbac48b0f40 pc=0x561715ef992b
runtime.gcBgMarkStartWorkers.gowrap1()
	/usr/lib/golang/src/runtime/mgc.go:1695 +0x17 fp=0x1bbac48b0fe0 sp=0x1bbac48b0fc8 pc=0x561715ef9817
runtime.goexit({})
	/usr/lib/golang/src/runtime/asm_amd64.s:1771 +0x1 fp=0x1bbac48b0fe8 sp=0x1bbac48b0fe0 pc=0x561715f58b41
created by runtime.gcBgMarkStartWorkers in goroutine 1
	/usr/lib/golang/src/runtime/mgc.go:1695 +0x105

goroutine 284 gp=0x1bbac48ab2c0 m=nil [GC worker (idle)]:
runtime.gopark(0x0?, 0x0?, 0x0?, 0x0?, 0x0?)
	/usr/lib/golang/src/runtime/proc.go:462 +0xce fp=0x1bbac48b1740 sp=0x1bbac48b1720 pc=0x561715f510ae
runtime.gcBgMarkWorker(0x1bbac421a1c0)
	/usr/lib/golang/src/runtime/mgc.go:1791 +0xeb fp=0x1bbac48b17c8 sp=0x1bbac48b1740 pc=0x561715ef992b
runtime.gcBgMarkStartWorkers.gowrap1()
	/usr/lib/golang/src/runtime/mgc.go:1695 +0x17 fp=0x1bbac48b17e0 sp=0x1bbac48b17c8 pc=0x561715ef9817
runtime.goexit({})
	/usr/lib/golang/src/runtime/asm_amd64.s:1771 +0x1 fp=0x1bbac48b17e8 sp=0x1bbac48b17e0 pc=0x561715f58b41
created by runtime.gcBgMarkStartWorkers in goroutine 1
	/usr/lib/golang/src/runtime/mgc.go:1695 +0x105

goroutine 285 gp=0x1bbac48ab4a0 m=nil [GC worker (idle)]:
runtime.gopark(0x0?, 0x0?, 0x0?, 0x0?, 0x0?)
	/usr/lib/golang/src/runtime/proc.go:462 +0xce fp=0x1bbac48b1f40 sp=0x1bbac48b1f20 pc=0x561715f510ae
runtime.gcBgMarkWorker(0x1bbac421a1c0)
	/usr/lib/golang/src/runtime/mgc.go:1791 +0xeb fp=0x1bbac48b1fc8 sp=0x1bbac48b1f40 pc=0x561715ef992b
runtime.gcBgMarkStartWorkers.gowrap1()
	/usr/lib/golang/src/runtime/mgc.go:1695 +0x17 fp=0x1bbac48b1fe0 sp=0x1bbac48b1fc8 pc=0x561715ef9817
runtime.goexit({})
	/usr/lib/golang/src/runtime/asm_amd64.s:1771 +0x1 fp=0x1bbac48b1fe8 sp=0x1bbac48b1fe0 pc=0x561715f58b41
created by runtime.gcBgMarkStartWorkers in goroutine 1
	/usr/lib/golang/src/runtime/mgc.go:1695 +0x105

goroutine 286 gp=0x1bbac48ab680 m=nil [GC worker (idle)]:
runtime.gopark(0x0?, 0x0?, 0x0?, 0x0?, 0x0?)
	/usr/lib/golang/src/runtime/proc.go:462 +0xce fp=0x1bbac48b2740 sp=0x1bbac48b2720 pc=0x561715f510ae
runtime.gcBgMarkWorker(0x1bbac421a1c0)
	/usr/lib/golang/src/runtime/mgc.go:1791 +0xeb fp=0x1bbac48b27c8 sp=0x1bbac48b2740 pc=0x561715ef992b
runtime.gcBgMarkStartWorkers.gowrap1()
	/usr/lib/golang/src/runtime/mgc.go:1695 +0x17 fp=0x1bbac48b27e0 sp=0x1bbac48b27c8 pc=0x561715ef9817
runtime.goexit({})
	/usr/lib/golang/src/runtime/asm_amd64.s:1771 +0x1 fp=0x1bbac48b27e8 sp=0x1bbac48b27e0 pc=0x561715f58b41
created by runtime.gcBgMarkStartWorkers in goroutine 1
	/usr/lib/golang/src/runtime/mgc.go:1695 +0x105

goroutine 287 gp=0x1bbac48ab860 m=nil [GC worker (idle)]:
runtime.gopark(0x0?, 0x0?, 0x0?, 0x0?, 0x0?)
	/usr/lib/golang/src/runtime/proc.go:462 +0xce fp=0x1bbac48b2f40 sp=0x1bbac48b2f20 pc=0x561715f510ae
runtime.gcBgMarkWorker(0x1bbac421a1c0)
	/usr/lib/golang/src/runtime/mgc.go:1791 +0xeb fp=0x1bbac48b2fc8 sp=0x1bbac48b2f40 pc=0x561715ef992b
runtime.gcBgMarkStartWorkers.gowrap1()
	/usr/lib/golang/src/runtime/mgc.go:1695 +0x17 fp=0x1bbac48b2fe0 sp=0x1bbac48b2fc8 pc=0x561715ef9817
runtime.goexit({})
	/usr/lib/golang/src/runtime/asm_amd64.s:1771 +0x1 fp=0x1bbac48b2fe8 sp=0x1bbac48b2fe0 pc=0x561715f58b41
created by runtime.gcBgMarkStartWorkers in goroutine 1
	/usr/lib/golang/src/runtime/mgc.go:1695 +0x105

goroutine 288 gp=0x1bbac48aba40 m=nil [GC worker (idle)]:
runtime.gopark(0x0?, 0x0?, 0x0?, 0x0?, 0x0?)
	/usr/lib/golang/src/runtime/proc.go:462 +0xce fp=0x1bbac48b3740 sp=0x1bbac48b3720 pc=0x561715f510ae
runtime.gcBgMarkWorker(0x1bbac421a1c0)
	/usr/lib/golang/src/runtime/mgc.go:1791 +0xeb fp=0x1bbac48b37c8 sp=0x1bbac48b3740 pc=0x561715ef992b
runtime.gcBgMarkStartWorkers.gowrap1()
	/usr/lib/golang/src/runtime/mgc.go:1695 +0x17 fp=0x1bbac48b37e0 sp=0x1bbac48b37c8 pc=0x561715ef9817
runtime.goexit({})
	/usr/lib/golang/src/runtime/asm_amd64.s:1771 +0x1 fp=0x1bbac48b37e8 sp=0x1bbac48b37e0 pc=0x561715f58b41
created by runtime.gcBgMarkStartWorkers in goroutine 1
	/usr/lib/golang/src/runtime/mgc.go:1695 +0x105

goroutine 289 gp=0x1bbac48abc20 m=nil [GC worker (idle)]:
runtime.gopark(0x0?, 0x0?, 0x0?, 0x0?, 0x0?)
	/usr/lib/golang/src/runtime/proc.go:462 +0xce fp=0x1bbac48b3f40 sp=0x1bbac48b3f20 pc=0x561715f510ae
runtime.gcBgMarkWorker(0x1bbac421a1c0)
	/usr/lib/golang/src/runtime/mgc.go:1791 +0xeb fp=0x1bbac48b3fc8 sp=0x1bbac48b3f40 pc=0x561715ef992b
runtime.gcBgMarkStartWorkers.gowrap1()
	/usr/lib/golang/src/runtime/mgc.go:1695 +0x17 fp=0x1bbac48b3fe0 sp=0x1bbac48b3fc8 pc=0x561715ef9817
runtime.goexit({})
	/usr/lib/golang/src/runtime/asm_amd64.s:1771 +0x1 fp=0x1bbac48b3fe8 sp=0x1bbac48b3fe0 pc=0x561715f58b41
created by runtime.gcBgMarkStartWorkers in goroutine 1
	/usr/lib/golang/src/runtime/mgc.go:1695 +0x105

goroutine 290 gp=0x1bbac48b6000 m=nil [GC worker (idle)]:
runtime.gopark(0x0?, 0x0?, 0x0?, 0x0?, 0x0?)
	/usr/lib/golang/src/runtime/proc.go:462 +0xce fp=0x1bbac48ac740 sp=0x1bbac48ac720 pc=0x561715f510ae
runtime.gcBgMarkWorker(0x1bbac421a1c0)
	/usr/lib/golang/src/runtime/mgc.go:1791 +0xeb fp=0x1bbac48ac7c8 sp=0x1bbac48ac740 pc=0x561715ef992b
runtime.gcBgMarkStartWorkers.gowrap1()
	/usr/lib/golang/src/runtime/mgc.go:1695 +0x17 fp=0x1bbac48ac7e0 sp=0x1bbac48ac7c8 pc=0x561715ef9817
runtime.goexit({})
	/usr/lib/golang/src/runtime/asm_amd64.s:1771 +0x1 fp=0x1bbac48ac7e8 sp=0x1bbac48ac7e0 pc=0x561715f58b41
created by runtime.gcBgMarkStartWorkers in goroutine 1
	/usr/lib/golang/src/runtime/mgc.go:1695 +0x105

goroutine 291 gp=0x1bbac48b61e0 m=nil [GC worker (idle)]:
runtime.gopark(0x0?, 0x0?, 0x0?, 0x0?, 0x0?)
	/usr/lib/golang/src/runtime/proc.go:462 +0xce fp=0x1bbac48acf40 sp=0x1bbac48acf20 pc=0x561715f510ae
runtime.gcBgMarkWorker(0x1bbac421a1c0)
	/usr/lib/golang/src/runtime/mgc.go:1791 +0xeb fp=0x1bbac48acfc8 sp=0x1bbac48acf40 pc=0x561715ef992b
runtime.gcBgMarkStartWorkers.gowrap1()
	/usr/lib/golang/src/runtime/mgc.go:1695 +0x17 fp=0x1bbac48acfe0 sp=0x1bbac48acfc8 pc=0x561715ef9817
runtime.goexit({})
	/usr/lib/golang/src/runtime/asm_amd64.s:1771 +0x1 fp=0x1bbac48acfe8 sp=0x1bbac48acfe0 pc=0x561715f58b41
created by runtime.gcBgMarkStartWorkers in goroutine 1
	/usr/lib/golang/src/runtime/mgc.go:1695 +0x105

goroutine 292 gp=0x1bbac48b63c0 m=nil [GC worker (idle)]:
runtime.gopark(0x0?, 0x0?, 0x0?, 0x0?, 0x0?)
	/usr/lib/golang/src/runtime/proc.go:462 +0xce fp=0x1bbac48ad740 sp=0x1bbac48ad720 pc=0x561715f510ae
runtime.gcBgMarkWorker(0x1bbac421a1c0)
	/usr/lib/golang/src/runtime/mgc.go:1791 +0xeb fp=0x1bbac48ad7c8 sp=0x1bbac48ad740 pc=0x561715ef992b
runtime.gcBgMarkStartWorkers.gowrap1()
	/usr/lib/golang/src/runtime/mgc.go:1695 +0x17 fp=0x1bbac48ad7e0 sp=0x1bbac48ad7c8 pc=0x561715ef9817
runtime.goexit({})
	/usr/lib/golang/src/runtime/asm_amd64.s:1771 +0x1 fp=0x1bbac48ad7e8 sp=0x1bbac48ad7e0 pc=0x561715f58b41
created by runtime.gcBgMarkStartWorkers in goroutine 1
	/usr/lib/golang/src/runtime/mgc.go:1695 +0x105

goroutine 293 gp=0x1bbac48b65a0 m=nil [GC worker (idle)]:
runtime.gopark(0x0?, 0x0?, 0x0?, 0x0?, 0x0?)
	/usr/lib/golang/src/runtime/proc.go:462 +0xce fp=0x1bbac48adf40 sp=0x1bbac48adf20 pc=0x561715f510ae
runtime.gcBgMarkWorker(0x1bbac421a1c0)
	/usr/lib/golang/src/runtime/mgc.go:1791 +0xeb fp=0x1bbac48adfc8 sp=0x1bbac48adf40 pc=0x561715ef992b
runtime.gcBgMarkStartWorkers.gowrap1()
	/usr/lib/golang/src/runtime/mgc.go:1695 +0x17 fp=0x1bbac48adfe0 sp=0x1bbac48adfc8 pc=0x561715ef9817
runtime.goexit({})
	/usr/lib/golang/src/runtime/asm_amd64.s:1771 +0x1 fp=0x1bbac48adfe8 sp=0x1bbac48adfe0 pc=0x561715f58b41
created by runtime.gcBgMarkStartWorkers in goroutine 1
	/usr/lib/golang/src/runtime/mgc.go:1695 +0x105

goroutine 294 gp=0x1bbac48b6780 m=nil [GC worker (idle)]:
runtime.gopark(0x0?, 0x0?, 0x0?, 0x0?, 0x0?)
	/usr/lib/golang/src/runtime/proc.go:462 +0xce fp=0x1bbac48ae740 sp=0x1bbac48ae720 pc=0x561715f510ae
runtime.gcBgMarkWorker(0x1bbac421a1c0)
	/usr/lib/golang/src/runtime/mgc.go:1791 +0xeb fp=0x1bbac48ae7c8 sp=0x1bbac48ae740 pc=0x561715ef992b
runtime.gcBgMarkStartWorkers.gowrap1()
	/usr/lib/golang/src/runtime/mgc.go:1695 +0x17 fp=0x1bbac48ae7e0 sp=0x1bbac48ae7c8 pc=0x561715ef9817
runtime.goexit({})
	/usr/lib/golang/src/runtime/asm_amd64.s:1771 +0x1 fp=0x1bbac48ae7e8 sp=0x1bbac48ae7e0 pc=0x561715f58b41
created by runtime.gcBgMarkStartWorkers in goroutine 1
	/usr/lib/golang/src/runtime/mgc.go:1695 +0x105

goroutine 295 gp=0x1bbac48b6960 m=nil [GC worker (idle)]:
runtime.gopark(0x0?, 0x0?, 0x0?, 0x0?, 0x0?)
	/usr/lib/golang/src/runtime/proc.go:462 +0xce fp=0x1bbac48aef40 sp=0x1bbac48aef20 pc=0x561715f510ae
runtime.gcBgMarkWorker(0x1bbac421a1c0)
	/usr/lib/golang/src/runtime/mgc.go:1791 +0xeb fp=0x1bbac48aefc8 sp=0x1bbac48aef40 pc=0x561715ef992b
runtime.gcBgMarkStartWorkers.gowrap1()
	/usr/lib/golang/src/runtime/mgc.go:1695 +0x17 fp=0x1bbac48aefe0 sp=0x1bbac48aefc8 pc=0x561715ef9817
runtime.goexit({})
	/usr/lib/golang/src/runtime/asm_amd64.s:1771 +0x1 fp=0x1bbac48aefe8 sp=0x1bbac48aefe0 pc=0x561715f58b41
created by runtime.gcBgMarkStartWorkers in goroutine 1
	/usr/lib/golang/src/runtime/mgc.go:1695 +0x105

goroutine 296 gp=0x1bbac48b6b40 m=nil [GC worker (idle)]:
runtime.gopark(0x0?, 0x0?, 0x0?, 0x0?, 0x0?)
	/usr/lib/golang/src/runtime/proc.go:462 +0xce fp=0x1bbac48af740 sp=0x1bbac48af720 pc=0x561715f510ae
runtime.gcBgMarkWorker(0x1bbac421a1c0)
	/usr/lib/golang/src/runtime/mgc.go:1791 +0xeb fp=0x1bbac48af7c8 sp=0x1bbac48af740 pc=0x561715ef992b
runtime.gcBgMarkStartWorkers.gowrap1()
	/usr/lib/golang/src/runtime/mgc.go:1695 +0x17 fp=0x1bbac48af7e0 sp=0x1bbac48af7c8 pc=0x561715ef9817
runtime.goexit({})
	/usr/lib/golang/src/runtime/asm_amd64.s:1771 +0x1 fp=0x1bbac48af7e8 sp=0x1bbac48af7e0 pc=0x561715f58b41
created by runtime.gcBgMarkStartWorkers in goroutine 1
	/usr/lib/golang/src/runtime/mgc.go:1695 +0x105

goroutine 297 gp=0x1bbac48b6d20 m=nil [GC worker (idle)]:
runtime.gopark(0x0?, 0x0?, 0x0?, 0x0?, 0x0?)
	/usr/lib/golang/src/runtime/proc.go:462 +0xce fp=0x1bbac48aff40 sp=0x1bbac48aff20 pc=0x561715f510ae
runtime.gcBgMarkWorker(0x1bbac421a1c0)
	/usr/lib/golang/src/runtime/mgc.go:1791 +0xeb fp=0x1bbac48affc8 sp=0x1bbac48aff40 pc=0x561715ef992b
runtime.gcBgMarkStartWorkers.gowrap1()
	/usr/lib/golang/src/runtime/mgc.go:1695 +0x17 fp=0x1bbac48affe0 sp=0x1bbac48affc8 pc=0x561715ef9817
runtime.goexit({})
	/usr/lib/golang/src/runtime/asm_amd64.s:1771 +0x1 fp=0x1bbac48affe8 sp=0x1bbac48affe0 pc=0x561715f58b41
created by runtime.gcBgMarkStartWorkers in goroutine 1
	/usr/lib/golang/src/runtime/mgc.go:1695 +0x105

goroutine 298 gp=0x1bbac48b6f00 m=nil [GC worker (idle)]:
runtime.gopark(0x0?, 0x0?, 0x0?, 0x0?, 0x0?)
	/usr/lib/golang/src/runtime/proc.go:462 +0xce fp=0x1bbac48bc740 sp=0x1bbac48bc720 pc=0x561715f510ae
runtime.gcBgMarkWorker(0x1bbac421a1c0)
	/usr/lib/golang/src/runtime/mgc.go:1791 +0xeb fp=0x1bbac48bc7c8 sp=0x1bbac48bc740 pc=0x561715ef992b
runtime.gcBgMarkStartWorkers.gowrap1()
	/usr/lib/golang/src/runtime/mgc.go:1695 +0x17 fp=0x1bbac48bc7e0 sp=0x1bbac48bc7c8 pc=0x561715ef9817
runtime.goexit({})
	/usr/lib/golang/src/runtime/asm_amd64.s:1771 +0x1 fp=0x1bbac48bc7e8 sp=0x1bbac48bc7e0 pc=0x561715f58b41
created by runtime.gcBgMarkStartWorkers in goroutine 1
	/usr/lib/golang/src/runtime/mgc.go:1695 +0x105

goroutine 299 gp=0x1bbac48b70e0 m=nil [GC worker (idle)]:
runtime.gopark(0x0?, 0x0?, 0x0?, 0x0?, 0x0?)
	/usr/lib/golang/src/runtime/proc.go:462 +0xce fp=0x1bbac48bcf40 sp=0x1bbac48bcf20 pc=0x561715f510ae
runtime.gcBgMarkWorker(0x1bbac421a1c0)
	/usr/lib/golang/src/runtime/mgc.go:1791 +0xeb fp=0x1bbac48bcfc8 sp=0x1bbac48bcf40 pc=0x561715ef992b
runtime.gcBgMarkStartWorkers.gowrap1()
	/usr/lib/golang/src/runtime/mgc.go:1695 +0x17 fp=0x1bbac48bcfe0 sp=0x1bbac48bcfc8 pc=0x561715ef9817
runtime.goexit({})
	/usr/lib/golang/src/runtime/asm_amd64.s:1771 +0x1 fp=0x1bbac48bcfe8 sp=0x1bbac48bcfe0 pc=0x561715f58b41
created by runtime.gcBgMarkStartWorkers in goroutine 1
	/usr/lib/golang/src/runtime/mgc.go:1695 +0x105

goroutine 300 gp=0x1bbac48b72c0 m=nil [GC worker (idle)]:
runtime.gopark(0x0?, 0x0?, 0x0?, 0x0?, 0x0?)
	/usr/lib/golang/src/runtime/proc.go:462 +0xce fp=0x1bbac48bd740 sp=0x1bbac48bd720 pc=0x561715f510ae
runtime.gcBgMarkWorker(0x1bbac421a1c0)
	/usr/lib/golang/src/runtime/mgc.go:1791 +0xeb fp=0x1bbac48bd7c8 sp=0x1bbac48bd740 pc=0x561715ef992b
runtime.gcBgMarkStartWorkers.gowrap1()
	/usr/lib/golang/src/runtime/mgc.go:1695 +0x17 fp=0x1bbac48bd7e0 sp=0x1bbac48bd7c8 pc=0x561715ef9817
runtime.goexit({})
	/usr/lib/golang/src/runtime/asm_amd64.s:1771 +0x1 fp=0x1bbac48bd7e8 sp=0x1bbac48bd7e0 pc=0x561715f58b41
created by runtime.gcBgMarkStartWorkers in goroutine 1
	/usr/lib/golang/src/runtime/mgc.go:1695 +0x105

goroutine 301 gp=0x1bbac48b74a0 m=nil [GC worker (idle)]:
runtime.gopark(0x0?, 0x0?, 0x0?, 0x0?, 0x0?)
	/usr/lib/golang/src/runtime/proc.go:462 +0xce fp=0x1bbac48bdf40 sp=0x1bbac48bdf20 pc=0x561715f510ae
runtime.gcBgMarkWorker(0x1bbac421a1c0)
	/usr/lib/golang/src/runtime/mgc.go:1791 +0xeb fp=0x1bbac48bdfc8 sp=0x1bbac48bdf40 pc=0x561715ef992b
runtime.gcBgMarkStartWorkers.gowrap1()
	/usr/lib/golang/src/runtime/mgc.go:1695 +0x17 fp=0x1bbac48bdfe0 sp=0x1bbac48bdfc8 pc=0x561715ef9817
runtime.goexit({})
	/usr/lib/golang/src/runtime/asm_amd64.s:1771 +0x1 fp=0x1bbac48bdfe8 sp=0x1bbac48bdfe0 pc=0x561715f58b41
created by runtime.gcBgMarkStartWorkers in goroutine 1
	/usr/lib/golang/src/runtime/mgc.go:1695 +0x105

goroutine 302 gp=0x1bbac48b7680 m=nil [GC worker (idle)]:
runtime.gopark(0x0?, 0x0?, 0x0?, 0x0?, 0x0?)
	/usr/lib/golang/src/runtime/proc.go:462 +0xce fp=0x1bbac48be740 sp=0x1bbac48be720 pc=0x561715f510ae
runtime.gcBgMarkWorker(0x1bbac421a1c0)
	/usr/lib/golang/src/runtime/mgc.go:1791 +0xeb fp=0x1bbac48be7c8 sp=0x1bbac48be740 pc=0x561715ef992b
runtime.gcBgMarkStartWorkers.gowrap1()
	/usr/lib/golang/src/runtime/mgc.go:1695 +0x17 fp=0x1bbac48be7e0 sp=0x1bbac48be7c8 pc=0x561715ef9817
runtime.goexit({})
	/usr/lib/golang/src/runtime/asm_amd64.s:1771 +0x1 fp=0x1bbac48be7e8 sp=0x1bbac48be7e0 pc=0x561715f58b41
created by runtime.gcBgMarkStartWorkers in goroutine 1
	/usr/lib/golang/src/runtime/mgc.go:1695 +0x105

goroutine 303 gp=0x1bbac48b7860 m=nil [GC worker (idle)]:
runtime.gopark(0x0?, 0x0?, 0x0?, 0x0?, 0x0?)
	/usr/lib/golang/src/runtime/proc.go:462 +0xce fp=0x1bbac48bef40 sp=0x1bbac48bef20 pc=0x561715f510ae
runtime.gcBgMarkWorker(0x1bbac421a1c0)
	/usr/lib/golang/src/runtime/mgc.go:1791 +0xeb fp=0x1bbac48befc8 sp=0x1bbac48bef40 pc=0x561715ef992b
runtime.gcBgMarkStartWorkers.gowrap1()
	/usr/lib/golang/src/runtime/mgc.go:1695 +0x17 fp=0x1bbac48befe0 sp=0x1bbac48befc8 pc=0x561715ef9817
runtime.goexit({})
	/usr/lib/golang/src/runtime/asm_amd64.s:1771 +0x1 fp=0x1bbac48befe8 sp=0x1bbac48befe0 pc=0x561715f58b41
created by runtime.gcBgMarkStartWorkers in goroutine 1
	/usr/lib/golang/src/runtime/mgc.go:1695 +0x105

goroutine 304 gp=0x1bbac48b7a40 m=nil [GC worker (idle)]:
runtime.gopark(0x0?, 0x0?, 0x0?, 0x0?, 0x0?)
	/usr/lib/golang/src/runtime/proc.go:462 +0xce fp=0x1bbac48bf740 sp=0x1bbac48bf720 pc=0x561715f510ae
runtime.gcBgMarkWorker(0x1bbac421a1c0)
	/usr/lib/golang/src/runtime/mgc.go:1791 +0xeb fp=0x1bbac48bf7c8 sp=0x1bbac48bf740 pc=0x561715ef992b
runtime.gcBgMarkStartWorkers.gowrap1()
	/usr/lib/golang/src/runtime/mgc.go:1695 +0x17 fp=0x1bbac48bf7e0 sp=0x1bbac48bf7c8 pc=0x561715ef9817
runtime.goexit({})
	/usr/lib/golang/src/runtime/asm_amd64.s:1771 +0x1 fp=0x1bbac48bf7e8 sp=0x1bbac48bf7e0 pc=0x561715f58b41
created by runtime.gcBgMarkStartWorkers in goroutine 1
	/usr/lib/golang/src/runtime/mgc.go:1695 +0x105

goroutine 305 gp=0x1bbac48b7c20 m=nil [GC worker (idle)]:
runtime.gopark(0x0?, 0x0?, 0x0?, 0x0?, 0x0?)
	/usr/lib/golang/src/runtime/proc.go:462 +0xce fp=0x1bbac48bff40 sp=0x1bbac48bff20 pc=0x561715f510ae
runtime.gcBgMarkWorker(0x1bbac421a1c0)
	/usr/lib/golang/src/runtime/mgc.go:1791 +0xeb fp=0x1bbac48bffc8 sp=0x1bbac48bff40 pc=0x561715ef992b
runtime.gcBgMarkStartWorkers.gowrap1()
	/usr/lib/golang/src/runtime/mgc.go:1695 +0x17 fp=0x1bbac48bffe0 sp=0x1bbac48bffc8 pc=0x561715ef9817
runtime.goexit({})
	/usr/lib/golang/src/runtime/asm_amd64.s:1771 +0x1 fp=0x1bbac48bffe8 sp=0x1bbac48bffe0 pc=0x561715f58b41
created by runtime.gcBgMarkStartWorkers in goroutine 1
	/usr/lib/golang/src/runtime/mgc.go:1695 +0x105

goroutine 306 gp=0x1bbac48c8000 m=nil [GC worker (idle)]:
runtime.gopark(0x0?, 0x0?, 0x0?, 0x0?, 0x0?)
	/usr/lib/golang/src/runtime/proc.go:462 +0xce fp=0x1bbac48b8740 sp=0x1bbac48b8720 pc=0x561715f510ae
runtime.gcBgMarkWorker(0x1bbac421a1c0)
	/usr/lib/golang/src/runtime/mgc.go:1791 +0xeb fp=0x1bbac48b87c8 sp=0x1bbac48b8740 pc=0x561715ef992b
runtime.gcBgMarkStartWorkers.gowrap1()
	/usr/lib/golang/src/runtime/mgc.go:1695 +0x17 fp=0x1bbac48b87e0 sp=0x1bbac48b87c8 pc=0x561715ef9817
runtime.goexit({})
	/usr/lib/golang/src/runtime/asm_amd64.s:1771 +0x1 fp=0x1bbac48b87e8 sp=0x1bbac48b87e0 pc=0x561715f58b41
created by runtime.gcBgMarkStartWorkers in goroutine 1
	/usr/lib/golang/src/runtime/mgc.go:1695 +0x105

goroutine 262 gp=0x1bbac4848000 m=nil [GC worker (idle)]:
runtime.gopark(0x0?, 0x0?, 0x0?, 0x0?, 0x0?)
	/usr/lib/golang/src/runtime/proc.go:462 +0xce fp=0x1bbac4845f40 sp=0x1bbac4845f20 pc=0x561715f510ae
runtime.gcBgMarkWorker(0x1bbac421a1c0)
	/usr/lib/golang/src/runtime/mgc.go:1791 +0xeb fp=0x1bbac4845fc8 sp=0x1bbac4845f40 pc=0x561715ef992b
runtime.gcBgMarkStartWorkers.gowrap1()
	/usr/lib/golang/src/runtime/mgc.go:1695 +0x17 fp=0x1bbac4845fe0 sp=0x1bbac4845fc8 pc=0x561715ef9817
runtime.goexit({})
	/usr/lib/golang/src/runtime/asm_amd64.s:1771 +0x1 fp=0x1bbac4845fe8 sp=0x1bbac4845fe0 pc=0x561715f58b41
created by runtime.gcBgMarkStartWorkers in goroutine 1
	/usr/lib/golang/src/runtime/mgc.go:1695 +0x105

goroutine 263 gp=0x1bbac48481e0 m=nil [GC worker (idle)]:
runtime.gopark(0x0?, 0x0?, 0x0?, 0x0?, 0x0?)
	/usr/lib/golang/src/runtime/proc.go:462 +0xce fp=0x1bbac4846740 sp=0x1bbac4846720 pc=0x561715f510ae
runtime.gcBgMarkWorker(0x1bbac421a1c0)
	/usr/lib/golang/src/runtime/mgc.go:1791 +0xeb fp=0x1bbac48467c8 sp=0x1bbac4846740 pc=0x561715ef992b
runtime.gcBgMarkStartWorkers.gowrap1()
	/usr/lib/golang/src/runtime/mgc.go:1695 +0x17 fp=0x1bbac48467e0 sp=0x1bbac48467c8 pc=0x561715ef9817
runtime.goexit({})
	/usr/lib/golang/src/runtime/asm_amd64.s:1771 +0x1 fp=0x1bbac48467e8 sp=0x1bbac48467e0 pc=0x561715f58b41
created by runtime.gcBgMarkStartWorkers in goroutine 1
	/usr/lib/golang/src/runtime/mgc.go:1695 +0x105

goroutine 238 gp=0x1bbac47f2000 m=nil [GC worker (idle)]:
runtime.gopark(0x0?, 0x0?, 0x0?, 0x0?, 0x0?)
	/usr/lib/golang/src/runtime/proc.go:462 +0xce fp=0x1bbac47ea740 sp=0x1bbac47ea720 pc=0x561715f510ae
runtime.gcBgMarkWorker(0x1bbac421a1c0)
	/usr/lib/golang/src/runtime/mgc.go:1791 +0xeb fp=0x1bbac47ea7c8 sp=0x1bbac47ea740 pc=0x561715ef992b
runtime.gcBgMarkStartWorkers.gowrap1()
	/usr/lib/golang/src/runtime/mgc.go:1695 +0x17 fp=0x1bbac47ea7e0 sp=0x1bbac47ea7c8 pc=0x561715ef9817
runtime.goexit({})
	/usr/lib/golang/src/runtime/asm_amd64.s:1771 +0x1 fp=0x1bbac47ea7e8 sp=0x1bbac47ea7e0 pc=0x561715f58b41
created by runtime.gcBgMarkStartWorkers in goroutine 1
	/usr/lib/golang/src/runtime/mgc.go:1695 +0x105

goroutine 239 gp=0x1bbac47f21e0 m=nil [GC worker (idle)]:
runtime.gopark(0x0?, 0x0?, 0x0?, 0x0?, 0x0?)
	/usr/lib/golang/src/runtime/proc.go:462 +0xce fp=0x1bbac47eaf40 sp=0x1bbac47eaf20 pc=0x561715f510ae
runtime.gcBgMarkWorker(0x1bbac421a1c0)
	/usr/lib/golang/src/runtime/mgc.go:1791 +0xeb fp=0x1bbac47eafc8 sp=0x1bbac47eaf40 pc=0x561715ef992b
runtime.gcBgMarkStartWorkers.gowrap1()
	/usr/lib/golang/src/runtime/mgc.go:1695 +0x17 fp=0x1bbac47eafe0 sp=0x1bbac47eafc8 pc=0x561715ef9817
runtime.goexit({})
	/usr/lib/golang/src/runtime/asm_amd64.s:1771 +0x1 fp=0x1bbac47eafe8 sp=0x1bbac47eafe0 pc=0x561715f58b41
created by runtime.gcBgMarkStartWorkers in goroutine 1
	/usr/lib/golang/src/runtime/mgc.go:1695 +0x105

goroutine 240 gp=0x1bbac47f23c0 m=nil [GC worker (idle)]:
runtime.gopark(0x0?, 0x0?, 0x0?, 0x0?, 0x0?)
	/usr/lib/golang/src/runtime/proc.go:462 +0xce fp=0x1bbac47eb740 sp=0x1bbac47eb720 pc=0x561715f510ae
runtime.gcBgMarkWorker(0x1bbac421a1c0)
	/usr/lib/golang/src/runtime/mgc.go:1791 +0xeb fp=0x1bbac47eb7c8 sp=0x1bbac47eb740 pc=0x561715ef992b
runtime.gcBgMarkStartWorkers.gowrap1()
	/usr/lib/golang/src/runtime/mgc.go:1695 +0x17 fp=0x1bbac47eb7e0 sp=0x1bbac47eb7c8 pc=0x561715ef9817
runtime.goexit({})
	/usr/lib/golang/src/runtime/asm_amd64.s:1771 +0x1 fp=0x1bbac47eb7e8 sp=0x1bbac47eb7e0 pc=0x561715f58b41
created by runtime.gcBgMarkStartWorkers in goroutine 1
	/usr/lib/golang/src/runtime/mgc.go:1695 +0x105

goroutine 241 gp=0x1bbac47f25a0 m=nil [GC worker (idle)]:
runtime.gopark(0x0?, 0x0?, 0x0?, 0x0?, 0x0?)
	/usr/lib/golang/src/runtime/proc.go:462 +0xce fp=0x1bbac47ebf40 sp=0x1bbac47ebf20 pc=0x561715f510ae
runtime.gcBgMarkWorker(0x1bbac421a1c0)
	/usr/lib/golang/src/runtime/mgc.go:1791 +0xeb fp=0x1bbac47ebfc8 sp=0x1bbac47ebf40 pc=0x561715ef992b
runtime.gcBgMarkStartWorkers.gowrap1()
	/usr/lib/golang/src/runtime/mgc.go:1695 +0x17 fp=0x1bbac47ebfe0 sp=0x1bbac47ebfc8 pc=0x561715ef9817
runtime.goexit({})
	/usr/lib/golang/src/runtime/asm_amd64.s:1771 +0x1 fp=0x1bbac47ebfe8 sp=0x1bbac47ebfe0 pc=0x561715f58b41
created by runtime.gcBgMarkStartWorkers in goroutine 1
	/usr/lib/golang/src/runtime/mgc.go:1695 +0x105

goroutine 322 gp=0x1bbac47f2780 m=nil [GC worker (idle)]:
runtime.gopark(0x0?, 0x0?, 0x0?, 0x0?, 0x0?)
	/usr/lib/golang/src/runtime/proc.go:462 +0xce fp=0x1bbac47f8740 sp=0x1bbac47f8720 pc=0x561715f510ae
runtime.gcBgMarkWorker(0x1bbac421a1c0)
	/usr/lib/golang/src/runtime/mgc.go:1791 +0xeb fp=0x1bbac47f87c8 sp=0x1bbac47f8740 pc=0x561715ef992b
runtime.gcBgMarkStartWorkers.gowrap1()
	/usr/lib/golang/src/runtime/mgc.go:1695 +0x17 fp=0x1bbac47f87e0 sp=0x1bbac47f87c8 pc=0x561715ef9817
runtime.goexit({})
	/usr/lib/golang/src/runtime/asm_amd64.s:1771 +0x1 fp=0x1bbac47f87e8 sp=0x1bbac47f87e0 pc=0x561715f58b41
created by runtime.gcBgMarkStartWorkers in goroutine 1
	/usr/lib/golang/src/runtime/mgc.go:1695 +0x105

goroutine 323 gp=0x1bbac47f2960 m=nil [GC worker (idle)]:
runtime.gopark(0x0?, 0x0?, 0x0?, 0x0?, 0x0?)
	/usr/lib/golang/src/runtime/proc.go:462 +0xce fp=0x1bbac47f8f40 sp=0x1bbac47f8f20 pc=0x561715f510ae
runtime.gcBgMarkWorker(0x1bbac421a1c0)
	/usr/lib/golang/src/runtime/mgc.go:1791 +0xeb fp=0x1bbac47f8fc8 sp=0x1bbac47f8f40 pc=0x561715ef992b
runtime.gcBgMarkStartWorkers.gowrap1()
	/usr/lib/golang/src/runtime/mgc.go:1695 +0x17 fp=0x1bbac47f8fe0 sp=0x1bbac47f8fc8 pc=0x561715ef9817
runtime.goexit({})
	/usr/lib/golang/src/runtime/asm_amd64.s:1771 +0x1 fp=0x1bbac47f8fe8 sp=0x1bbac47f8fe0 pc=0x561715f58b41
created by runtime.gcBgMarkStartWorkers in goroutine 1
	/usr/lib/golang/src/runtime/mgc.go:1695 +0x105

goroutine 324 gp=0x1bbac47f2b40 m=nil [GC worker (idle)]:
runtime.gopark(0x0?, 0x0?, 0x0?, 0x0?, 0x0?)
	/usr/lib/golang/src/runtime/proc.go:462 +0xce fp=0x1bbac47f9740 sp=0x1bbac47f9720 pc=0x561715f510ae
runtime.gcBgMarkWorker(0x1bbac421a1c0)
	/usr/lib/golang/src/runtime/mgc.go:1791 +0xeb fp=0x1bbac47f97c8 sp=0x1bbac47f9740 pc=0x561715ef992b
runtime.gcBgMarkStartWorkers.gowrap1()
	/usr/lib/golang/src/runtime/mgc.go:1695 +0x17 fp=0x1bbac47f97e0 sp=0x1bbac47f97c8 pc=0x561715ef9817
runtime.goexit({})
	/usr/lib/golang/src/runtime/asm_amd64.s:1771 +0x1 fp=0x1bbac47f97e8 sp=0x1bbac47f97e0 pc=0x561715f58b41
created by runtime.gcBgMarkStartWorkers in goroutine 1
	/usr/lib/golang/src/runtime/mgc.go:1695 +0x105

goroutine 325 gp=0x1bbac47f2d20 m=nil [GC worker (idle)]:
runtime.gopark(0x0?, 0x0?, 0x0?, 0x0?, 0x0?)
	/usr/lib/golang/src/runtime/proc.go:462 +0xce fp=0x1bbac47f9f40 sp=0x1bbac47f9f20 pc=0x561715f510ae
runtime.gcBgMarkWorker(0x1bbac421a1c0)
	/usr/lib/golang/src/runtime/mgc.go:1791 +0xeb fp=0x1bbac47f9fc8 sp=0x1bbac47f9f40 pc=0x561715ef992b
runtime.gcBgMarkStartWorkers.gowrap1()
	/usr/lib/golang/src/runtime/mgc.go:1695 +0x17 fp=0x1bbac47f9fe0 sp=0x1bbac47f9fc8 pc=0x561715ef9817
runtime.goexit({})
	/usr/lib/golang/src/runtime/asm_amd64.s:1771 +0x1 fp=0x1bbac47f9fe8 sp=0x1bbac47f9fe0 pc=0x561715f58b41
created by runtime.gcBgMarkStartWorkers in goroutine 1
	/usr/lib/golang/src/runtime/mgc.go:1695 +0x105

goroutine 326 gp=0x1bbac47f2f00 m=nil [GC worker (idle)]:
runtime.gopark(0x0?, 0x0?, 0x0?, 0x0?, 0x0?)
	/usr/lib/golang/src/runtime/proc.go:462 +0xce fp=0x1bbac47fa740 sp=0x1bbac47fa720 pc=0x561715f510ae
runtime.gcBgMarkWorker(0x1bbac421a1c0)
	/usr/lib/golang/src/runtime/mgc.go:1791 +0xeb fp=0x1bbac47fa7c8 sp=0x1bbac47fa740 pc=0x561715ef992b
runtime.gcBgMarkStartWorkers.gowrap1()
	/usr/lib/golang/src/runtime/mgc.go:1695 +0x17 fp=0x1bbac47fa7e0 sp=0x1bbac47fa7c8 pc=0x561715ef9817
runtime.goexit({})
	/usr/lib/golang/src/runtime/asm_amd64.s:1771 +0x1 fp=0x1bbac47fa7e8 sp=0x1bbac47fa7e0 pc=0x561715f58b41
created by runtime.gcBgMarkStartWorkers in goroutine 1
	/usr/lib/golang/src/runtime/mgc.go:1695 +0x105

goroutine 327 gp=0x1bbac47f30e0 m=nil [GC worker (idle)]:
runtime.gopark(0x0?, 0x0?, 0x0?, 0x0?, 0x0?)
	/usr/lib/golang/src/runtime/proc.go:462 +0xce fp=0x1bbac47faf40 sp=0x1bbac47faf20 pc=0x561715f510ae
runtime.gcBgMarkWorker(0x1bbac421a1c0)
	/usr/lib/golang/src/runtime/mgc.go:1791 +0xeb fp=0x1bbac47fafc8 sp=0x1bbac47faf40 pc=0x561715ef992b
runtime.gcBgMarkStartWorkers.gowrap1()
	/usr/lib/golang/src/runtime/mgc.go:1695 +0x17 fp=0x1bbac47fafe0 sp=0x1bbac47fafc8 pc=0x561715ef9817
runtime.goexit({})
	/usr/lib/golang/src/runtime/asm_amd64.s:1771 +0x1 fp=0x1bbac47fafe8 sp=0x1bbac47fafe0 pc=0x561715f58b41
created by runtime.gcBgMarkStartWorkers in goroutine 1
	/usr/lib/golang/src/runtime/mgc.go:1695 +0x105

goroutine 328 gp=0x1bbac47f32c0 m=nil [GC worker (idle)]:
runtime.gopark(0x0?, 0x0?, 0x0?, 0x0?, 0x0?)
	/usr/lib/golang/src/runtime/proc.go:462 +0xce fp=0x1bbac47fb740 sp=0x1bbac47fb720 pc=0x561715f510ae
runtime.gcBgMarkWorker(0x1bbac421a1c0)
	/usr/lib/golang/src/runtime/mgc.go:1791 +0xeb fp=0x1bbac47fb7c8 sp=0x1bbac47fb740 pc=0x561715ef992b
runtime.gcBgMarkStartWorkers.gowrap1()
	/usr/lib/golang/src/runtime/mgc.go:1695 +0x17 fp=0x1bbac47fb7e0 sp=0x1bbac47fb7c8 pc=0x561715ef9817
runtime.goexit({})
	/usr/lib/golang/src/runtime/asm_amd64.s:1771 +0x1 fp=0x1bbac47fb7e8 sp=0x1bbac47fb7e0 pc=0x561715f58b41
created by runtime.gcBgMarkStartWorkers in goroutine 1
	/usr/lib/golang/src/runtime/mgc.go:1695 +0x105

goroutine 329 gp=0x1bbac47f34a0 m=nil [GC worker (idle)]:
runtime.gopark(0x0?, 0x0?, 0x0?, 0x0?, 0x0?)
	/usr/lib/golang/src/runtime/proc.go:462 +0xce fp=0x1bbac47fbf40 sp=0x1bbac47fbf20 pc=0x561715f510ae
runtime.gcBgMarkWorker(0x1bbac421a1c0)
	/usr/lib/golang/src/runtime/mgc.go:1791 +0xeb fp=0x1bbac47fbfc8 sp=0x1bbac47fbf40 pc=0x561715ef992b
runtime.gcBgMarkStartWorkers.gowrap1()
	/usr/lib/golang/src/runtime/mgc.go:1695 +0x17 fp=0x1bbac47fbfe0 sp=0x1bbac47fbfc8 pc=0x561715ef9817
runtime.goexit({})
	/usr/lib/golang/src/runtime/asm_amd64.s:1771 +0x1 fp=0x1bbac47fbfe8 sp=0x1bbac47fbfe0 pc=0x561715f58b41
created by runtime.gcBgMarkStartWorkers in goroutine 1
	/usr/lib/golang/src/runtime/mgc.go:1695 +0x105

goroutine 330 gp=0x1bbac47f3680 m=nil [GC worker (idle)]:
runtime.gopark(0x0?, 0x0?, 0x0?, 0x0?, 0x0?)
	/usr/lib/golang/src/runtime/proc.go:462 +0xce fp=0x1bbac47f4740 sp=0x1bbac47f4720 pc=0x561715f510ae
runtime.gcBgMarkWorker(0x1bbac421a1c0)
	/usr/lib/golang/src/runtime/mgc.go:1791 +0xeb fp=0x1bbac47f47c8 sp=0x1bbac47f4740 pc=0x561715ef992b
runtime.gcBgMarkStartWorkers.gowrap1()
	/usr/lib/golang/src/runtime/mgc.go:1695 +0x17 fp=0x1bbac47f47e0 sp=0x1bbac47f47c8 pc=0x561715ef9817
runtime.goexit({})
	/usr/lib/golang/src/runtime/asm_amd64.s:1771 +0x1 fp=0x1bbac47f47e8 sp=0x1bbac47f47e0 pc=0x561715f58b41
created by runtime.gcBgMarkStartWorkers in goroutine 1
	/usr/lib/golang/src/runtime/mgc.go:1695 +0x105

goroutine 331 gp=0x1bbac47f3860 m=nil [GC worker (idle)]:
runtime.gopark(0x0?, 0x0?, 0x0?, 0x0?, 0x0?)
	/usr/lib/golang/src/runtime/proc.go:462 +0xce fp=0x1bbac47f4f40 sp=0x1bbac47f4f20 pc=0x561715f510ae
runtime.gcBgMarkWorker(0x1bbac421a1c0)
	/usr/lib/golang/src/runtime/mgc.go:1791 +0xeb fp=0x1bbac47f4fc8 sp=0x1bbac47f4f40 pc=0x561715ef992b
runtime.gcBgMarkStartWorkers.gowrap1()
	/usr/lib/golang/src/runtime/mgc.go:1695 +0x17 fp=0x1bbac47f4fe0 sp=0x1bbac47f4fc8 pc=0x561715ef9817
runtime.goexit({})
	/usr/lib/golang/src/runtime/asm_amd64.s:1771 +0x1 fp=0x1bbac47f4fe8 sp=0x1bbac47f4fe0 pc=0x561715f58b41
created by runtime.gcBgMarkStartWorkers in goroutine 1
	/usr/lib/golang/src/runtime/mgc.go:1695 +0x105

goroutine 332 gp=0x1bbac47f3a40 m=nil [GC worker (idle)]:
runtime.gopark(0x0?, 0x0?, 0x0?, 0x0?, 0x0?)
	/usr/lib/golang/src/runtime/proc.go:462 +0xce fp=0x1bbac47f5740 sp=0x1bbac47f5720 pc=0x561715f510ae
runtime.gcBgMarkWorker(0x1bbac421a1c0)
	/usr/lib/golang/src/runtime/mgc.go:1791 +0xeb fp=0x1bbac47f57c8 sp=0x1bbac47f5740 pc=0x561715ef992b
runtime.gcBgMarkStartWorkers.gowrap1()
	/usr/lib/golang/src/runtime/mgc.go:1695 +0x17 fp=0x1bbac47f57e0 sp=0x1bbac47f57c8 pc=0x561715ef9817
runtime.goexit({})
	/usr/lib/golang/src/runtime/asm_amd64.s:1771 +0x1 fp=0x1bbac47f57e8 sp=0x1bbac47f57e0 pc=0x561715f58b41
created by runtime.gcBgMarkStartWorkers in goroutine 1
	/usr/lib/golang/src/runtime/mgc.go:1695 +0x105

goroutine 333 gp=0x1bbac47f3c20 m=nil [GC worker (idle)]:
runtime.gopark(0x0?, 0x0?, 0x0?, 0x0?, 0x0?)
	/usr/lib/golang/src/runtime/proc.go:462 +0xce fp=0x1bbac47f5f40 sp=0x1bbac47f5f20 pc=0x561715f510ae
runtime.gcBgMarkWorker(0x1bbac421a1c0)
	/usr/lib/golang/src/runtime/mgc.go:1791 +0xeb fp=0x1bbac47f5fc8 sp=0x1bbac47f5f40 pc=0x561715ef992b
runtime.gcBgMarkStartWorkers.gowrap1()
	/usr/lib/golang/src/runtime/mgc.go:1695 +0x17 fp=0x1bbac47f5fe0 sp=0x1bbac47f5fc8 pc=0x561715ef9817
runtime.goexit({})
	/usr/lib/golang/src/runtime/asm_amd64.s:1771 +0x1 fp=0x1bbac47f5fe8 sp=0x1bbac47f5fe0 pc=0x561715f58b41
created by runtime.gcBgMarkStartWorkers in goroutine 1
	/usr/lib/golang/src/runtime/mgc.go:1695 +0x105

goroutine 334 gp=0x1bbac47fe000 m=nil [GC worker (idle)]:
runtime.gopark(0x0?, 0x0?, 0x0?, 0x0?, 0x0?)
	/usr/lib/golang/src/runtime/proc.go:462 +0xce fp=0x1bbac47f6740 sp=0x1bbac47f6720 pc=0x561715f510ae
runtime.gcBgMarkWorker(0x1bbac421a1c0)
	/usr/lib/golang/src/runtime/mgc.go:1791 +0xeb fp=0x1bbac47f67c8 sp=0x1bbac47f6740 pc=0x561715ef992b
runtime.gcBgMarkStartWorkers.gowrap1()
	/usr/lib/golang/src/runtime/mgc.go:1695 +0x17 fp=0x1bbac47f67e0 sp=0x1bbac47f67c8 pc=0x561715ef9817
runtime.goexit({})
	/usr/lib/golang/src/runtime/asm_amd64.s:1771 +0x1 fp=0x1bbac47f67e8 sp=0x1bbac47f67e0 pc=0x561715f58b41
created by runtime.gcBgMarkStartWorkers in goroutine 1
	/usr/lib/golang/src/runtime/mgc.go:1695 +0x105

goroutine 307 gp=0x1bbac48c81e0 m=nil [GC worker (idle)]:
runtime.gopark(0x0?, 0x0?, 0x0?, 0x0?, 0x0?)
	/usr/lib/golang/src/runtime/proc.go:462 +0xce fp=0x1bbac48b8f40 sp=0x1bbac48b8f20 pc=0x561715f510ae
runtime.gcBgMarkWorker(0x1bbac421a1c0)
	/usr/lib/golang/src/runtime/mgc.go:1791 +0xeb fp=0x1bbac48b8fc8 sp=0x1bbac48b8f40 pc=0x561715ef992b
runtime.gcBgMarkStartWorkers.gowrap1()
	/usr/lib/golang/src/runtime/mgc.go:1695 +0x17 fp=0x1bbac48b8fe0 sp=0x1bbac48b8fc8 pc=0x561715ef9817
runtime.goexit({})
	/usr/lib/golang/src/runtime/asm_amd64.s:1771 +0x1 fp=0x1bbac48b8fe8 sp=0x1bbac48b8fe0 pc=0x561715f58b41
created by runtime.gcBgMarkStartWorkers in goroutine 1
	/usr/lib/golang/src/runtime/mgc.go:1695 +0x105

goroutine 335 gp=0x1bbac47fe1e0 m=nil [GC worker (idle)]:
runtime.gopark(0x0?, 0x0?, 0x0?, 0x0?, 0x0?)
	/usr/lib/golang/src/runtime/proc.go:462 +0xce fp=0x1bbac47f6f40 sp=0x1bbac47f6f20 pc=0x561715f510ae
runtime.gcBgMarkWorker(0x1bbac421a1c0)
	/usr/lib/golang/src/runtime/mgc.go:1791 +0xeb fp=0x1bbac47f6fc8 sp=0x1bbac47f6f40 pc=0x561715ef992b
runtime.gcBgMarkStartWorkers.gowrap1()
	/usr/lib/golang/src/runtime/mgc.go:1695 +0x17 fp=0x1bbac47f6fe0 sp=0x1bbac47f6fc8 pc=0x561715ef9817
runtime.goexit({})
	/usr/lib/golang/src/runtime/asm_amd64.s:1771 +0x1 fp=0x1bbac47f6fe8 sp=0x1bbac47f6fe0 pc=0x561715f58b41
created by runtime.gcBgMarkStartWorkers in goroutine 1
	/usr/lib/golang/src/runtime/mgc.go:1695 +0x105

goroutine 336 gp=0x1bbac47fe3c0 m=nil [GC worker (idle)]:
runtime.gopark(0x0?, 0x0?, 0x0?, 0x0?, 0x0?)
	/usr/lib/golang/src/runtime/proc.go:462 +0xce fp=0x1bbac47f7740 sp=0x1bbac47f7720 pc=0x561715f510ae
runtime.gcBgMarkWorker(0x1bbac421a1c0)
	/usr/lib/golang/src/runtime/mgc.go:1791 +0xeb fp=0x1bbac47f77c8 sp=0x1bbac47f7740 pc=0x561715ef992b
runtime.gcBgMarkStartWorkers.gowrap1()
	/usr/lib/golang/src/runtime/mgc.go:1695 +0x17 fp=0x1bbac47f77e0 sp=0x1bbac47f77c8 pc=0x561715ef9817
runtime.goexit({})
	/usr/lib/golang/src/runtime/asm_amd64.s:1771 +0x1 fp=0x1bbac47f77e8 sp=0x1bbac47f77e0 pc=0x561715f58b41
created by runtime.gcBgMarkStartWorkers in goroutine 1
	/usr/lib/golang/src/runtime/mgc.go:1695 +0x105

goroutine 308 gp=0x1bbac48c83c0 m=nil [GC worker (idle)]:
runtime.gopark(0x0?, 0x0?, 0x0?, 0x0?, 0x0?)
	/usr/lib/golang/src/runtime/proc.go:462 +0xce fp=0x1bbac48b9740 sp=0x1bbac48b9720 pc=0x561715f510ae
runtime.gcBgMarkWorker(0x1bbac421a1c0)
	/usr/lib/golang/src/runtime/mgc.go:1791 +0xeb fp=0x1bbac48b97c8 sp=0x1bbac48b9740 pc=0x561715ef992b
runtime.gcBgMarkStartWorkers.gowrap1()
	/usr/lib/golang/src/runtime/mgc.go:1695 +0x17 fp=0x1bbac48b97e0 sp=0x1bbac48b97c8 pc=0x561715ef9817
runtime.goexit({})
	/usr/lib/golang/src/runtime/asm_amd64.s:1771 +0x1 fp=0x1bbac48b97e8 sp=0x1bbac48b97e0 pc=0x561715f58b41
created by runtime.gcBgMarkStartWorkers in goroutine 1
	/usr/lib/golang/src/runtime/mgc.go:1695 +0x105

goroutine 264 gp=0x1bbac48483c0 m=nil [GC worker (idle)]:
runtime.gopark(0x0?, 0x0?, 0x0?, 0x0?, 0x0?)
	/usr/lib/golang/src/runtime/proc.go:462 +0xce fp=0x1bbac4846f40 sp=0x1bbac4846f20 pc=0x561715f510ae
runtime.gcBgMarkWorker(0x1bbac421a1c0)
	/usr/lib/golang/src/runtime/mgc.go:1791 +0xeb fp=0x1bbac4846fc8 sp=0x1bbac4846f40 pc=0x561715ef992b
runtime.gcBgMarkStartWorkers.gowrap1()
	/usr/lib/golang/src/runtime/mgc.go:1695 +0x17 fp=0x1bbac4846fe0 sp=0x1bbac4846fc8 pc=0x561715ef9817
runtime.goexit({})
	/usr/lib/golang/src/runtime/asm_amd64.s:1771 +0x1 fp=0x1bbac4846fe8 sp=0x1bbac4846fe0 pc=0x561715f58b41
created by runtime.gcBgMarkStartWorkers in goroutine 1
	/usr/lib/golang/src/runtime/mgc.go:1695 +0x105

goroutine 265 gp=0x1bbac48485a0 m=nil [GC worker (idle)]:
runtime.gopark(0x0?, 0x0?, 0x0?, 0x0?, 0x0?)
	/usr/lib/golang/src/runtime/proc.go:462 +0xce fp=0x1bbac4847740 sp=0x1bbac4847720 pc=0x561715f510ae
runtime.gcBgMarkWorker(0x1bbac421a1c0)
	/usr/lib/golang/src/runtime/mgc.go:1791 +0xeb fp=0x1bbac48477c8 sp=0x1bbac4847740 pc=0x561715ef992b
runtime.gcBgMarkStartWorkers.gowrap1()
	/usr/lib/golang/src/runtime/mgc.go:1695 +0x17 fp=0x1bbac48477e0 sp=0x1bbac48477c8 pc=0x561715ef9817
runtime.goexit({})
	/usr/lib/golang/src/runtime/asm_amd64.s:1771 +0x1 fp=0x1bbac48477e8 sp=0x1bbac48477e0 pc=0x561715f58b41
created by runtime.gcBgMarkStartWorkers in goroutine 1
	/usr/lib/golang/src/runtime/mgc.go:1695 +0x105

goroutine 266 gp=0x1bbac4848780 m=nil [GC worker (idle)]:
runtime.gopark(0x0?, 0x0?, 0x0?, 0x0?, 0x0?)
	/usr/lib/golang/src/runtime/proc.go:462 +0xce fp=0x1bbac4847f40 sp=0x1bbac4847f20 pc=0x561715f510ae
runtime.gcBgMarkWorker(0x1bbac421a1c0)
	/usr/lib/golang/src/runtime/mgc.go:1791 +0xeb fp=0x1bbac4847fc8 sp=0x1bbac4847f40 pc=0x561715ef992b
runtime.gcBgMarkStartWorkers.gowrap1()
	/usr/lib/golang/src/runtime/mgc.go:1695 +0x17 fp=0x1bbac4847fe0 sp=0x1bbac4847fc8 pc=0x561715ef9817
runtime.goexit({})
	/usr/lib/golang/src/runtime/asm_amd64.s:1771 +0x1 fp=0x1bbac4847fe8 sp=0x1bbac4847fe0 pc=0x561715f58b41
created by runtime.gcBgMarkStartWorkers in goroutine 1
	/usr/lib/golang/src/runtime/mgc.go:1695 +0x105

goroutine 267 gp=0x1bbac4848960 m=nil [GC worker (idle)]:
runtime.gopark(0x0?, 0x0?, 0x0?, 0x0?, 0x0?)
	/usr/lib/golang/src/runtime/proc.go:462 +0xce fp=0x1bbac484e740 sp=0x1bbac484e720 pc=0x561715f510ae
runtime.gcBgMarkWorker(0x1bbac421a1c0)
	/usr/lib/golang/src/runtime/mgc.go:1791 +0xeb fp=0x1bbac484e7c8 sp=0x1bbac484e740 pc=0x561715ef992b
runtime.gcBgMarkStartWorkers.gowrap1()
	/usr/lib/golang/src/runtime/mgc.go:1695 +0x17 fp=0x1bbac484e7e0 sp=0x1bbac484e7c8 pc=0x561715ef9817
runtime.goexit({})
	/usr/lib/golang/src/runtime/asm_amd64.s:1771 +0x1 fp=0x1bbac484e7e8 sp=0x1bbac484e7e0 pc=0x561715f58b41
created by runtime.gcBgMarkStartWorkers in goroutine 1
	/usr/lib/golang/src/runtime/mgc.go:1695 +0x105

goroutine 268 gp=0x1bbac4848b40 m=nil [GC worker (idle)]:
runtime.gopark(0x0?, 0x0?, 0x0?, 0x0?, 0x0?)
	/usr/lib/golang/src/runtime/proc.go:462 +0xce fp=0x1bbac484ef40 sp=0x1bbac484ef20 pc=0x561715f510ae
runtime.gcBgMarkWorker(0x1bbac421a1c0)
	/usr/lib/golang/src/runtime/mgc.go:1791 +0xeb fp=0x1bbac484efc8 sp=0x1bbac484ef40 pc=0x561715ef992b
runtime.gcBgMarkStartWorkers.gowrap1()
	/usr/lib/golang/src/runtime/mgc.go:1695 +0x17 fp=0x1bbac484efe0 sp=0x1bbac484efc8 pc=0x561715ef9817
runtime.goexit({})
	/usr/lib/golang/src/runtime/asm_amd64.s:1771 +0x1 fp=0x1bbac484efe8 sp=0x1bbac484efe0 pc=0x561715f58b41
created by runtime.gcBgMarkStartWorkers in goroutine 1
	/usr/lib/golang/src/runtime/mgc.go:1695 +0x105

goroutine 269 gp=0x1bbac4848d20 m=nil [GC worker (idle)]:
runtime.gopark(0x0?, 0x0?, 0x0?, 0x0?, 0x0?)
	/usr/lib/golang/src/runtime/proc.go:462 +0xce fp=0x1bbac484f740 sp=0x1bbac484f720 pc=0x561715f510ae
runtime.gcBgMarkWorker(0x1bbac421a1c0)
	/usr/lib/golang/src/runtime/mgc.go:1791 +0xeb fp=0x1bbac484f7c8 sp=0x1bbac484f740 pc=0x561715ef992b
runtime.gcBgMarkStartWorkers.gowrap1()
	/usr/lib/golang/src/runtime/mgc.go:1695 +0x17 fp=0x1bbac484f7e0 sp=0x1bbac484f7c8 pc=0x561715ef9817
runtime.goexit({})
	/usr/lib/golang/src/runtime/asm_amd64.s:1771 +0x1 fp=0x1bbac484f7e8 sp=0x1bbac484f7e0 pc=0x561715f58b41
created by runtime.gcBgMarkStartWorkers in goroutine 1
	/usr/lib/golang/src/runtime/mgc.go:1695 +0x105

goroutine 270 gp=0x1bbac4848f00 m=nil [GC worker (idle)]:
runtime.gopark(0x0?, 0x0?, 0x0?, 0x0?, 0x0?)
	/usr/lib/golang/src/runtime/proc.go:462 +0xce fp=0x1bbac484ff40 sp=0x1bbac484ff20 pc=0x561715f510ae
runtime.gcBgMarkWorker(0x1bbac421a1c0)
	/usr/lib/golang/src/runtime/mgc.go:1791 +0xeb fp=0x1bbac484ffc8 sp=0x1bbac484ff40 pc=0x561715ef992b
runtime.gcBgMarkStartWorkers.gowrap1()
	/usr/lib/golang/src/runtime/mgc.go:1695 +0x17 fp=0x1bbac484ffe0 sp=0x1bbac484ffc8 pc=0x561715ef9817
runtime.goexit({})
	/usr/lib/golang/src/runtime/asm_amd64.s:1771 +0x1 fp=0x1bbac484ffe8 sp=0x1bbac484ffe0 pc=0x561715f58b41
created by runtime.gcBgMarkStartWorkers in goroutine 1
	/usr/lib/golang/src/runtime/mgc.go:1695 +0x105

goroutine 271 gp=0x1bbac48490e0 m=nil [GC worker (idle)]:
runtime.gopark(0x0?, 0x0?, 0x0?, 0x0?, 0x0?)
	/usr/lib/golang/src/runtime/proc.go:462 +0xce fp=0x1bbac4850740 sp=0x1bbac4850720 pc=0x561715f510ae
runtime.gcBgMarkWorker(0x1bbac421a1c0)
	/usr/lib/golang/src/runtime/mgc.go:1791 +0xeb fp=0x1bbac48507c8 sp=0x1bbac4850740 pc=0x561715ef992b
runtime.gcBgMarkStartWorkers.gowrap1()
	/usr/lib/golang/src/runtime/mgc.go:1695 +0x17 fp=0x1bbac48507e0 sp=0x1bbac48507c8 pc=0x561715ef9817
runtime.goexit({})
	/usr/lib/golang/src/runtime/asm_amd64.s:1771 +0x1 fp=0x1bbac48507e8 sp=0x1bbac48507e0 pc=0x561715f58b41
created by runtime.gcBgMarkStartWorkers in goroutine 1
	/usr/lib/golang/src/runtime/mgc.go:1695 +0x105

goroutine 272 gp=0x1bbac48492c0 m=nil [GC worker (idle)]:
runtime.gopark(0x0?, 0x0?, 0x0?, 0x0?, 0x0?)
	/usr/lib/golang/src/runtime/proc.go:462 +0xce fp=0x1bbac4850f40 sp=0x1bbac4850f20 pc=0x561715f510ae
runtime.gcBgMarkWorker(0x1bbac421a1c0)
	/usr/lib/golang/src/runtime/mgc.go:1791 +0xeb fp=0x1bbac4850fc8 sp=0x1bbac4850f40 pc=0x561715ef992b
runtime.gcBgMarkStartWorkers.gowrap1()
	/usr/lib/golang/src/runtime/mgc.go:1695 +0x17 fp=0x1bbac4850fe0 sp=0x1bbac4850fc8 pc=0x561715ef9817
runtime.goexit({})
	/usr/lib/golang/src/runtime/asm_amd64.s:1771 +0x1 fp=0x1bbac4850fe8 sp=0x1bbac4850fe0 pc=0x561715f58b41
created by runtime.gcBgMarkStartWorkers in goroutine 1
	/usr/lib/golang/src/runtime/mgc.go:1695 +0x105

rax    0x0
rbx    0x7f0577cc3740
rcx    0x7f0577a8d38c
rdx    0x6
rdi    0x339826
rsi    0x339826
rbp    0x339826
rsp    0x7fff43fb66b0
r8     0x7fff43fb6780
r9     0x7f0577bb1d20
r10    0x8
r11    0x246
r12    0x6
r13    0x7fff43fb6a80
r14    0x561718623580
r15    0x10
rip    0x7f0577a8d38c
rflags 0x246
cs     0x33
fs     0x0
gs     0x0

-----

SIGQUIT: quit
PC=0x561715f5a663 m=2 sigcode=0

goroutine 0 gp=0x1bbac41d2b40 m=2 mp=0x1bbac473a808 [idle]:
runtime.futex(0x56171862fb60, 0x80, 0x0, 0x7f0550d9eca8, 0x0, 0x0)
	/usr/lib/golang/src/runtime/sys_linux_amd64.s:570 +0x23 fp=0x7f0550d9ec78 sp=0x7f0550d9ec70 pc=0x561715f5a663
runtime.futexsleep(0x682984720d327?, 0xc41d2b40?, 0x0?)
	/usr/lib/golang/src/runtime/os_linux.go:79 +0xa5 fp=0x7f0550d9ecc8 sp=0x7f0550d9ec78 pc=0x561715f150a5
runtime.notetsleep_internal(0x56171862fb60, 0xdf8475800)
	/usr/lib/golang/src/runtime/lock_futex.go:89 +0xb5 fp=0x7f0550d9ed08 sp=0x7f0550d9ecc8 pc=0x561715eeb1f5
runtime.notetsleep(0x682984720c2fe?, 0x7f0550d9ed70?)
	/usr/lib/golang/src/runtime/lock_futex.go:112 +0x29 fp=0x7f0550d9ed28 sp=0x7f0550d9ed08 pc=0x561715eeb329
runtime.sysmon()
	/usr/lib/golang/src/runtime/proc.go:6542 +0x1d8 fp=0x7f0550d9eda8 sp=0x7f0550d9ed28 pc=0x561715f28c58
runtime.mstart1()
	/usr/lib/golang/src/runtime/proc.go:1935 +0x95 fp=0x7f0550d9edd0 sp=0x7f0550d9eda8 pc=0x561715f1ee95
runtime.mstart0()
	/usr/lib/golang/src/runtime/proc.go:1888 +0x75 fp=0x7f0550d9ee00 sp=0x7f0550d9edd0 pc=0x561715f1edd5
runtime.mstart()
	/usr/lib/golang/src/runtime/asm_amd64.s:426 +0xc fp=0x7f0550d9ee08 sp=0x7f0550d9ee00 pc=0x561715f56e0c
rax    0xfffffffffffffffc
rbx    0x0
rcx    0x561715f5a663
rdx    0x0
rdi    0x56171862fb60
rsi    0x80
rbp    0x7f0550d9ecb8
rsp    0x7f0550d9ec70
r8     0x0
r9     0x0
r10    0x7f0550d9eca8
r11    0x246
r12    0x7f0550d9eca8
r13    0x1
r14    0x1bbac41d2b40
r15    0x0
rip    0x561715f5a663
rflags 0x246
cs     0x33
fs     0x0
gs     0x0

-----

SIGQUIT: quit
PC=0x561715f5a661 m=3 sigcode=0

goroutine 0 gp=0x1bbac41d30e0 m=3 mp=0x1bbac473b008 [idle]:
runtime.futex(0x1bbac473b160, 0x80, 0x0, 0x0, 0x0, 0x0)
	/usr/lib/golang/src/runtime/sys_linux_amd64.s:569 +0x21 fp=0x7f05483fec48 sp=0x7f05483fec40 pc=0x561715f5a661
runtime.futexsleep(0x0?, 0x483fecc0?, 0x561715f2a4a8?)
	/usr/lib/golang/src/runtime/os_linux.go:73 +0x30 fp=0x7f05483fec98 sp=0x7f05483fec48 pc=0x561715f15030
runtime.notesleep(0x1bbac473b160)
	/usr/lib/golang/src/runtime/lock_futex.go:47 +0x87 fp=0x7f05483fecd0 sp=0x7f05483fec98 pc=0x561715eeb0c7
runtime.mPark(...)
	/usr/lib/golang/src/runtime/proc.go:1967
runtime.stopm()
	/usr/lib/golang/src/runtime/proc.go:3008 +0x8c fp=0x7f05483fed00 sp=0x7f05483fecd0 pc=0x561715f206cc
runtime.startlockedm(0x1bbac4852000?)
	/usr/lib/golang/src/runtime/proc.go:3291 +0x5e fp=0x7f05483fed28 sp=0x7f05483fed00 pc=0x561715f2103e
runtime.schedule()
	/usr/lib/golang/src/runtime/proc.go:4226 +0x6a fp=0x7f05483fed68 sp=0x7f05483fed28 pc=0x561715f2338a
runtime.park_m(0x1bbac48492c0)
	/usr/lib/golang/src/runtime/proc.go:4304 +0x285 fp=0x7f05483fedc8 sp=0x7f05483fed68 pc=0x561715f23865
runtime.mcall()
	/usr/lib/golang/src/runtime/asm_amd64.s:496 +0x57 fp=0x7f05483fede0 sp=0x7f05483fedc8 pc=0x561715f56e97
rax    0xca
rbx    0x0
rcx    0x561715f5a663
rdx    0x0
rdi    0x1bbac473b160
rsi    0x80
rbp    0x7f05483fec88
rsp    0x7f05483fec40
r8     0x0
r9     0x0
r10    0x0
r11    0x286
r12    0x7f05483febd8
r13    0xf
r14    0x1bbac41d30e0
r15    0x35
rip    0x561715f5a661
rflags 0x286
cs     0x33
fs     0x0
gs     0x0

-----

SIGQUIT: quit
PC=0x561715f5a661 m=4 sigcode=0

goroutine 0 gp=0x1bbac41d3860 m=4 mp=0x1bbac473b808 [idle]:
runtime.futex(0x1bbac473b960, 0x80, 0x0, 0x0, 0x0, 0x0)
	/usr/lib/golang/src/runtime/sys_linux_amd64.s:569 +0x21 fp=0x7f054bffea78 sp=0x7f054bffea70 pc=0x561715f5a661
runtime.futexsleep(0x0?, 0x4bffeaf0?, 0x561715f2a4a8?)
	/usr/lib/golang/src/runtime/os_linux.go:73 +0x30 fp=0x7f054bffeac8 sp=0x7f054bffea78 pc=0x561715f15030
runtime.notesleep(0x1bbac473b960)
	/usr/lib/golang/src/runtime/lock_futex.go:47 +0x87 fp=0x7f054bffeb00 sp=0x7f054bffeac8 pc=0x561715eeb0c7
runtime.mPark(...)
	/usr/lib/golang/src/runtime/proc.go:1967
runtime.stopm()
	/usr/lib/golang/src/runtime/proc.go:3008 +0x8c fp=0x7f054bffeb30 sp=0x7f054bffeb00 pc=0x561715f206cc
runtime.gcstopm()
	/usr/lib/golang/src/runtime/proc.go:3319 +0xd1 fp=0x7f054bffeb58 sp=0x7f054bffeb30 pc=0x561715f21151
runtime.findRunnable()
	/usr/lib/golang/src/runtime/proc.go:3404 +0x33e fp=0x7f054bffed28 sp=0x7f054bffeb58 pc=0x561715f216fe
runtime.schedule()
	/usr/lib/golang/src/runtime/proc.go:4164 +0xb1 fp=0x7f054bffed68 sp=0x7f054bffed28 pc=0x561715f233d1
runtime.park_m(0x1bbac47fe3c0)
	/usr/lib/golang/src/runtime/proc.go:4304 +0x285 fp=0x7f054bffedc8 sp=0x7f054bffed68 pc=0x561715f23865
runtime.mcall()
	/usr/lib/golang/src/runtime/asm_amd64.s:496 +0x57 fp=0x7f054bffede0 sp=0x7f054bffedc8 pc=0x561715f56e97
rax    0xca
rbx    0x0
rcx    0x561715f5a663
rdx    0x0
rdi    0x1bbac473b960
rsi    0x80
rbp    0x7f054bffeab8
rsp    0x7f054bffea70
r8     0x0
r9     0x0
r10    0x0
r11    0x286
r12    0x7f054bffeb10
r13    0x1
r14    0x1bbac41d3860
r15    0x10f
rip    0x561715f5a661
rflags 0x286
cs     0x33
fs     0x0
gs     0x0

-----

SIGQUIT: quit
PC=0x561715f5a661 m=5 sigcode=0

goroutine 0 gp=0x1bbac47841e0 m=5 mp=0x1bbac4780008 [idle]:
runtime.futex(0x1bbac4780160, 0x80, 0x0, 0x0, 0x0, 0x0)
	/usr/lib/golang/src/runtime/sys_linux_amd64.s:569 +0x21 fp=0x7f054b7fdc48 sp=0x7f054b7fdc40 pc=0x561715f5a661
runtime.futexsleep(0x0?, 0x4b7fdcc0?, 0x561715f2a4a8?)
	/usr/lib/golang/src/runtime/os_linux.go:73 +0x30 fp=0x7f054b7fdc98 sp=0x7f054b7fdc48 pc=0x561715f15030
runtime.notesleep(0x1bbac4780160)
	/usr/lib/golang/src/runtime/lock_futex.go:47 +0x87 fp=0x7f054b7fdcd0 sp=0x7f054b7fdc98 pc=0x561715eeb0c7
runtime.mPark(...)
	/usr/lib/golang/src/runtime/proc.go:1967
runtime.stopm()
	/usr/lib/golang/src/runtime/proc.go:3008 +0x8c fp=0x7f054b7fdd00 sp=0x7f054b7fdcd0 pc=0x561715f206cc
runtime.startlockedm(0x1bbac482b000?)
	/usr/lib/golang/src/runtime/proc.go:3291 +0x5e fp=0x7f054b7fdd28 sp=0x7f054b7fdd00 pc=0x561715f2103e
runtime.schedule()
	/usr/lib/golang/src/runtime/proc.go:4226 +0x6a fp=0x7f054b7fdd68 sp=0x7f054b7fdd28 pc=0x561715f2338a
runtime.park_m(0x1bbac47d2f00)
	/usr/lib/golang/src/runtime/proc.go:4304 +0x285 fp=0x7f054b7fddc8 sp=0x7f054b7fdd68 pc=0x561715f23865
runtime.mcall()
	/usr/lib/golang/src/runtime/asm_amd64.s:496 +0x57 fp=0x7f054b7fdde0 sp=0x7f054b7fddc8 pc=0x561715f56e97
rax    0xca
rbx    0x0
rcx    0x561715f5a663
rdx    0x0
rdi    0x1bbac4780160
rsi    0x80
rbp    0x7f054b7fdc88
rsp    0x7f054b7fdc40
r8     0x0
r9     0x0
r10    0x0
r11    0x286
r12    0x7f054b7fdbd8
r13    0xf
r14    0x1bbac47841e0
r15    0x109
rip    0x561715f5a661
rflags 0x286
cs     0x33
fs     0x0
gs     0x0

-----

SIGQUIT: quit
PC=0x561715f5a661 m=6 sigcode=0

goroutine 0 gp=0x1bbac4778000 m=6 mp=0x1bbac476e008 [idle]:
runtime.futex(0x56171864faf8, 0x80, 0x0, 0x0, 0x0, 0x0)
	/usr/lib/golang/src/runtime/sys_linux_amd64.s:569 +0x21 fp=0x7f054affcd00 sp=0x7f054affccf8 pc=0x561715f5a661
runtime.futexsleep(0x7f054affcd68?, 0x0?, 0x8?)
	/usr/lib/golang/src/runtime/os_linux.go:73 +0x30 fp=0x7f054affcd50 sp=0x7f054affcd00 pc=0x561715f15030
runtime.notesleep(0x56171864faf8)
	/usr/lib/golang/src/runtime/lock_futex.go:47 +0x87 fp=0x7f054affcd88 sp=0x7f054affcd50 pc=0x561715eeb0c7
runtime.templateThread()
	/usr/lib/golang/src/runtime/proc.go:2986 +0x71 fp=0x7f054affcda8 sp=0x7f054affcd88 pc=0x561715f205b1
runtime.mstart1()
	/usr/lib/golang/src/runtime/proc.go:1935 +0x95 fp=0x7f054affcdd0 sp=0x7f054affcda8 pc=0x561715f1ee95
runtime.mstart0()
	/usr/lib/golang/src/runtime/proc.go:1888 +0x75 fp=0x7f054affce00 sp=0x7f054affcdd0 pc=0x561715f1edd5
runtime.mstart()
	/usr/lib/golang/src/runtime/asm_amd64.s:426 +0xc fp=0x7f054affce08 sp=0x7f054affce00 pc=0x561715f56e0c
rax    0xca
rbx    0x0
rcx    0x561715f5a663
rdx    0x0
rdi    0x56171864faf8
rsi    0x80
rbp    0x7f054affcd40
rsp    0x7f054affccf8
r8     0x0
r9     0x0
r10    0x0
r11    0x286
r12    0x1bbac4778000
r13    0x16
r14    0x1bbac4778000
r15    0x0
rip    0x561715f5a661
rflags 0x286
cs     0x33
fs     0x0
gs     0x0

-----

SIGQUIT: quit
PC=0x561715f5a661 m=7 sigcode=0

goroutine 0 gp=0x1bbac47bba40 m=7 mp=0x1bbac4780808 [idle]:
runtime.futex(0x1bbac4780960, 0x80, 0x0, 0x0, 0x0, 0x0)
	/usr/lib/golang/src/runtime/sys_linux_amd64.s:569 +0x21 fp=0x7f054a7fbc48 sp=0x7f054a7fbc40 pc=0x561715f5a661
runtime.futexsleep(0x4?, 0x4a7fbcc0?, 0x561715f2a4a8?)
	/usr/lib/golang/src/runtime/os_linux.go:73 +0x30 fp=0x7f054a7fbc98 sp=0x7f054a7fbc48 pc=0x561715f15030
runtime.notesleep(0x1bbac4780960)
	/usr/lib/golang/src/runtime/lock_futex.go:47 +0x87 fp=0x7f054a7fbcd0 sp=0x7f054a7fbc98 pc=0x561715eeb0c7
runtime.mPark(...)
	/usr/lib/golang/src/runtime/proc.go:1967
runtime.stopm()
	/usr/lib/golang/src/runtime/proc.go:3008 +0x8c fp=0x7f054a7fbd00 sp=0x7f054a7fbcd0 pc=0x561715f206cc
runtime.startlockedm(0x1bbac483ee00?)
	/usr/lib/golang/src/runtime/proc.go:3291 +0x5e fp=0x7f054a7fbd28 sp=0x7f054a7fbd00 pc=0x561715f2103e
runtime.schedule()
	/usr/lib/golang/src/runtime/proc.go:4226 +0x6a fp=0x7f054a7fbd68 sp=0x7f054a7fbd28 pc=0x561715f2338a
runtime.park_m(0x1bbac48483c0)
	/usr/lib/golang/src/runtime/proc.go:4304 +0x285 fp=0x7f054a7fbdc8 sp=0x7f054a7fbd68 pc=0x561715f23865
runtime.mcall()
	/usr/lib/golang/src/runtime/asm_amd64.s:496 +0x57 fp=0x7f054a7fbde0 sp=0x7f054a7fbdc8 pc=0x561715f56e97
rax    0xca
rbx    0x0
rcx    0x561715f5a663
rdx    0x0
rdi    0x1bbac4780960
rsi    0x80
rbp    0x7f054a7fbc88
rsp    0x7f054a7fbc40
r8     0x0
r9     0x0
r10    0x0
r11    0x286
r12    0x7f054a7fbbd8
r13    0xf
r14    0x1bbac47bba40
r15    0xf
rip    0x561715f5a661
rflags 0x286
cs     0x33
fs     0x0
gs     0x0

-----

SIGQUIT: quit
PC=0x561715f5872a m=9 sigcode=0

goroutine 0 gp=0x1bbac4849a40 m=9 mp=0x1bbac476f008 [idle]:
runtime.procyieldAsm(0xa)
	/usr/lib/golang/src/runtime/asm_amd64.s:869 +0xa fp=0x7f05497f9b90 sp=0x7f05497f9b88 pc=0x561715f5872a
runtime.procyield(...)
	/usr/lib/golang/src/runtime/stubs.go:282
runtime.suspendG(0x1bbac41d21e0)
	/usr/lib/golang/src/runtime/preempt.go:249 +0x365 fp=0x7f05497f9c10 sp=0x7f05497f9b90 pc=0x561715f19d25
runtime.markroot.func1()
	/usr/lib/golang/src/runtime/mgcmark.go:298 +0x85 fp=0x7f05497f9c60 sp=0x7f05497f9c10 pc=0x561715efbd45
runtime.markroot(0x1bbac4377260, 0x16, 0x1)
	/usr/lib/golang/src/runtime/mgcmark.go:280 +0x1a5 fp=0x7f05497f9d10 sp=0x7f05497f9c60 pc=0x561715efb9c5
runtime.gcDrain(0x1bbac4377260, 0x3)
	/usr/lib/golang/src/runtime/mgcmark.go:1275 +0x4a7 fp=0x7f05497f9d80 sp=0x7f05497f9d10 pc=0x561715efdec7
runtime.gcDrainMarkWorkerDedicated(...)
	/usr/lib/golang/src/runtime/mgcmark.go:1178
runtime.gcBgMarkWorker.func2()
	/usr/lib/golang/src/runtime/mgc.go:1862 +0x9a fp=0x7f05497f9dd0 sp=0x7f05497f9d80 pc=0x561715ef9c3a
runtime.systemstack(0x800000)
	/usr/lib/golang/src/runtime/asm_amd64.s:562 +0x47 fp=0x7f05497f9de0 sp=0x7f05497f9dd0 pc=0x561715f56f07
rax    0x5
rbx    0x1bbac476f008
rcx    0x0
rdx    0x1a002f6a
rdi    0x1
rsi    0x7f05497f9b60
rbp    0x7f05497f9c00
rsp    0x7f05497f9b88
r8     0x1a002f6a
r9     0x3fffffffffffffff
r10    0x4000000000000000
r11    0x56171846c1a0
r12    0x7f05497f9b70
r13    0x3
r14    0x1bbac4849a40
r15    0x56171852a280
rip    0x561715f5872a
rflags 0x206
cs     0x33
fs     0x0
gs     0x0

-----

