runtime/cgo: runtime/cgo: pthread_create failed: Resource temporarily unavailable
pthread_create failed: Resource temporarily unavailable
SIGABRT: abort
PC=0x7f86dda8d38c m=7 sigcode=18446744073709551610

goroutine 0 gp=0x27c2b2d4a3c0 m=7 mp=0x27c2b2d06808 [idle]:
runtime: g 0 gp=0x27c2b2d4a3c0: unknown pc 0x7f86dda8d38c
stack: frame={sp:0x7f86a7ffe7f0, fp:0x0} stack=[0x7f86a77ff1e0,0x7f86a7ffede0)
                   7 6 5 4  3 2 1 0   f e d c  b a 9 8  0123456789abcdef
00007f86a7ffe6f0: 00000000 00000000  00007f86 a7ffe738  ........8.......
00007f86a7ffe700: 00005566 3e86ef3f  00000000 00000000  ?..>fU..........
                  ^ <runtime.mmap.func1+0x3f>
00007f86a7ffe710: 00005566 3e8bda4a  00000022 00000003  J..>fU......"...
                  ^ <runtime.setVMAName+0xea>
00007f86a7ffe720: 00000000 ffffffff  00007f86 b429b000  ..........).....
00007f86a7ffe730: 00007f86 a7ffe778  00007f86 a7ffe7b0  x...............
00007f86a7ffe740: 00005566 3e86ee7a  00007f86 a7ffe780  z..>fU..........
                  ^ <runtime.mmap+0x5a>
00007f86a7ffe750: 6d6d6920 3a6f4720  656d206c 6174726f   Go: immortal me
00007f86a7ffe760: 00006174 61646174  00000000 00000000  tadata..........
00007f86a7ffe770: 00000000 00000000  00000000 00000000  ................
00007f86a7ffe780: 00000000 00000000  00000000 00000000  ................
00007f86a7ffe790: 00000000 00000000  00000000 00000000  ................
00007f86a7ffe7a0: 00007f86 a7ffe750  00007f86 b429b000  P.........).....
00007f86a7ffe7b0: 00007f86 a7ffe7f0  00005566 3e880547  ........G..>fU..
                                     ^ <runtime.sysAllocOS+0xe7>
00007f86a7ffe7c0: 00007f86 b429b000  00000000 00040000  ..).............
00007f86a7ffe7d0: 00005566 3f9aaeba  00000000 00000000  ...?fU..........
00007f86a7ffe7e0: 00000000 00000000  00007f86 dda8d37e  ........~.......
00007f86a7ffe7f0: 00007f86 a7ffe818  00005566 3e880249  ........I..>fU..
                  ^ SP
                                     ^ <runtime.sysAlloc+0x49>
00007f86a7ffe800: 00000000 00040000  00005566 3f9aaeba  ...........?fU..
00007f86a7ffe810: 00000000 000fbfbd  00007f86 a7ffe870  ........p.......
00007f86a7ffe820: 00005566 3e87b4e5  00000000 00040000  ...>fU..........
                  ^ <runtime.persistentalloc1+0x1e5>
00007f86a7ffe830: ffffffff ffffc040  00005566 3f9aaeba  @..........?fU..
00007f86a7ffe840: 00000000 00000011  00000000 00000008  ................
00007f86a7ffe850: ffffffff fffffff8  000027c2 b2d06808  .........h...'..
00007f86a7ffe860: 000027c2 b2847220  00007f86 b429b008   r...'....).....
00007f86a7ffe870: 00007f86 a7ffe8a0  a9f560b4 a6079b00  .............`..
00007f86a7ffe880: 00007f86 a7fff640  00000000 00000006  @...............
00007f86a7ffe890: 00005566 3fcb3654  00007f86 a7ffebc0  T6.?fU..........
00007f86a7ffe8a0: 000027c2 b2d4a3c0  00007f86 dda3fa86  .....'..........
00007f86a7ffe8b0: 00007f86 ddbfceb0  00007f86 dda29873  ........s.......
00007f86a7ffe8c0: 00000000 00000020  00000000 0000000d   ...............
00007f86a7ffe8d0: 00005566 3fcb3619  00000000 0000000d  .6.?fU..........
00007f86a7ffe8e0: 000027c2 b2e84000  00007f86 dda8316d  .@...'..m1......
runtime: g 0 gp=0x27c2b2d4a3c0: unknown pc 0x7f86dda8d38c
stack: frame={sp:0x7f86a7ffe7f0, fp:0x0} stack=[0x7f86a77ff1e0,0x7f86a7ffede0)
                   7 6 5 4  3 2 1 0   f e d c  b a 9 8  0123456789abcdef
00007f86a7ffe6f0: 00000000 00000000  00007f86 a7ffe738  ........8.......
00007f86a7ffe700: 00005566 3e86ef3f  00000000 00000000  ?..>fU..........
                  ^ <runtime.mmap.func1+0x3f>
00007f86a7ffe710: 00005566 3e8bda4a  00000022 00000003  J..>fU......"...
                  ^ <runtime.setVMAName+0xea>
00007f86a7ffe720: 00000000 ffffffff  00007f86 b429b000  ..........).....
00007f86a7ffe730: 00007f86 a7ffe778  00007f86 a7ffe7b0  x...............
00007f86a7ffe740: 00005566 3e86ee7a  00007f86 a7ffe780  z..>fU..........
                  ^ <runtime.mmap+0x5a>
00007f86a7ffe750: 6d6d6920 3a6f4720  656d206c 6174726f   Go: immortal me
00007f86a7ffe760: 00006174 61646174  00000000 00000000  tadata..........
00007f86a7ffe770: 00000000 00000000  00000000 00000000  ................
00007f86a7ffe780: 00000000 00000000  00000000 00000000  ................
00007f86a7ffe790: 00000000 00000000  00000000 00000000  ................
00007f86a7ffe7a0: 00007f86 a7ffe750  00007f86 b429b000  P.........).....
00007f86a7ffe7b0: 00007f86 a7ffe7f0  00005566 3e880547  ........G..>fU..
                                     ^ <runtime.sysAllocOS+0xe7>
00007f86a7ffe7c0: 00007f86 b429b000  00000000 00040000  ..).............
00007f86a7ffe7d0: 00005566 3f9aaeba  00000000 00000000  ...?fU..........
00007f86a7ffe7e0: 00000000 00000000  00007f86 dda8d37e  ........~.......
00007f86a7ffe7f0: 00007f86 a7ffe818  00005566 3e880249  ........I..>fU..
                  ^ SP
                                     ^ <runtime.sysAlloc+0x49>
00007f86a7ffe800: 00000000 00040000  00005566 3f9aaeba  ...........?fU..
00007f86a7ffe810: 00000000 000fbfbd  00007f86 a7ffe870  ........p.......
00007f86a7ffe820: 00005566 3e87b4e5  00000000 00040000  ...>fU..........
                  ^ <runtime.persistentalloc1+0x1e5>
00007f86a7ffe830: ffffffff ffffc040  00005566 3f9aaeba  @..........?fU..
00007f86a7ffe840: 00000000 00000011  00000000 00000008  ................
00007f86a7ffe850: ffffffff fffffff8  000027c2 b2d06808  .........h...'..
00007f86a7ffe860: 000027c2 b2847220  00007f86 b429b008   r...'....).....
00007f86a7ffe870: 00007f86 a7ffe8a0  a9f560b4 a6079b00  .............`..
00007f86a7ffe880: 00007f86 a7fff640  00000000 00000006  @...............
00007f86a7ffe890: 00005566 3fcb3654  00007f86 a7ffebc0  T6.?fU..........
00007f86a7ffe8a0: 000027c2 b2d4a3c0  00007f86 dda3fa86  .....'..........
00007f86a7ffe8b0: 00007f86 ddbfceb0  00007f86 dda29873  ........s.......
00007f86a7ffe8c0: 00000000 00000020  00000000 0000000d   ...............
00007f86a7ffe8d0: 00005566 3fcb3619  00000000 0000000d  .6.?fU..........
00007f86a7ffe8e0: 000027c2 b2e84000  00007f86 dda8316d  .@...'..m1......

goroutine 1 gp=0x27c2b26a21e0 m=0 mp=0x556640fb27a0 [running, locked to thread]:
	goroutine running on other thread; stack unavailable

goroutine 2 gp=0x27c2b26a2d20 m=nil [force gc (idle)]:
runtime.gopark(0x0?, 0x0?, 0x0?, 0x0?, 0x0?)
	/usr/lib/golang/src/runtime/proc.go:462 +0xce fp=0x27c2b2c06fa8 sp=0x27c2b2c06f88 pc=0x55663e8de0ae
runtime.goparkunlock(...)
	/usr/lib/golang/src/runtime/proc.go:468
runtime.forcegchelper()
	/usr/lib/golang/src/runtime/proc.go:375 +0xb8 fp=0x27c2b2c06fe0 sp=0x27c2b2c06fa8 pc=0x55663e8a8b98
runtime.goexit({})
	/usr/lib/golang/src/runtime/asm_amd64.s:1771 +0x1 fp=0x27c2b2c06fe8 sp=0x27c2b2c06fe0 pc=0x55663e8e5b41
created by runtime.init.8 in goroutine 1
	/usr/lib/golang/src/runtime/proc.go:363 +0x1a

goroutine 3 gp=0x27c2b26a32c0 m=nil [GC sweep wait]:
runtime.gopark(0x0?, 0x0?, 0x0?, 0x0?, 0x0?)
	/usr/lib/golang/src/runtime/proc.go:462 +0xce fp=0x27c2b2c07788 sp=0x27c2b2c07768 pc=0x55663e8de0ae
runtime.goparkunlock(...)
	/usr/lib/golang/src/runtime/proc.go:468
runtime.bgsweep(0x27c2b26f6280)
	/usr/lib/golang/src/runtime/mgcsweep.go:279 +0x94 fp=0x27c2b2c077c8 sp=0x27c2b2c07788 pc=0x55663e8928b4
runtime.gcenable.gowrap1()
	/usr/lib/golang/src/runtime/mgc.go:214 +0x17 fp=0x27c2b2c077e0 sp=0x27c2b2c077c8 pc=0x55663e883e17
runtime.goexit({})
	/usr/lib/golang/src/runtime/asm_amd64.s:1771 +0x1 fp=0x27c2b2c077e8 sp=0x27c2b2c077e0 pc=0x55663e8e5b41
created by runtime.gcenable in goroutine 1
	/usr/lib/golang/src/runtime/mgc.go:214 +0x66

goroutine 4 gp=0x27c2b26a34a0 m=nil [GC scavenge wait]:
runtime.gopark(0x10000?, 0x55663fc96238?, 0x0?, 0x0?, 0x0?)
	/usr/lib/golang/src/runtime/proc.go:462 +0xce fp=0x27c2b2c07f78 sp=0x27c2b2c07f58 pc=0x55663e8de0ae
runtime.goparkunlock(...)
	/usr/lib/golang/src/runtime/proc.go:468
runtime.(*scavengerState).park(0x556640faf740)
	/usr/lib/golang/src/runtime/mgcscavenge.go:425 +0x49 fp=0x27c2b2c07fa8 sp=0x27c2b2c07f78 pc=0x55663e8903c9
runtime.bgscavenge(0x27c2b26f6280)
	/usr/lib/golang/src/runtime/mgcscavenge.go:658 +0x59 fp=0x27c2b2c07fc8 sp=0x27c2b2c07fa8 pc=0x55663e890959
runtime.gcenable.gowrap2()
	/usr/lib/golang/src/runtime/mgc.go:215 +0x17 fp=0x27c2b2c07fe0 sp=0x27c2b2c07fc8 pc=0x55663e883dd7
runtime.goexit({})
	/usr/lib/golang/src/runtime/asm_amd64.s:1771 +0x1 fp=0x27c2b2c07fe8 sp=0x27c2b2c07fe0 pc=0x55663e8e5b41
created by runtime.gcenable in goroutine 1
	/usr/lib/golang/src/runtime/mgc.go:215 +0xa5

goroutine 18 gp=0x27c2b2d00000 m=nil [GOMAXPROCS updater (idle)]:
runtime.gopark(0x0?, 0x0?, 0x0?, 0x0?, 0x0?)
	/usr/lib/golang/src/runtime/proc.go:462 +0xce fp=0x27c2b2c02788 sp=0x27c2b2c02768 pc=0x55663e8de0ae
runtime.goparkunlock(...)
	/usr/lib/golang/src/runtime/proc.go:468
runtime.updateMaxProcsGoroutine()
	/usr/lib/golang/src/runtime/proc.go:7095 +0xe7 fp=0x27c2b2c027e0 sp=0x27c2b2c02788 pc=0x55663e8b7167
runtime.goexit({})
	/usr/lib/golang/src/runtime/asm_amd64.s:1771 +0x1 fp=0x27c2b2c027e8 sp=0x27c2b2c027e0 pc=0x55663e8e5b41
created by runtime.defaultGOMAXPROCSUpdateEnable in goroutine 1
	/usr/lib/golang/src/runtime/proc.go:7083 +0x37

goroutine 19 gp=0x27c2b2d001e0 m=nil [GC worker (idle)]:
runtime.gopark(0x55663e8a8725?, 0x556640eba7e0?, 0x0?, 0x0?, 0x0?)
	/usr/lib/golang/src/runtime/proc.go:462 +0xce fp=0x27c2b2c06740 sp=0x27c2b2c06720 pc=0x55663e8de0ae
runtime.gcBgMarkWorker(0x27c2b2d02070)
	/usr/lib/golang/src/runtime/mgc.go:1791 +0xeb fp=0x27c2b2c067c8 sp=0x27c2b2c06740 pc=0x55663e88692b
runtime.gcBgMarkStartWorkers.gowrap1()
	/usr/lib/golang/src/runtime/mgc.go:1695 +0x17 fp=0x27c2b2c067e0 sp=0x27c2b2c067c8 pc=0x55663e886817
runtime.goexit({})
	/usr/lib/golang/src/runtime/asm_amd64.s:1771 +0x1 fp=0x27c2b2c067e8 sp=0x27c2b2c067e0 pc=0x55663e8e5b41
created by runtime.gcBgMarkStartWorkers in goroutine 1
	/usr/lib/golang/src/runtime/mgc.go:1695 +0x105

goroutine 34 gp=0x27c2b2c843c0 m=nil [GC worker (idle)]:
runtime.gopark(0x0?, 0x0?, 0x0?, 0x0?, 0x0?)
	/usr/lib/golang/src/runtime/proc.go:462 +0xce fp=0x27c2b2c9a740 sp=0x27c2b2c9a720 pc=0x55663e8de0ae
runtime.gcBgMarkWorker(0x27c2b2d02070)
	/usr/lib/golang/src/runtime/mgc.go:1791 +0xeb fp=0x27c2b2c9a7c8 sp=0x27c2b2c9a740 pc=0x55663e88692b
runtime.gcBgMarkStartWorkers.gowrap1()
	/usr/lib/golang/src/runtime/mgc.go:1695 +0x17 fp=0x27c2b2c9a7e0 sp=0x27c2b2c9a7c8 pc=0x55663e886817
runtime.goexit({})
	/usr/lib/golang/src/runtime/asm_amd64.s:1771 +0x1 fp=0x27c2b2c9a7e8 sp=0x27c2b2c9a7e0 pc=0x55663e8e5b41
created by runtime.gcBgMarkStartWorkers in goroutine 1
	/usr/lib/golang/src/runtime/mgc.go:1695 +0x105

goroutine 35 gp=0x27c2b2c845a0 m=nil [GC worker (idle)]:
runtime.gopark(0x0?, 0x0?, 0x0?, 0x0?, 0x0?)
	/usr/lib/golang/src/runtime/proc.go:462 +0xce fp=0x27c2b2c9af40 sp=0x27c2b2c9af20 pc=0x55663e8de0ae
runtime.gcBgMarkWorker(0x27c2b2d02070)
	/usr/lib/golang/src/runtime/mgc.go:1791 +0xeb fp=0x27c2b2c9afc8 sp=0x27c2b2c9af40 pc=0x55663e88692b
runtime.gcBgMarkStartWorkers.gowrap1()
	/usr/lib/golang/src/runtime/mgc.go:1695 +0x17 fp=0x27c2b2c9afe0 sp=0x27c2b2c9afc8 pc=0x55663e886817
runtime.goexit({})
	/usr/lib/golang/src/runtime/asm_amd64.s:1771 +0x1 fp=0x27c2b2c9afe8 sp=0x27c2b2c9afe0 pc=0x55663e8e5b41
created by runtime.gcBgMarkStartWorkers in goroutine 1
	/usr/lib/golang/src/runtime/mgc.go:1695 +0x105

goroutine 36 gp=0x27c2b2c84780 m=nil [GC worker (idle)]:
runtime.gopark(0x0?, 0x0?, 0x0?, 0x0?, 0x0?)
	/usr/lib/golang/src/runtime/proc.go:462 +0xce fp=0x27c2b2c9b740 sp=0x27c2b2c9b720 pc=0x55663e8de0ae
runtime.gcBgMarkWorker(0x27c2b2d02070)
	/usr/lib/golang/src/runtime/mgc.go:1791 +0xeb fp=0x27c2b2c9b7c8 sp=0x27c2b2c9b740 pc=0x55663e88692b
runtime.gcBgMarkStartWorkers.gowrap1()
	/usr/lib/golang/src/runtime/mgc.go:1695 +0x17 fp=0x27c2b2c9b7e0 sp=0x27c2b2c9b7c8 pc=0x55663e886817
runtime.goexit({})
	/usr/lib/golang/src/runtime/asm_amd64.s:1771 +0x1 fp=0x27c2b2c9b7e8 sp=0x27c2b2c9b7e0 pc=0x55663e8e5b41
created by runtime.gcBgMarkStartWorkers in goroutine 1
	/usr/lib/golang/src/runtime/mgc.go:1695 +0x105

goroutine 5 gp=0x27c2b26a3a40 m=nil [GC worker (idle)]:
runtime.gopark(0x0?, 0x0?, 0x0?, 0x0?, 0x0?)
	/usr/lib/golang/src/runtime/proc.go:462 +0xce fp=0x27c2b2c08740 sp=0x27c2b2c08720 pc=0x55663e8de0ae
runtime.gcBgMarkWorker(0x27c2b2d02070)
	/usr/lib/golang/src/runtime/mgc.go:1791 +0xeb fp=0x27c2b2c087c8 sp=0x27c2b2c08740 pc=0x55663e88692b
runtime.gcBgMarkStartWorkers.gowrap1()
	/usr/lib/golang/src/runtime/mgc.go:1695 +0x17 fp=0x27c2b2c087e0 sp=0x27c2b2c087c8 pc=0x55663e886817
runtime.goexit({})
	/usr/lib/golang/src/runtime/asm_amd64.s:1771 +0x1 fp=0x27c2b2c087e8 sp=0x27c2b2c087e0 pc=0x55663e8e5b41
created by runtime.gcBgMarkStartWorkers in goroutine 1
	/usr/lib/golang/src/runtime/mgc.go:1695 +0x105

goroutine 37 gp=0x27c2b2c84960 m=nil [GC worker (idle)]:
runtime.gopark(0x0?, 0x0?, 0x0?, 0x0?, 0x0?)
	/usr/lib/golang/src/runtime/proc.go:462 +0xce fp=0x27c2b2c9bf40 sp=0x27c2b2c9bf20 pc=0x55663e8de0ae
runtime.gcBgMarkWorker(0x27c2b2d02070)
	/usr/lib/golang/src/runtime/mgc.go:1791 +0xeb fp=0x27c2b2c9bfc8 sp=0x27c2b2c9bf40 pc=0x55663e88692b
runtime.gcBgMarkStartWorkers.gowrap1()
	/usr/lib/golang/src/runtime/mgc.go:1695 +0x17 fp=0x27c2b2c9bfe0 sp=0x27c2b2c9bfc8 pc=0x55663e886817
runtime.goexit({})
	/usr/lib/golang/src/runtime/asm_amd64.s:1771 +0x1 fp=0x27c2b2c9bfe8 sp=0x27c2b2c9bfe0 pc=0x55663e8e5b41
created by runtime.gcBgMarkStartWorkers in goroutine 1
	/usr/lib/golang/src/runtime/mgc.go:1695 +0x105

goroutine 38 gp=0x27c2b2c84b40 m=nil [GC worker (idle)]:
runtime.gopark(0x0?, 0x0?, 0x0?, 0x0?, 0x0?)
	/usr/lib/golang/src/runtime/proc.go:462 +0xce fp=0x27c2b2c9c740 sp=0x27c2b2c9c720 pc=0x55663e8de0ae
runtime.gcBgMarkWorker(0x27c2b2d02070)
	/usr/lib/golang/src/runtime/mgc.go:1791 +0xeb fp=0x27c2b2c9c7c8 sp=0x27c2b2c9c740 pc=0x55663e88692b
runtime.gcBgMarkStartWorkers.gowrap1()
	/usr/lib/golang/src/runtime/mgc.go:1695 +0x17 fp=0x27c2b2c9c7e0 sp=0x27c2b2c9c7c8 pc=0x55663e886817
runtime.goexit({})
	/usr/lib/golang/src/runtime/asm_amd64.s:1771 +0x1 fp=0x27c2b2c9c7e8 sp=0x27c2b2c9c7e0 pc=0x55663e8e5b41
created by runtime.gcBgMarkStartWorkers in goroutine 1
	/usr/lib/golang/src/runtime/mgc.go:1695 +0x105

goroutine 39 gp=0x27c2b2c84d20 m=nil [GC worker (idle)]:
runtime.gopark(0x0?, 0x0?, 0x0?, 0x0?, 0x0?)
	/usr/lib/golang/src/runtime/proc.go:462 +0xce fp=0x27c2b2c9cf40 sp=0x27c2b2c9cf20 pc=0x55663e8de0ae
runtime.gcBgMarkWorker(0x27c2b2d02070)
	/usr/lib/golang/src/runtime/mgc.go:1791 +0xeb fp=0x27c2b2c9cfc8 sp=0x27c2b2c9cf40 pc=0x55663e88692b
runtime.gcBgMarkStartWorkers.gowrap1()
	/usr/lib/golang/src/runtime/mgc.go:1695 +0x17 fp=0x27c2b2c9cfe0 sp=0x27c2b2c9cfc8 pc=0x55663e886817
runtime.goexit({})
	/usr/lib/golang/src/runtime/asm_amd64.s:1771 +0x1 fp=0x27c2b2c9cfe8 sp=0x27c2b2c9cfe0 pc=0x55663e8e5b41
created by runtime.gcBgMarkStartWorkers in goroutine 1
	/usr/lib/golang/src/runtime/mgc.go:1695 +0x105

goroutine 20 gp=0x27c2b2d00780 m=nil [GC worker (idle)]:
runtime.gopark(0x0?, 0x0?, 0x0?, 0x0?, 0x0?)
	/usr/lib/golang/src/runtime/proc.go:462 +0xce fp=0x27c2b2c02f40 sp=0x27c2b2c02f20 pc=0x55663e8de0ae
runtime.gcBgMarkWorker(0x27c2b2d02070)
	/usr/lib/golang/src/runtime/mgc.go:1791 +0xeb fp=0x27c2b2c02fc8 sp=0x27c2b2c02f40 pc=0x55663e88692b
runtime.gcBgMarkStartWorkers.gowrap1()
	/usr/lib/golang/src/runtime/mgc.go:1695 +0x17 fp=0x27c2b2c02fe0 sp=0x27c2b2c02fc8 pc=0x55663e886817
runtime.goexit({})
	/usr/lib/golang/src/runtime/asm_amd64.s:1771 +0x1 fp=0x27c2b2c02fe8 sp=0x27c2b2c02fe0 pc=0x55663e8e5b41
created by runtime.gcBgMarkStartWorkers in goroutine 1
	/usr/lib/golang/src/runtime/mgc.go:1695 +0x105

goroutine 21 gp=0x27c2b2d00960 m=nil [GC worker (idle)]:
runtime.gopark(0x0?, 0x0?, 0x0?, 0x0?, 0x0?)
	/usr/lib/golang/src/runtime/proc.go:462 +0xce fp=0x27c2b2c03740 sp=0x27c2b2c03720 pc=0x55663e8de0ae
runtime.gcBgMarkWorker(0x27c2b2d02070)
	/usr/lib/golang/src/runtime/mgc.go:1791 +0xeb fp=0x27c2b2c037c8 sp=0x27c2b2c03740 pc=0x55663e88692b
runtime.gcBgMarkStartWorkers.gowrap1()
	/usr/lib/golang/src/runtime/mgc.go:1695 +0x17 fp=0x27c2b2c037e0 sp=0x27c2b2c037c8 pc=0x55663e886817
runtime.goexit({})
	/usr/lib/golang/src/runtime/asm_amd64.s:1771 +0x1 fp=0x27c2b2c037e8 sp=0x27c2b2c037e0 pc=0x55663e8e5b41
created by runtime.gcBgMarkStartWorkers in goroutine 1
	/usr/lib/golang/src/runtime/mgc.go:1695 +0x105

goroutine 22 gp=0x27c2b2d00b40 m=nil [GC worker (idle)]:
runtime.gopark(0x0?, 0x0?, 0x0?, 0x0?, 0x0?)
	/usr/lib/golang/src/runtime/proc.go:462 +0xce fp=0x27c2b2c03f40 sp=0x27c2b2c03f20 pc=0x55663e8de0ae
runtime.gcBgMarkWorker(0x27c2b2d02070)
	/usr/lib/golang/src/runtime/mgc.go:1791 +0xeb fp=0x27c2b2c03fc8 sp=0x27c2b2c03f40 pc=0x55663e88692b
runtime.gcBgMarkStartWorkers.gowrap1()
	/usr/lib/golang/src/runtime/mgc.go:1695 +0x17 fp=0x27c2b2c03fe0 sp=0x27c2b2c03fc8 pc=0x55663e886817
runtime.goexit({})
	/usr/lib/golang/src/runtime/asm_amd64.s:1771 +0x1 fp=0x27c2b2c03fe8 sp=0x27c2b2c03fe0 pc=0x55663e8e5b41
created by runtime.gcBgMarkStartWorkers in goroutine 1
	/usr/lib/golang/src/runtime/mgc.go:1695 +0x105

goroutine 23 gp=0x27c2b2d00d20 m=nil [GC worker (idle)]:
runtime.gopark(0x0?, 0x0?, 0x0?, 0x0?, 0x0?)
	/usr/lib/golang/src/runtime/proc.go:462 +0xce fp=0x27c2b2c04740 sp=0x27c2b2c04720 pc=0x55663e8de0ae
runtime.gcBgMarkWorker(0x27c2b2d02070)
	/usr/lib/golang/src/runtime/mgc.go:1791 +0xeb fp=0x27c2b2c047c8 sp=0x27c2b2c04740 pc=0x55663e88692b
runtime.gcBgMarkStartWorkers.gowrap1()
	/usr/lib/golang/src/runtime/mgc.go:1695 +0x17 fp=0x27c2b2c047e0 sp=0x27c2b2c047c8 pc=0x55663e886817
runtime.goexit({})
	/usr/lib/golang/src/runtime/asm_amd64.s:1771 +0x1 fp=0x27c2b2c047e8 sp=0x27c2b2c047e0 pc=0x55663e8e5b41
created by runtime.gcBgMarkStartWorkers in goroutine 1
	/usr/lib/golang/src/runtime/mgc.go:1695 +0x105

goroutine 24 gp=0x27c2b2d00f00 m=nil [GC worker (idle)]:
runtime.gopark(0x0?, 0x0?, 0x0?, 0x0?, 0x0?)
	/usr/lib/golang/src/runtime/proc.go:462 +0xce fp=0x27c2b2c04f40 sp=0x27c2b2c04f20 pc=0x55663e8de0ae
runtime.gcBgMarkWorker(0x27c2b2d02070)
	/usr/lib/golang/src/runtime/mgc.go:1791 +0xeb fp=0x27c2b2c04fc8 sp=0x27c2b2c04f40 pc=0x55663e88692b
runtime.gcBgMarkStartWorkers.gowrap1()
	/usr/lib/golang/src/runtime/mgc.go:1695 +0x17 fp=0x27c2b2c04fe0 sp=0x27c2b2c04fc8 pc=0x55663e886817
runtime.goexit({})
	/usr/lib/golang/src/runtime/asm_amd64.s:1771 +0x1 fp=0x27c2b2c04fe8 sp=0x27c2b2c04fe0 pc=0x55663e8e5b41
created by runtime.gcBgMarkStartWorkers in goroutine 1
	/usr/lib/golang/src/runtime/mgc.go:1695 +0x105

goroutine 25 gp=0x27c2b2d010e0 m=nil [GC worker (idle)]:
runtime.gopark(0x0?, 0x0?, 0x0?, 0x0?, 0x0?)
	/usr/lib/golang/src/runtime/proc.go:462 +0xce fp=0x27c2b2c05740 sp=0x27c2b2c05720 pc=0x55663e8de0ae
runtime.gcBgMarkWorker(0x27c2b2d02070)
	/usr/lib/golang/src/runtime/mgc.go:1791 +0xeb fp=0x27c2b2c057c8 sp=0x27c2b2c05740 pc=0x55663e88692b
runtime.gcBgMarkStartWorkers.gowrap1()
	/usr/lib/golang/src/runtime/mgc.go:1695 +0x17 fp=0x27c2b2c057e0 sp=0x27c2b2c057c8 pc=0x55663e886817
runtime.goexit({})
	/usr/lib/golang/src/runtime/asm_amd64.s:1771 +0x1 fp=0x27c2b2c057e8 sp=0x27c2b2c057e0 pc=0x55663e8e5b41
created by runtime.gcBgMarkStartWorkers in goroutine 1
	/usr/lib/golang/src/runtime/mgc.go:1695 +0x105

goroutine 26 gp=0x27c2b2d012c0 m=nil [GC worker (idle)]:
runtime.gopark(0x0?, 0x0?, 0x0?, 0x0?, 0x0?)
	/usr/lib/golang/src/runtime/proc.go:462 +0xce fp=0x27c2b2c05f40 sp=0x27c2b2c05f20 pc=0x55663e8de0ae
runtime.gcBgMarkWorker(0x27c2b2d02070)
	/usr/lib/golang/src/runtime/mgc.go:1791 +0xeb fp=0x27c2b2c05fc8 sp=0x27c2b2c05f40 pc=0x55663e88692b
runtime.gcBgMarkStartWorkers.gowrap1()
	/usr/lib/golang/src/runtime/mgc.go:1695 +0x17 fp=0x27c2b2c05fe0 sp=0x27c2b2c05fc8 pc=0x55663e886817
runtime.goexit({})
	/usr/lib/golang/src/runtime/asm_amd64.s:1771 +0x1 fp=0x27c2b2c05fe8 sp=0x27c2b2c05fe0 pc=0x55663e8e5b41
created by runtime.gcBgMarkStartWorkers in goroutine 1
	/usr/lib/golang/src/runtime/mgc.go:1695 +0x105

goroutine 6 gp=0x27c2b26a3c20 m=nil [GC worker (idle)]:
runtime.gopark(0x0?, 0x0?, 0x0?, 0x0?, 0x0?)
	/usr/lib/golang/src/runtime/proc.go:462 +0xce fp=0x27c2b2c08f40 sp=0x27c2b2c08f20 pc=0x55663e8de0ae
runtime.gcBgMarkWorker(0x27c2b2d02070)
	/usr/lib/golang/src/runtime/mgc.go:1791 +0xeb fp=0x27c2b2c08fc8 sp=0x27c2b2c08f40 pc=0x55663e88692b
runtime.gcBgMarkStartWorkers.gowrap1()
	/usr/lib/golang/src/runtime/mgc.go:1695 +0x17 fp=0x27c2b2c08fe0 sp=0x27c2b2c08fc8 pc=0x55663e886817
runtime.goexit({})
	/usr/lib/golang/src/runtime/asm_amd64.s:1771 +0x1 fp=0x27c2b2c08fe8 sp=0x27c2b2c08fe0 pc=0x55663e8e5b41
created by runtime.gcBgMarkStartWorkers in goroutine 1
	/usr/lib/golang/src/runtime/mgc.go:1695 +0x105

goroutine 7 gp=0x27c2b2c3e000 m=nil [GC worker (idle)]:
runtime.gopark(0x0?, 0x0?, 0x0?, 0x0?, 0x0?)
	/usr/lib/golang/src/runtime/proc.go:462 +0xce fp=0x27c2b2c09740 sp=0x27c2b2c09720 pc=0x55663e8de0ae
runtime.gcBgMarkWorker(0x27c2b2d02070)
	/usr/lib/golang/src/runtime/mgc.go:1791 +0xeb fp=0x27c2b2c097c8 sp=0x27c2b2c09740 pc=0x55663e88692b
runtime.gcBgMarkStartWorkers.gowrap1()
	/usr/lib/golang/src/runtime/mgc.go:1695 +0x17 fp=0x27c2b2c097e0 sp=0x27c2b2c097c8 pc=0x55663e886817
runtime.goexit({})
	/usr/lib/golang/src/runtime/asm_amd64.s:1771 +0x1 fp=0x27c2b2c097e8 sp=0x27c2b2c097e0 pc=0x55663e8e5b41
created by runtime.gcBgMarkStartWorkers in goroutine 1
	/usr/lib/golang/src/runtime/mgc.go:1695 +0x105

goroutine 8 gp=0x27c2b2c3e1e0 m=nil [GC worker (idle)]:
runtime.gopark(0x0?, 0x0?, 0x0?, 0x0?, 0x0?)
	/usr/lib/golang/src/runtime/proc.go:462 +0xce fp=0x27c2b2c09f40 sp=0x27c2b2c09f20 pc=0x55663e8de0ae
runtime.gcBgMarkWorker(0x27c2b2d02070)
	/usr/lib/golang/src/runtime/mgc.go:1791 +0xeb fp=0x27c2b2c09fc8 sp=0x27c2b2c09f40 pc=0x55663e88692b
runtime.gcBgMarkStartWorkers.gowrap1()
	/usr/lib/golang/src/runtime/mgc.go:1695 +0x17 fp=0x27c2b2c09fe0 sp=0x27c2b2c09fc8 pc=0x55663e886817
runtime.goexit({})
	/usr/lib/golang/src/runtime/asm_amd64.s:1771 +0x1 fp=0x27c2b2c09fe8 sp=0x27c2b2c09fe0 pc=0x55663e8e5b41
created by runtime.gcBgMarkStartWorkers in goroutine 1
	/usr/lib/golang/src/runtime/mgc.go:1695 +0x105

goroutine 9 gp=0x27c2b2c3e3c0 m=nil [GC worker (idle)]:
runtime.gopark(0x0?, 0x0?, 0x0?, 0x0?, 0x0?)
	/usr/lib/golang/src/runtime/proc.go:462 +0xce fp=0x27c2b2c96740 sp=0x27c2b2c96720 pc=0x55663e8de0ae
runtime.gcBgMarkWorker(0x27c2b2d02070)
	/usr/lib/golang/src/runtime/mgc.go:1791 +0xeb fp=0x27c2b2c967c8 sp=0x27c2b2c96740 pc=0x55663e88692b
runtime.gcBgMarkStartWorkers.gowrap1()
	/usr/lib/golang/src/runtime/mgc.go:1695 +0x17 fp=0x27c2b2c967e0 sp=0x27c2b2c967c8 pc=0x55663e886817
runtime.goexit({})
	/usr/lib/golang/src/runtime/asm_amd64.s:1771 +0x1 fp=0x27c2b2c967e8 sp=0x27c2b2c967e0 pc=0x55663e8e5b41
created by runtime.gcBgMarkStartWorkers in goroutine 1
	/usr/lib/golang/src/runtime/mgc.go:1695 +0x105

goroutine 40 gp=0x27c2b2c84f00 m=nil [GC worker (idle)]:
runtime.gopark(0x0?, 0x0?, 0x0?, 0x0?, 0x0?)
	/usr/lib/golang/src/runtime/proc.go:462 +0xce fp=0x27c2b2c9d740 sp=0x27c2b2c9d720 pc=0x55663e8de0ae
runtime.gcBgMarkWorker(0x27c2b2d02070)
	/usr/lib/golang/src/runtime/mgc.go:1791 +0xeb fp=0x27c2b2c9d7c8 sp=0x27c2b2c9d740 pc=0x55663e88692b
runtime.gcBgMarkStartWorkers.gowrap1()
	/usr/lib/golang/src/runtime/mgc.go:1695 +0x17 fp=0x27c2b2c9d7e0 sp=0x27c2b2c9d7c8 pc=0x55663e886817
runtime.goexit({})
	/usr/lib/golang/src/runtime/asm_amd64.s:1771 +0x1 fp=0x27c2b2c9d7e8 sp=0x27c2b2c9d7e0 pc=0x55663e8e5b41
created by runtime.gcBgMarkStartWorkers in goroutine 1
	/usr/lib/golang/src/runtime/mgc.go:1695 +0x105

goroutine 41 gp=0x27c2b2c850e0 m=nil [GC worker (idle)]:
runtime.gopark(0x0?, 0x0?, 0x0?, 0x0?, 0x0?)
	/usr/lib/golang/src/runtime/proc.go:462 +0xce fp=0x27c2b2c9df40 sp=0x27c2b2c9df20 pc=0x55663e8de0ae
runtime.gcBgMarkWorker(0x27c2b2d02070)
	/usr/lib/golang/src/runtime/mgc.go:1791 +0xeb fp=0x27c2b2c9dfc8 sp=0x27c2b2c9df40 pc=0x55663e88692b
runtime.gcBgMarkStartWorkers.gowrap1()
	/usr/lib/golang/src/runtime/mgc.go:1695 +0x17 fp=0x27c2b2c9dfe0 sp=0x27c2b2c9dfc8 pc=0x55663e886817
runtime.goexit({})
	/usr/lib/golang/src/runtime/asm_amd64.s:1771 +0x1 fp=0x27c2b2c9dfe8 sp=0x27c2b2c9dfe0 pc=0x55663e8e5b41
created by runtime.gcBgMarkStartWorkers in goroutine 1
	/usr/lib/golang/src/runtime/mgc.go:1695 +0x105

goroutine 27 gp=0x27c2b2d014a0 m=nil [GC worker (idle)]:
runtime.gopark(0x0?, 0x0?, 0x0?, 0x0?, 0x0?)
	/usr/lib/golang/src/runtime/proc.go:462 +0xce fp=0x27c2b2d1e740 sp=0x27c2b2d1e720 pc=0x55663e8de0ae
runtime.gcBgMarkWorker(0x27c2b2d02070)
	/usr/lib/golang/src/runtime/mgc.go:1791 +0xeb fp=0x27c2b2d1e7c8 sp=0x27c2b2d1e740 pc=0x55663e88692b
runtime.gcBgMarkStartWorkers.gowrap1()
	/usr/lib/golang/src/runtime/mgc.go:1695 +0x17 fp=0x27c2b2d1e7e0 sp=0x27c2b2d1e7c8 pc=0x55663e886817
runtime.goexit({})
	/usr/lib/golang/src/runtime/asm_amd64.s:1771 +0x1 fp=0x27c2b2d1e7e8 sp=0x27c2b2d1e7e0 pc=0x55663e8e5b41
created by runtime.gcBgMarkStartWorkers in goroutine 1
	/usr/lib/golang/src/runtime/mgc.go:1695 +0x105

goroutine 28 gp=0x27c2b2d01680 m=nil [GC worker (idle)]:
runtime.gopark(0x0?, 0x0?, 0x0?, 0x0?, 0x0?)
	/usr/lib/golang/src/runtime/proc.go:462 +0xce fp=0x27c2b2d1ef40 sp=0x27c2b2d1ef20 pc=0x55663e8de0ae
runtime.gcBgMarkWorker(0x27c2b2d02070)
	/usr/lib/golang/src/runtime/mgc.go:1791 +0xeb fp=0x27c2b2d1efc8 sp=0x27c2b2d1ef40 pc=0x55663e88692b
runtime.gcBgMarkStartWorkers.gowrap1()
	/usr/lib/golang/src/runtime/mgc.go:1695 +0x17 fp=0x27c2b2d1efe0 sp=0x27c2b2d1efc8 pc=0x55663e886817
runtime.goexit({})
	/usr/lib/golang/src/runtime/asm_amd64.s:1771 +0x1 fp=0x27c2b2d1efe8 sp=0x27c2b2d1efe0 pc=0x55663e8e5b41
created by runtime.gcBgMarkStartWorkers in goroutine 1
	/usr/lib/golang/src/runtime/mgc.go:1695 +0x105

goroutine 29 gp=0x27c2b2d01860 m=nil [GC worker (idle)]:
runtime.gopark(0x0?, 0x0?, 0x0?, 0x0?, 0x0?)
	/usr/lib/golang/src/runtime/proc.go:462 +0xce fp=0x27c2b2d1f740 sp=0x27c2b2d1f720 pc=0x55663e8de0ae
runtime.gcBgMarkWorker(0x27c2b2d02070)
	/usr/lib/golang/src/runtime/mgc.go:1791 +0xeb fp=0x27c2b2d1f7c8 sp=0x27c2b2d1f740 pc=0x55663e88692b
runtime.gcBgMarkStartWorkers.gowrap1()
	/usr/lib/golang/src/runtime/mgc.go:1695 +0x17 fp=0x27c2b2d1f7e0 sp=0x27c2b2d1f7c8 pc=0x55663e886817
runtime.goexit({})
	/usr/lib/golang/src/runtime/asm_amd64.s:1771 +0x1 fp=0x27c2b2d1f7e8 sp=0x27c2b2d1f7e0 pc=0x55663e8e5b41
created by runtime.gcBgMarkStartWorkers in goroutine 1
	/usr/lib/golang/src/runtime/mgc.go:1695 +0x105

goroutine 30 gp=0x27c2b2d01a40 m=nil [GC worker (idle)]:
runtime.gopark(0x0?, 0x0?, 0x0?, 0x0?, 0x0?)
	/usr/lib/golang/src/runtime/proc.go:462 +0xce fp=0x27c2b2d1ff40 sp=0x27c2b2d1ff20 pc=0x55663e8de0ae
runtime.gcBgMarkWorker(0x27c2b2d02070)
	/usr/lib/golang/src/runtime/mgc.go:1791 +0xeb fp=0x27c2b2d1ffc8 sp=0x27c2b2d1ff40 pc=0x55663e88692b
runtime.gcBgMarkStartWorkers.gowrap1()
	/usr/lib/golang/src/runtime/mgc.go:1695 +0x17 fp=0x27c2b2d1ffe0 sp=0x27c2b2d1ffc8 pc=0x55663e886817
runtime.goexit({})
	/usr/lib/golang/src/runtime/asm_amd64.s:1771 +0x1 fp=0x27c2b2d1ffe8 sp=0x27c2b2d1ffe0 pc=0x55663e8e5b41
created by runtime.gcBgMarkStartWorkers in goroutine 1
	/usr/lib/golang/src/runtime/mgc.go:1695 +0x105

goroutine 31 gp=0x27c2b2d01c20 m=nil [GC worker (idle)]:
runtime.gopark(0x0?, 0x0?, 0x0?, 0x0?, 0x0?)
	/usr/lib/golang/src/runtime/proc.go:462 +0xce fp=0x27c2b2d20740 sp=0x27c2b2d20720 pc=0x55663e8de0ae
runtime.gcBgMarkWorker(0x27c2b2d02070)
	/usr/lib/golang/src/runtime/mgc.go:1791 +0xeb fp=0x27c2b2d207c8 sp=0x27c2b2d20740 pc=0x55663e88692b
runtime.gcBgMarkStartWorkers.gowrap1()
	/usr/lib/golang/src/runtime/mgc.go:1695 +0x17 fp=0x27c2b2d207e0 sp=0x27c2b2d207c8 pc=0x55663e886817
runtime.goexit({})
	/usr/lib/golang/src/runtime/asm_amd64.s:1771 +0x1 fp=0x27c2b2d207e8 sp=0x27c2b2d207e0 pc=0x55663e8e5b41
created by runtime.gcBgMarkStartWorkers in goroutine 1
	/usr/lib/golang/src/runtime/mgc.go:1695 +0x105

goroutine 32 gp=0x27c2b2d22000 m=nil [GC worker (idle)]:
runtime.gopark(0x0?, 0x0?, 0x0?, 0x0?, 0x0?)
	/usr/lib/golang/src/runtime/proc.go:462 +0xce fp=0x27c2b2d20f40 sp=0x27c2b2d20f20 pc=0x55663e8de0ae
runtime.gcBgMarkWorker(0x27c2b2d02070)
	/usr/lib/golang/src/runtime/mgc.go:1791 +0xeb fp=0x27c2b2d20fc8 sp=0x27c2b2d20f40 pc=0x55663e88692b
runtime.gcBgMarkStartWorkers.gowrap1()
	/usr/lib/golang/src/runtime/mgc.go:1695 +0x17 fp=0x27c2b2d20fe0 sp=0x27c2b2d20fc8 pc=0x55663e886817
runtime.goexit({})
	/usr/lib/golang/src/runtime/asm_amd64.s:1771 +0x1 fp=0x27c2b2d20fe8 sp=0x27c2b2d20fe0 pc=0x55663e8e5b41
created by runtime.gcBgMarkStartWorkers in goroutine 1
	/usr/lib/golang/src/runtime/mgc.go:1695 +0x105

goroutine 33 gp=0x27c2b2d221e0 m=nil [GC worker (idle)]:
runtime.gopark(0x0?, 0x0?, 0x0?, 0x0?, 0x0?)
	/usr/lib/golang/src/runtime/proc.go:462 +0xce fp=0x27c2b2d21740 sp=0x27c2b2d21720 pc=0x55663e8de0ae
runtime.gcBgMarkWorker(0x27c2b2d02070)
	/usr/lib/golang/src/runtime/mgc.go:1791 +0xeb fp=0x27c2b2d217c8 sp=0x27c2b2d21740 pc=0x55663e88692b
runtime.gcBgMarkStartWorkers.gowrap1()
	/usr/lib/golang/src/runtime/mgc.go:1695 +0x17 fp=0x27c2b2d217e0 sp=0x27c2b2d217c8 pc=0x55663e886817
runtime.goexit({})
	/usr/lib/golang/src/runtime/asm_amd64.s:1771 +0x1 fp=0x27c2b2d217e8 sp=0x27c2b2d217e0 pc=0x55663e8e5b41
created by runtime.gcBgMarkStartWorkers in goroutine 1
	/usr/lib/golang/src/runtime/mgc.go:1695 +0x105

goroutine 50 gp=0x27c2b2d223c0 m=nil [GC worker (idle)]:
runtime.gopark(0x0?, 0x0?, 0x0?, 0x0?, 0x0?)
	/usr/lib/golang/src/runtime/proc.go:462 +0xce fp=0x27c2b2d21f40 sp=0x27c2b2d21f20 pc=0x55663e8de0ae
runtime.gcBgMarkWorker(0x27c2b2d02070)
	/usr/lib/golang/src/runtime/mgc.go:1791 +0xeb fp=0x27c2b2d21fc8 sp=0x27c2b2d21f40 pc=0x55663e88692b
runtime.gcBgMarkStartWorkers.gowrap1()
	/usr/lib/golang/src/runtime/mgc.go:1695 +0x17 fp=0x27c2b2d21fe0 sp=0x27c2b2d21fc8 pc=0x55663e886817
runtime.goexit({})
	/usr/lib/golang/src/runtime/asm_amd64.s:1771 +0x1 fp=0x27c2b2d21fe8 sp=0x27c2b2d21fe0 pc=0x55663e8e5b41
created by runtime.gcBgMarkStartWorkers in goroutine 1
	/usr/lib/golang/src/runtime/mgc.go:1695 +0x105

goroutine 51 gp=0x27c2b2d225a0 m=nil [GC worker (idle)]:
runtime.gopark(0x0?, 0x0?, 0x0?, 0x0?, 0x0?)
	/usr/lib/golang/src/runtime/proc.go:462 +0xce fp=0x27c2b2d1a740 sp=0x27c2b2d1a720 pc=0x55663e8de0ae
runtime.gcBgMarkWorker(0x27c2b2d02070)
	/usr/lib/golang/src/runtime/mgc.go:1791 +0xeb fp=0x27c2b2d1a7c8 sp=0x27c2b2d1a740 pc=0x55663e88692b
runtime.gcBgMarkStartWorkers.gowrap1()
	/usr/lib/golang/src/runtime/mgc.go:1695 +0x17 fp=0x27c2b2d1a7e0 sp=0x27c2b2d1a7c8 pc=0x55663e886817
runtime.goexit({})
	/usr/lib/golang/src/runtime/asm_amd64.s:1771 +0x1 fp=0x27c2b2d1a7e8 sp=0x27c2b2d1a7e0 pc=0x55663e8e5b41
created by runtime.gcBgMarkStartWorkers in goroutine 1
	/usr/lib/golang/src/runtime/mgc.go:1695 +0x105

goroutine 10 gp=0x27c2b2c3e5a0 m=nil [GC worker (idle)]:
runtime.gopark(0x0?, 0x0?, 0x0?, 0x0?, 0x0?)
	/usr/lib/golang/src/runtime/proc.go:462 +0xce fp=0x27c2b2c96f40 sp=0x27c2b2c96f20 pc=0x55663e8de0ae
runtime.gcBgMarkWorker(0x27c2b2d02070)
	/usr/lib/golang/src/runtime/mgc.go:1791 +0xeb fp=0x27c2b2c96fc8 sp=0x27c2b2c96f40 pc=0x55663e88692b
runtime.gcBgMarkStartWorkers.gowrap1()
	/usr/lib/golang/src/runtime/mgc.go:1695 +0x17 fp=0x27c2b2c96fe0 sp=0x27c2b2c96fc8 pc=0x55663e886817
runtime.goexit({})
	/usr/lib/golang/src/runtime/asm_amd64.s:1771 +0x1 fp=0x27c2b2c96fe8 sp=0x27c2b2c96fe0 pc=0x55663e8e5b41
created by runtime.gcBgMarkStartWorkers in goroutine 1
	/usr/lib/golang/src/runtime/mgc.go:1695 +0x105

goroutine 11 gp=0x27c2b2c3e780 m=nil [GC worker (idle)]:
runtime.gopark(0x0?, 0x0?, 0x0?, 0x0?, 0x0?)
	/usr/lib/golang/src/runtime/proc.go:462 +0xce fp=0x27c2b2c97740 sp=0x27c2b2c97720 pc=0x55663e8de0ae
runtime.gcBgMarkWorker(0x27c2b2d02070)
	/usr/lib/golang/src/runtime/mgc.go:1791 +0xeb fp=0x27c2b2c977c8 sp=0x27c2b2c97740 pc=0x55663e88692b
runtime.gcBgMarkStartWorkers.gowrap1()
	/usr/lib/golang/src/runtime/mgc.go:1695 +0x17 fp=0x27c2b2c977e0 sp=0x27c2b2c977c8 pc=0x55663e886817
runtime.goexit({})
	/usr/lib/golang/src/runtime/asm_amd64.s:1771 +0x1 fp=0x27c2b2c977e8 sp=0x27c2b2c977e0 pc=0x55663e8e5b41
created by runtime.gcBgMarkStartWorkers in goroutine 1
	/usr/lib/golang/src/runtime/mgc.go:1695 +0x105

goroutine 12 gp=0x27c2b2c3e960 m=nil [GC worker (idle)]:
runtime.gopark(0x0?, 0x0?, 0x0?, 0x0?, 0x0?)
	/usr/lib/golang/src/runtime/proc.go:462 +0xce fp=0x27c2b2c97f40 sp=0x27c2b2c97f20 pc=0x55663e8de0ae
runtime.gcBgMarkWorker(0x27c2b2d02070)
	/usr/lib/golang/src/runtime/mgc.go:1791 +0xeb fp=0x27c2b2c97fc8 sp=0x27c2b2c97f40 pc=0x55663e88692b
runtime.gcBgMarkStartWorkers.gowrap1()
	/usr/lib/golang/src/runtime/mgc.go:1695 +0x17 fp=0x27c2b2c97fe0 sp=0x27c2b2c97fc8 pc=0x55663e886817
runtime.goexit({})
	/usr/lib/golang/src/runtime/asm_amd64.s:1771 +0x1 fp=0x27c2b2c97fe8 sp=0x27c2b2c97fe0 pc=0x55663e8e5b41
created by runtime.gcBgMarkStartWorkers in goroutine 1
	/usr/lib/golang/src/runtime/mgc.go:1695 +0x105

goroutine 13 gp=0x27c2b2c3eb40 m=nil [GC worker (idle)]:
runtime.gopark(0x0?, 0x0?, 0x0?, 0x0?, 0x0?)
	/usr/lib/golang/src/runtime/proc.go:462 +0xce fp=0x27c2b2c98740 sp=0x27c2b2c98720 pc=0x55663e8de0ae
runtime.gcBgMarkWorker(0x27c2b2d02070)
	/usr/lib/golang/src/runtime/mgc.go:1791 +0xeb fp=0x27c2b2c987c8 sp=0x27c2b2c98740 pc=0x55663e88692b
runtime.gcBgMarkStartWorkers.gowrap1()
	/usr/lib/golang/src/runtime/mgc.go:1695 +0x17 fp=0x27c2b2c987e0 sp=0x27c2b2c987c8 pc=0x55663e886817
runtime.goexit({})
	/usr/lib/golang/src/runtime/asm_amd64.s:1771 +0x1 fp=0x27c2b2c987e8 sp=0x27c2b2c987e0 pc=0x55663e8e5b41
created by runtime.gcBgMarkStartWorkers in goroutine 1
	/usr/lib/golang/src/runtime/mgc.go:1695 +0x105

goroutine 14 gp=0x27c2b2c3ed20 m=nil [GC worker (idle)]:
runtime.gopark(0x0?, 0x0?, 0x0?, 0x0?, 0x0?)
	/usr/lib/golang/src/runtime/proc.go:462 +0xce fp=0x27c2b2c98f40 sp=0x27c2b2c98f20 pc=0x55663e8de0ae
runtime.gcBgMarkWorker(0x27c2b2d02070)
	/usr/lib/golang/src/runtime/mgc.go:1791 +0xeb fp=0x27c2b2c98fc8 sp=0x27c2b2c98f40 pc=0x55663e88692b
runtime.gcBgMarkStartWorkers.gowrap1()
	/usr/lib/golang/src/runtime/mgc.go:1695 +0x17 fp=0x27c2b2c98fe0 sp=0x27c2b2c98fc8 pc=0x55663e886817
runtime.goexit({})
	/usr/lib/golang/src/runtime/asm_amd64.s:1771 +0x1 fp=0x27c2b2c98fe8 sp=0x27c2b2c98fe0 pc=0x55663e8e5b41
created by runtime.gcBgMarkStartWorkers in goroutine 1
	/usr/lib/golang/src/runtime/mgc.go:1695 +0x105

goroutine 15 gp=0x27c2b2c3ef00 m=nil [GC worker (idle)]:
runtime.gopark(0x0?, 0x0?, 0x0?, 0x0?, 0x0?)
	/usr/lib/golang/src/runtime/proc.go:462 +0xce fp=0x27c2b2c99740 sp=0x27c2b2c99720 pc=0x55663e8de0ae
runtime.gcBgMarkWorker(0x27c2b2d02070)
	/usr/lib/golang/src/runtime/mgc.go:1791 +0xeb fp=0x27c2b2c997c8 sp=0x27c2b2c99740 pc=0x55663e88692b
runtime.gcBgMarkStartWorkers.gowrap1()
	/usr/lib/golang/src/runtime/mgc.go:1695 +0x17 fp=0x27c2b2c997e0 sp=0x27c2b2c997c8 pc=0x55663e886817
runtime.goexit({})
	/usr/lib/golang/src/runtime/asm_amd64.s:1771 +0x1 fp=0x27c2b2c997e8 sp=0x27c2b2c997e0 pc=0x55663e8e5b41
created by runtime.gcBgMarkStartWorkers in goroutine 1
	/usr/lib/golang/src/runtime/mgc.go:1695 +0x105

goroutine 16 gp=0x27c2b2c3f0e0 m=nil [GC worker (idle)]:
runtime.gopark(0x0?, 0x0?, 0x0?, 0x0?, 0x0?)
	/usr/lib/golang/src/runtime/proc.go:462 +0xce fp=0x27c2b2c99f40 sp=0x27c2b2c99f20 pc=0x55663e8de0ae
runtime.gcBgMarkWorker(0x27c2b2d02070)
	/usr/lib/golang/src/runtime/mgc.go:1791 +0xeb fp=0x27c2b2c99fc8 sp=0x27c2b2c99f40 pc=0x55663e88692b
runtime.gcBgMarkStartWorkers.gowrap1()
	/usr/lib/golang/src/runtime/mgc.go:1695 +0x17 fp=0x27c2b2c99fe0 sp=0x27c2b2c99fc8 pc=0x55663e886817
runtime.goexit({})
	/usr/lib/golang/src/runtime/asm_amd64.s:1771 +0x1 fp=0x27c2b2c99fe8 sp=0x27c2b2c99fe0 pc=0x55663e8e5b41
created by runtime.gcBgMarkStartWorkers in goroutine 1
	/usr/lib/golang/src/runtime/mgc.go:1695 +0x105

goroutine 66 gp=0x27c2b2c3f2c0 m=nil [GC worker (idle)]:
runtime.gopark(0x0?, 0x0?, 0x0?, 0x0?, 0x0?)
	/usr/lib/golang/src/runtime/proc.go:462 +0xce fp=0x27c2b2c44740 sp=0x27c2b2c44720 pc=0x55663e8de0ae
runtime.gcBgMarkWorker(0x27c2b2d02070)
	/usr/lib/golang/src/runtime/mgc.go:1791 +0xeb fp=0x27c2b2c447c8 sp=0x27c2b2c44740 pc=0x55663e88692b
runtime.gcBgMarkStartWorkers.gowrap1()
	/usr/lib/golang/src/runtime/mgc.go:1695 +0x17 fp=0x27c2b2c447e0 sp=0x27c2b2c447c8 pc=0x55663e886817
runtime.goexit({})
	/usr/lib/golang/src/runtime/asm_amd64.s:1771 +0x1 fp=0x27c2b2c447e8 sp=0x27c2b2c447e0 pc=0x55663e8e5b41
created by runtime.gcBgMarkStartWorkers in goroutine 1
	/usr/lib/golang/src/runtime/mgc.go:1695 +0x105

goroutine 67 gp=0x27c2b2c3f4a0 m=nil [GC worker (idle)]:
runtime.gopark(0x0?, 0x0?, 0x0?, 0x0?, 0x0?)
	/usr/lib/golang/src/runtime/proc.go:462 +0xce fp=0x27c2b2c44f40 sp=0x27c2b2c44f20 pc=0x55663e8de0ae
runtime.gcBgMarkWorker(0x27c2b2d02070)
	/usr/lib/golang/src/runtime/mgc.go:1791 +0xeb fp=0x27c2b2c44fc8 sp=0x27c2b2c44f40 pc=0x55663e88692b
runtime.gcBgMarkStartWorkers.gowrap1()
	/usr/lib/golang/src/runtime/mgc.go:1695 +0x17 fp=0x27c2b2c44fe0 sp=0x27c2b2c44fc8 pc=0x55663e886817
runtime.goexit({})
	/usr/lib/golang/src/runtime/asm_amd64.s:1771 +0x1 fp=0x27c2b2c44fe8 sp=0x27c2b2c44fe0 pc=0x55663e8e5b41
created by runtime.gcBgMarkStartWorkers in goroutine 1
	/usr/lib/golang/src/runtime/mgc.go:1695 +0x105

goroutine 68 gp=0x27c2b2c3f680 m=nil [GC worker (idle)]:
runtime.gopark(0x0?, 0x0?, 0x0?, 0x0?, 0x0?)
	/usr/lib/golang/src/runtime/proc.go:462 +0xce fp=0x27c2b2c45740 sp=0x27c2b2c45720 pc=0x55663e8de0ae
runtime.gcBgMarkWorker(0x27c2b2d02070)
	/usr/lib/golang/src/runtime/mgc.go:1791 +0xeb fp=0x27c2b2c457c8 sp=0x27c2b2c45740 pc=0x55663e88692b
runtime.gcBgMarkStartWorkers.gowrap1()
	/usr/lib/golang/src/runtime/mgc.go:1695 +0x17 fp=0x27c2b2c457e0 sp=0x27c2b2c457c8 pc=0x55663e886817
runtime.goexit({})
	/usr/lib/golang/src/runtime/asm_amd64.s:1771 +0x1 fp=0x27c2b2c457e8 sp=0x27c2b2c457e0 pc=0x55663e8e5b41
created by runtime.gcBgMarkStartWorkers in goroutine 1
	/usr/lib/golang/src/runtime/mgc.go:1695 +0x105

goroutine 42 gp=0x27c2b2c852c0 m=nil [GC worker (idle)]:
runtime.gopark(0x0?, 0x0?, 0x0?, 0x0?, 0x0?)
	/usr/lib/golang/src/runtime/proc.go:462 +0xce fp=0x27c2b2c40740 sp=0x27c2b2c40720 pc=0x55663e8de0ae
runtime.gcBgMarkWorker(0x27c2b2d02070)
	/usr/lib/golang/src/runtime/mgc.go:1791 +0xeb fp=0x27c2b2c407c8 sp=0x27c2b2c40740 pc=0x55663e88692b
runtime.gcBgMarkStartWorkers.gowrap1()
	/usr/lib/golang/src/runtime/mgc.go:1695 +0x17 fp=0x27c2b2c407e0 sp=0x27c2b2c407c8 pc=0x55663e886817
runtime.goexit({})
	/usr/lib/golang/src/runtime/asm_amd64.s:1771 +0x1 fp=0x27c2b2c407e8 sp=0x27c2b2c407e0 pc=0x55663e8e5b41
created by runtime.gcBgMarkStartWorkers in goroutine 1
	/usr/lib/golang/src/runtime/mgc.go:1695 +0x105

goroutine 69 gp=0x27c2b2c3f860 m=nil [GC worker (idle)]:
runtime.gopark(0x0?, 0x0?, 0x0?, 0x0?, 0x0?)
	/usr/lib/golang/src/runtime/proc.go:462 +0xce fp=0x27c2b2c45f40 sp=0x27c2b2c45f20 pc=0x55663e8de0ae
runtime.gcBgMarkWorker(0x27c2b2d02070)
	/usr/lib/golang/src/runtime/mgc.go:1791 +0xeb fp=0x27c2b2c45fc8 sp=0x27c2b2c45f40 pc=0x55663e88692b
runtime.gcBgMarkStartWorkers.gowrap1()
	/usr/lib/golang/src/runtime/mgc.go:1695 +0x17 fp=0x27c2b2c45fe0 sp=0x27c2b2c45fc8 pc=0x55663e886817
runtime.goexit({})
	/usr/lib/golang/src/runtime/asm_amd64.s:1771 +0x1 fp=0x27c2b2c45fe8 sp=0x27c2b2c45fe0 pc=0x55663e8e5b41
created by runtime.gcBgMarkStartWorkers in goroutine 1
	/usr/lib/golang/src/runtime/mgc.go:1695 +0x105

goroutine 70 gp=0x27c2b2c3fa40 m=nil [GC worker (idle)]:
runtime.gopark(0x0?, 0x0?, 0x0?, 0x0?, 0x0?)
	/usr/lib/golang/src/runtime/proc.go:462 +0xce fp=0x27c2b2c46740 sp=0x27c2b2c46720 pc=0x55663e8de0ae
runtime.gcBgMarkWorker(0x27c2b2d02070)
	/usr/lib/golang/src/runtime/mgc.go:1791 +0xeb fp=0x27c2b2c467c8 sp=0x27c2b2c46740 pc=0x55663e88692b
runtime.gcBgMarkStartWorkers.gowrap1()
	/usr/lib/golang/src/runtime/mgc.go:1695 +0x17 fp=0x27c2b2c467e0 sp=0x27c2b2c467c8 pc=0x55663e886817
runtime.goexit({})
	/usr/lib/golang/src/runtime/asm_amd64.s:1771 +0x1 fp=0x27c2b2c467e8 sp=0x27c2b2c467e0 pc=0x55663e8e5b41
created by runtime.gcBgMarkStartWorkers in goroutine 1
	/usr/lib/golang/src/runtime/mgc.go:1695 +0x105

goroutine 43 gp=0x27c2b2c854a0 m=nil [GC worker (idle)]:
runtime.gopark(0x0?, 0x0?, 0x0?, 0x0?, 0x0?)
	/usr/lib/golang/src/runtime/proc.go:462 +0xce fp=0x27c2b2c40f40 sp=0x27c2b2c40f20 pc=0x55663e8de0ae
runtime.gcBgMarkWorker(0x27c2b2d02070)
	/usr/lib/golang/src/runtime/mgc.go:1791 +0xeb fp=0x27c2b2c40fc8 sp=0x27c2b2c40f40 pc=0x55663e88692b
runtime.gcBgMarkStartWorkers.gowrap1()
	/usr/lib/golang/src/runtime/mgc.go:1695 +0x17 fp=0x27c2b2c40fe0 sp=0x27c2b2c40fc8 pc=0x55663e886817
runtime.goexit({})
	/usr/lib/golang/src/runtime/asm_amd64.s:1771 +0x1 fp=0x27c2b2c40fe8 sp=0x27c2b2c40fe0 pc=0x55663e8e5b41
created by runtime.gcBgMarkStartWorkers in goroutine 1
	/usr/lib/golang/src/runtime/mgc.go:1695 +0x105

goroutine 71 gp=0x27c2b2c3fc20 m=nil [GC worker (idle)]:
runtime.gopark(0x0?, 0x0?, 0x0?, 0x0?, 0x0?)
	/usr/lib/golang/src/runtime/proc.go:462 +0xce fp=0x27c2b2c46f40 sp=0x27c2b2c46f20 pc=0x55663e8de0ae
runtime.gcBgMarkWorker(0x27c2b2d02070)
	/usr/lib/golang/src/runtime/mgc.go:1791 +0xeb fp=0x27c2b2c46fc8 sp=0x27c2b2c46f40 pc=0x55663e88692b
runtime.gcBgMarkStartWorkers.gowrap1()
	/usr/lib/golang/src/runtime/mgc.go:1695 +0x17 fp=0x27c2b2c46fe0 sp=0x27c2b2c46fc8 pc=0x55663e886817
runtime.goexit({})
	/usr/lib/golang/src/runtime/asm_amd64.s:1771 +0x1 fp=0x27c2b2c46fe8 sp=0x27c2b2c46fe0 pc=0x55663e8e5b41
created by runtime.gcBgMarkStartWorkers in goroutine 1
	/usr/lib/golang/src/runtime/mgc.go:1695 +0x105

goroutine 72 gp=0x27c2b2c4a000 m=nil [GC worker (idle)]:
runtime.gopark(0x0?, 0x0?, 0x0?, 0x0?, 0x0?)
	/usr/lib/golang/src/runtime/proc.go:462 +0xce fp=0x27c2b2c47740 sp=0x27c2b2c47720 pc=0x55663e8de0ae
runtime.gcBgMarkWorker(0x27c2b2d02070)
	/usr/lib/golang/src/runtime/mgc.go:1791 +0xeb fp=0x27c2b2c477c8 sp=0x27c2b2c47740 pc=0x55663e88692b
runtime.gcBgMarkStartWorkers.gowrap1()
	/usr/lib/golang/src/runtime/mgc.go:1695 +0x17 fp=0x27c2b2c477e0 sp=0x27c2b2c477c8 pc=0x55663e886817
runtime.goexit({})
	/usr/lib/golang/src/runtime/asm_amd64.s:1771 +0x1 fp=0x27c2b2c477e8 sp=0x27c2b2c477e0 pc=0x55663e8e5b41
created by runtime.gcBgMarkStartWorkers in goroutine 1
	/usr/lib/golang/src/runtime/mgc.go:1695 +0x105

goroutine 73 gp=0x27c2b2c4a1e0 m=nil [GC worker (idle)]:
runtime.gopark(0x0?, 0x0?, 0x0?, 0x0?, 0x0?)
	/usr/lib/golang/src/runtime/proc.go:462 +0xce fp=0x27c2b2c47f40 sp=0x27c2b2c47f20 pc=0x55663e8de0ae
runtime.gcBgMarkWorker(0x27c2b2d02070)
	/usr/lib/golang/src/runtime/mgc.go:1791 +0xeb fp=0x27c2b2c47fc8 sp=0x27c2b2c47f40 pc=0x55663e88692b
runtime.gcBgMarkStartWorkers.gowrap1()
	/usr/lib/golang/src/runtime/mgc.go:1695 +0x17 fp=0x27c2b2c47fe0 sp=0x27c2b2c47fc8 pc=0x55663e886817
runtime.goexit({})
	/usr/lib/golang/src/runtime/asm_amd64.s:1771 +0x1 fp=0x27c2b2c47fe8 sp=0x27c2b2c47fe0 pc=0x55663e8e5b41
created by runtime.gcBgMarkStartWorkers in goroutine 1
	/usr/lib/golang/src/runtime/mgc.go:1695 +0x105

goroutine 52 gp=0x27c2b2d22780 m=nil [GC worker (idle)]:
runtime.gopark(0x0?, 0x0?, 0x0?, 0x0?, 0x0?)
	/usr/lib/golang/src/runtime/proc.go:462 +0xce fp=0x27c2b2d1af40 sp=0x27c2b2d1af20 pc=0x55663e8de0ae
runtime.gcBgMarkWorker(0x27c2b2d02070)
	/usr/lib/golang/src/runtime/mgc.go:1791 +0xeb fp=0x27c2b2d1afc8 sp=0x27c2b2d1af40 pc=0x55663e88692b
runtime.gcBgMarkStartWorkers.gowrap1()
	/usr/lib/golang/src/runtime/mgc.go:1695 +0x17 fp=0x27c2b2d1afe0 sp=0x27c2b2d1afc8 pc=0x55663e886817
runtime.goexit({})
	/usr/lib/golang/src/runtime/asm_amd64.s:1771 +0x1 fp=0x27c2b2d1afe8 sp=0x27c2b2d1afe0 pc=0x55663e8e5b41
created by runtime.gcBgMarkStartWorkers in goroutine 1
	/usr/lib/golang/src/runtime/mgc.go:1695 +0x105

goroutine 44 gp=0x27c2b2c85680 m=nil [GC worker (idle)]:
runtime.gopark(0x0?, 0x0?, 0x0?, 0x0?, 0x0?)
	/usr/lib/golang/src/runtime/proc.go:462 +0xce fp=0x27c2b2c41740 sp=0x27c2b2c41720 pc=0x55663e8de0ae
runtime.gcBgMarkWorker(0x27c2b2d02070)
	/usr/lib/golang/src/runtime/mgc.go:1791 +0xeb fp=0x27c2b2c417c8 sp=0x27c2b2c41740 pc=0x55663e88692b
runtime.gcBgMarkStartWorkers.gowrap1()
	/usr/lib/golang/src/runtime/mgc.go:1695 +0x17 fp=0x27c2b2c417e0 sp=0x27c2b2c417c8 pc=0x55663e886817
runtime.goexit({})
	/usr/lib/golang/src/runtime/asm_amd64.s:1771 +0x1 fp=0x27c2b2c417e8 sp=0x27c2b2c417e0 pc=0x55663e8e5b41
created by runtime.gcBgMarkStartWorkers in goroutine 1
	/usr/lib/golang/src/runtime/mgc.go:1695 +0x105

goroutine 74 gp=0x27c2b2c4a3c0 m=nil [GC worker (idle)]:
runtime.gopark(0x0?, 0x0?, 0x0?, 0x0?, 0x0?)
	/usr/lib/golang/src/runtime/proc.go:462 +0xce fp=0x27c2b2c50740 sp=0x27c2b2c50720 pc=0x55663e8de0ae
runtime.gcBgMarkWorker(0x27c2b2d02070)
	/usr/lib/golang/src/runtime/mgc.go:1791 +0xeb fp=0x27c2b2c507c8 sp=0x27c2b2c50740 pc=0x55663e88692b
runtime.gcBgMarkStartWorkers.gowrap1()
	/usr/lib/golang/src/runtime/mgc.go:1695 +0x17 fp=0x27c2b2c507e0 sp=0x27c2b2c507c8 pc=0x55663e886817
runtime.goexit({})
	/usr/lib/golang/src/runtime/asm_amd64.s:1771 +0x1 fp=0x27c2b2c507e8 sp=0x27c2b2c507e0 pc=0x55663e8e5b41
created by runtime.gcBgMarkStartWorkers in goroutine 1
	/usr/lib/golang/src/runtime/mgc.go:1695 +0x105

goroutine 75 gp=0x27c2b2c4a5a0 m=nil [GC worker (idle)]:
runtime.gopark(0x0?, 0x0?, 0x0?, 0x0?, 0x0?)
	/usr/lib/golang/src/runtime/proc.go:462 +0xce fp=0x27c2b2c50f40 sp=0x27c2b2c50f20 pc=0x55663e8de0ae
runtime.gcBgMarkWorker(0x27c2b2d02070)
	/usr/lib/golang/src/runtime/mgc.go:1791 +0xeb fp=0x27c2b2c50fc8 sp=0x27c2b2c50f40 pc=0x55663e88692b
runtime.gcBgMarkStartWorkers.gowrap1()
	/usr/lib/golang/src/runtime/mgc.go:1695 +0x17 fp=0x27c2b2c50fe0 sp=0x27c2b2c50fc8 pc=0x55663e886817
runtime.goexit({})
	/usr/lib/golang/src/runtime/asm_amd64.s:1771 +0x1 fp=0x27c2b2c50fe8 sp=0x27c2b2c50fe0 pc=0x55663e8e5b41
created by runtime.gcBgMarkStartWorkers in goroutine 1
	/usr/lib/golang/src/runtime/mgc.go:1695 +0x105

goroutine 76 gp=0x27c2b2c4a780 m=nil [GC worker (idle)]:
runtime.gopark(0x0?, 0x0?, 0x0?, 0x0?, 0x0?)
	/usr/lib/golang/src/runtime/proc.go:462 +0xce fp=0x27c2b2c51740 sp=0x27c2b2c51720 pc=0x55663e8de0ae
runtime.gcBgMarkWorker(0x27c2b2d02070)
	/usr/lib/golang/src/runtime/mgc.go:1791 +0xeb fp=0x27c2b2c517c8 sp=0x27c2b2c51740 pc=0x55663e88692b
runtime.gcBgMarkStartWorkers.gowrap1()
	/usr/lib/golang/src/runtime/mgc.go:1695 +0x17 fp=0x27c2b2c517e0 sp=0x27c2b2c517c8 pc=0x55663e886817
runtime.goexit({})
	/usr/lib/golang/src/runtime/asm_amd64.s:1771 +0x1 fp=0x27c2b2c517e8 sp=0x27c2b2c517e0 pc=0x55663e8e5b41
created by runtime.gcBgMarkStartWorkers in goroutine 1
	/usr/lib/golang/src/runtime/mgc.go:1695 +0x105

goroutine 77 gp=0x27c2b2c4a960 m=nil [GC worker (idle)]:
runtime.gopark(0x0?, 0x0?, 0x0?, 0x0?, 0x0?)
	/usr/lib/golang/src/runtime/proc.go:462 +0xce fp=0x27c2b2c51f40 sp=0x27c2b2c51f20 pc=0x55663e8de0ae
runtime.gcBgMarkWorker(0x27c2b2d02070)
	/usr/lib/golang/src/runtime/mgc.go:1791 +0xeb fp=0x27c2b2c51fc8 sp=0x27c2b2c51f40 pc=0x55663e88692b
runtime.gcBgMarkStartWorkers.gowrap1()
	/usr/lib/golang/src/runtime/mgc.go:1695 +0x17 fp=0x27c2b2c51fe0 sp=0x27c2b2c51fc8 pc=0x55663e886817
runtime.goexit({})
	/usr/lib/golang/src/runtime/asm_amd64.s:1771 +0x1 fp=0x27c2b2c51fe8 sp=0x27c2b2c51fe0 pc=0x55663e8e5b41
created by runtime.gcBgMarkStartWorkers in goroutine 1
	/usr/lib/golang/src/runtime/mgc.go:1695 +0x105

goroutine 45 gp=0x27c2b2c85860 m=nil [GC worker (idle)]:
runtime.gopark(0x0?, 0x0?, 0x0?, 0x0?, 0x0?)
	/usr/lib/golang/src/runtime/proc.go:462 +0xce fp=0x27c2b2c41f40 sp=0x27c2b2c41f20 pc=0x55663e8de0ae
runtime.gcBgMarkWorker(0x27c2b2d02070)
	/usr/lib/golang/src/runtime/mgc.go:1791 +0xeb fp=0x27c2b2c41fc8 sp=0x27c2b2c41f40 pc=0x55663e88692b
runtime.gcBgMarkStartWorkers.gowrap1()
	/usr/lib/golang/src/runtime/mgc.go:1695 +0x17 fp=0x27c2b2c41fe0 sp=0x27c2b2c41fc8 pc=0x55663e886817
runtime.goexit({})
	/usr/lib/golang/src/runtime/asm_amd64.s:1771 +0x1 fp=0x27c2b2c41fe8 sp=0x27c2b2c41fe0 pc=0x55663e8e5b41
created by runtime.gcBgMarkStartWorkers in goroutine 1
	/usr/lib/golang/src/runtime/mgc.go:1695 +0x105

goroutine 53 gp=0x27c2b2d22960 m=nil [GC worker (idle)]:
runtime.gopark(0x0?, 0x0?, 0x0?, 0x0?, 0x0?)
	/usr/lib/golang/src/runtime/proc.go:462 +0xce fp=0x27c2b2d1b740 sp=0x27c2b2d1b720 pc=0x55663e8de0ae
runtime.gcBgMarkWorker(0x27c2b2d02070)
	/usr/lib/golang/src/runtime/mgc.go:1791 +0xeb fp=0x27c2b2d1b7c8 sp=0x27c2b2d1b740 pc=0x55663e88692b
runtime.gcBgMarkStartWorkers.gowrap1()
	/usr/lib/golang/src/runtime/mgc.go:1695 +0x17 fp=0x27c2b2d1b7e0 sp=0x27c2b2d1b7c8 pc=0x55663e886817
runtime.goexit({})
	/usr/lib/golang/src/runtime/asm_amd64.s:1771 +0x1 fp=0x27c2b2d1b7e8 sp=0x27c2b2d1b7e0 pc=0x55663e8e5b41
created by runtime.gcBgMarkStartWorkers in goroutine 1
	/usr/lib/golang/src/runtime/mgc.go:1695 +0x105

goroutine 54 gp=0x27c2b2d22b40 m=nil [GC worker (idle)]:
runtime.gopark(0x0?, 0x0?, 0x0?, 0x0?, 0x0?)
	/usr/lib/golang/src/runtime/proc.go:462 +0xce fp=0x27c2b2d1bf40 sp=0x27c2b2d1bf20 pc=0x55663e8de0ae
runtime.gcBgMarkWorker(0x27c2b2d02070)
	/usr/lib/golang/src/runtime/mgc.go:1791 +0xeb fp=0x27c2b2d1bfc8 sp=0x27c2b2d1bf40 pc=0x55663e88692b
runtime.gcBgMarkStartWorkers.gowrap1()
	/usr/lib/golang/src/runtime/mgc.go:1695 +0x17 fp=0x27c2b2d1bfe0 sp=0x27c2b2d1bfc8 pc=0x55663e886817
runtime.goexit({})
	/usr/lib/golang/src/runtime/asm_amd64.s:1771 +0x1 fp=0x27c2b2d1bfe8 sp=0x27c2b2d1bfe0 pc=0x55663e8e5b41
created by runtime.gcBgMarkStartWorkers in goroutine 1
	/usr/lib/golang/src/runtime/mgc.go:1695 +0x105

goroutine 55 gp=0x27c2b2d22d20 m=nil [GC worker (idle)]:
runtime.gopark(0x0?, 0x0?, 0x0?, 0x0?, 0x0?)
	/usr/lib/golang/src/runtime/proc.go:462 +0xce fp=0x27c2b2d1c740 sp=0x27c2b2d1c720 pc=0x55663e8de0ae
runtime.gcBgMarkWorker(0x27c2b2d02070)
	/usr/lib/golang/src/runtime/mgc.go:1791 +0xeb fp=0x27c2b2d1c7c8 sp=0x27c2b2d1c740 pc=0x55663e88692b
runtime.gcBgMarkStartWorkers.gowrap1()
	/usr/lib/golang/src/runtime/mgc.go:1695 +0x17 fp=0x27c2b2d1c7e0 sp=0x27c2b2d1c7c8 pc=0x55663e886817
runtime.goexit({})
	/usr/lib/golang/src/runtime/asm_amd64.s:1771 +0x1 fp=0x27c2b2d1c7e8 sp=0x27c2b2d1c7e0 pc=0x55663e8e5b41
created by runtime.gcBgMarkStartWorkers in goroutine 1
	/usr/lib/golang/src/runtime/mgc.go:1695 +0x105

goroutine 56 gp=0x27c2b2d22f00 m=nil [GC worker (idle)]:
runtime.gopark(0x0?, 0x0?, 0x0?, 0x0?, 0x0?)
	/usr/lib/golang/src/runtime/proc.go:462 +0xce fp=0x27c2b2d1cf40 sp=0x27c2b2d1cf20 pc=0x55663e8de0ae
runtime.gcBgMarkWorker(0x27c2b2d02070)
	/usr/lib/golang/src/runtime/mgc.go:1791 +0xeb fp=0x27c2b2d1cfc8 sp=0x27c2b2d1cf40 pc=0x55663e88692b
runtime.gcBgMarkStartWorkers.gowrap1()
	/usr/lib/golang/src/runtime/mgc.go:1695 +0x17 fp=0x27c2b2d1cfe0 sp=0x27c2b2d1cfc8 pc=0x55663e886817
runtime.goexit({})
	/usr/lib/golang/src/runtime/asm_amd64.s:1771 +0x1 fp=0x27c2b2d1cfe8 sp=0x27c2b2d1cfe0 pc=0x55663e8e5b41
created by runtime.gcBgMarkStartWorkers in goroutine 1
	/usr/lib/golang/src/runtime/mgc.go:1695 +0x105

goroutine 78 gp=0x27c2b2c4ab40 m=nil [GC worker (idle)]:
runtime.gopark(0x0?, 0x0?, 0x0?, 0x0?, 0x0?)
	/usr/lib/golang/src/runtime/proc.go:462 +0xce fp=0x27c2b2c52740 sp=0x27c2b2c52720 pc=0x55663e8de0ae
runtime.gcBgMarkWorker(0x27c2b2d02070)
	/usr/lib/golang/src/runtime/mgc.go:1791 +0xeb fp=0x27c2b2c527c8 sp=0x27c2b2c52740 pc=0x55663e88692b
runtime.gcBgMarkStartWorkers.gowrap1()
	/usr/lib/golang/src/runtime/mgc.go:1695 +0x17 fp=0x27c2b2c527e0 sp=0x27c2b2c527c8 pc=0x55663e886817
runtime.goexit({})
	/usr/lib/golang/src/runtime/asm_amd64.s:1771 +0x1 fp=0x27c2b2c527e8 sp=0x27c2b2c527e0 pc=0x55663e8e5b41
created by runtime.gcBgMarkStartWorkers in goroutine 1
	/usr/lib/golang/src/runtime/mgc.go:1695 +0x105

goroutine 79 gp=0x27c2b2c4ad20 m=nil [GC worker (idle)]:
runtime.gopark(0x0?, 0x0?, 0x0?, 0x0?, 0x0?)
	/usr/lib/golang/src/runtime/proc.go:462 +0xce fp=0x27c2b2c52f40 sp=0x27c2b2c52f20 pc=0x55663e8de0ae
runtime.gcBgMarkWorker(0x27c2b2d02070)
	/usr/lib/golang/src/runtime/mgc.go:1791 +0xeb fp=0x27c2b2c52fc8 sp=0x27c2b2c52f40 pc=0x55663e88692b
runtime.gcBgMarkStartWorkers.gowrap1()
	/usr/lib/golang/src/runtime/mgc.go:1695 +0x17 fp=0x27c2b2c52fe0 sp=0x27c2b2c52fc8 pc=0x55663e886817
runtime.goexit({})
	/usr/lib/golang/src/runtime/asm_amd64.s:1771 +0x1 fp=0x27c2b2c52fe8 sp=0x27c2b2c52fe0 pc=0x55663e8e5b41
created by runtime.gcBgMarkStartWorkers in goroutine 1
	/usr/lib/golang/src/runtime/mgc.go:1695 +0x105

goroutine 80 gp=0x27c2b2c4af00 m=nil [GC worker (idle)]:
runtime.gopark(0x0?, 0x0?, 0x0?, 0x0?, 0x0?)
	/usr/lib/golang/src/runtime/proc.go:462 +0xce fp=0x27c2b2c53740 sp=0x27c2b2c53720 pc=0x55663e8de0ae
runtime.gcBgMarkWorker(0x27c2b2d02070)
	/usr/lib/golang/src/runtime/mgc.go:1791 +0xeb fp=0x27c2b2c537c8 sp=0x27c2b2c53740 pc=0x55663e88692b
runtime.gcBgMarkStartWorkers.gowrap1()
	/usr/lib/golang/src/runtime/mgc.go:1695 +0x17 fp=0x27c2b2c537e0 sp=0x27c2b2c537c8 pc=0x55663e886817
runtime.goexit({})
	/usr/lib/golang/src/runtime/asm_amd64.s:1771 +0x1 fp=0x27c2b2c537e8 sp=0x27c2b2c537e0 pc=0x55663e8e5b41
created by runtime.gcBgMarkStartWorkers in goroutine 1
	/usr/lib/golang/src/runtime/mgc.go:1695 +0x105

goroutine 81 gp=0x27c2b2c4b0e0 m=nil [GC worker (idle)]:
runtime.gopark(0x0?, 0x0?, 0x0?, 0x0?, 0x0?)
	/usr/lib/golang/src/runtime/proc.go:462 +0xce fp=0x27c2b2c53f40 sp=0x27c2b2c53f20 pc=0x55663e8de0ae
runtime.gcBgMarkWorker(0x27c2b2d02070)
	/usr/lib/golang/src/runtime/mgc.go:1791 +0xeb fp=0x27c2b2c53fc8 sp=0x27c2b2c53f40 pc=0x55663e88692b
runtime.gcBgMarkStartWorkers.gowrap1()
	/usr/lib/golang/src/runtime/mgc.go:1695 +0x17 fp=0x27c2b2c53fe0 sp=0x27c2b2c53fc8 pc=0x55663e886817
runtime.goexit({})
	/usr/lib/golang/src/runtime/asm_amd64.s:1771 +0x1 fp=0x27c2b2c53fe8 sp=0x27c2b2c53fe0 pc=0x55663e8e5b41
created by runtime.gcBgMarkStartWorkers in goroutine 1
	/usr/lib/golang/src/runtime/mgc.go:1695 +0x105

goroutine 82 gp=0x27c2b2c4b2c0 m=nil [GC worker (idle)]:
runtime.gopark(0x0?, 0x0?, 0x0?, 0x0?, 0x0?)
	/usr/lib/golang/src/runtime/proc.go:462 +0xce fp=0x27c2b2c4c740 sp=0x27c2b2c4c720 pc=0x55663e8de0ae
runtime.gcBgMarkWorker(0x27c2b2d02070)
	/usr/lib/golang/src/runtime/mgc.go:1791 +0xeb fp=0x27c2b2c4c7c8 sp=0x27c2b2c4c740 pc=0x55663e88692b
runtime.gcBgMarkStartWorkers.gowrap1()
	/usr/lib/golang/src/runtime/mgc.go:1695 +0x17 fp=0x27c2b2c4c7e0 sp=0x27c2b2c4c7c8 pc=0x55663e886817
runtime.goexit({})
	/usr/lib/golang/src/runtime/asm_amd64.s:1771 +0x1 fp=0x27c2b2c4c7e8 sp=0x27c2b2c4c7e0 pc=0x55663e8e5b41
created by runtime.gcBgMarkStartWorkers in goroutine 1
	/usr/lib/golang/src/runtime/mgc.go:1695 +0x105

goroutine 83 gp=0x27c2b2c4b4a0 m=nil [GC worker (idle)]:
runtime.gopark(0x0?, 0x0?, 0x0?, 0x0?, 0x0?)
	/usr/lib/golang/src/runtime/proc.go:462 +0xce fp=0x27c2b2c4cf40 sp=0x27c2b2c4cf20 pc=0x55663e8de0ae
runtime.gcBgMarkWorker(0x27c2b2d02070)
	/usr/lib/golang/src/runtime/mgc.go:1791 +0xeb fp=0x27c2b2c4cfc8 sp=0x27c2b2c4cf40 pc=0x55663e88692b
runtime.gcBgMarkStartWorkers.gowrap1()
	/usr/lib/golang/src/runtime/mgc.go:1695 +0x17 fp=0x27c2b2c4cfe0 sp=0x27c2b2c4cfc8 pc=0x55663e886817
runtime.goexit({})
	/usr/lib/golang/src/runtime/asm_amd64.s:1771 +0x1 fp=0x27c2b2c4cfe8 sp=0x27c2b2c4cfe0 pc=0x55663e8e5b41
created by runtime.gcBgMarkStartWorkers in goroutine 1
	/usr/lib/golang/src/runtime/mgc.go:1695 +0x105

goroutine 84 gp=0x27c2b2c4b680 m=nil [GC worker (idle)]:
runtime.gopark(0x0?, 0x0?, 0x0?, 0x0?, 0x0?)
	/usr/lib/golang/src/runtime/proc.go:462 +0xce fp=0x27c2b2c4d740 sp=0x27c2b2c4d720 pc=0x55663e8de0ae
runtime.gcBgMarkWorker(0x27c2b2d02070)
	/usr/lib/golang/src/runtime/mgc.go:1791 +0xeb fp=0x27c2b2c4d7c8 sp=0x27c2b2c4d740 pc=0x55663e88692b
runtime.gcBgMarkStartWorkers.gowrap1()
	/usr/lib/golang/src/runtime/mgc.go:1695 +0x17 fp=0x27c2b2c4d7e0 sp=0x27c2b2c4d7c8 pc=0x55663e886817
runtime.goexit({})
	/usr/lib/golang/src/runtime/asm_amd64.s:1771 +0x1 fp=0x27c2b2c4d7e8 sp=0x27c2b2c4d7e0 pc=0x55663e8e5b41
created by runtime.gcBgMarkStartWorkers in goroutine 1
	/usr/lib/golang/src/runtime/mgc.go:1695 +0x105

goroutine 85 gp=0x27c2b2c4b860 m=nil [GC worker (idle)]:
runtime.gopark(0x0?, 0x0?, 0x0?, 0x0?, 0x0?)
	/usr/lib/golang/src/runtime/proc.go:462 +0xce fp=0x27c2b2c4df40 sp=0x27c2b2c4df20 pc=0x55663e8de0ae
runtime.gcBgMarkWorker(0x27c2b2d02070)
	/usr/lib/golang/src/runtime/mgc.go:1791 +0xeb fp=0x27c2b2c4dfc8 sp=0x27c2b2c4df40 pc=0x55663e88692b
runtime.gcBgMarkStartWorkers.gowrap1()
	/usr/lib/golang/src/runtime/mgc.go:1695 +0x17 fp=0x27c2b2c4dfe0 sp=0x27c2b2c4dfc8 pc=0x55663e886817
runtime.goexit({})
	/usr/lib/golang/src/runtime/asm_amd64.s:1771 +0x1 fp=0x27c2b2c4dfe8 sp=0x27c2b2c4dfe0 pc=0x55663e8e5b41
created by runtime.gcBgMarkStartWorkers in goroutine 1
	/usr/lib/golang/src/runtime/mgc.go:1695 +0x105

goroutine 46 gp=0x27c2b2c85a40 m=nil [GC worker (idle)]:
runtime.gopark(0x0?, 0x0?, 0x0?, 0x0?, 0x0?)
	/usr/lib/golang/src/runtime/proc.go:462 +0xce fp=0x27c2b2c42740 sp=0x27c2b2c42720 pc=0x55663e8de0ae
runtime.gcBgMarkWorker(0x27c2b2d02070)
	/usr/lib/golang/src/runtime/mgc.go:1791 +0xeb fp=0x27c2b2c427c8 sp=0x27c2b2c42740 pc=0x55663e88692b
runtime.gcBgMarkStartWorkers.gowrap1()
	/usr/lib/golang/src/runtime/mgc.go:1695 +0x17 fp=0x27c2b2c427e0 sp=0x27c2b2c427c8 pc=0x55663e886817
runtime.goexit({})
	/usr/lib/golang/src/runtime/asm_amd64.s:1771 +0x1 fp=0x27c2b2c427e8 sp=0x27c2b2c427e0 pc=0x55663e8e5b41
created by runtime.gcBgMarkStartWorkers in goroutine 1
	/usr/lib/golang/src/runtime/mgc.go:1695 +0x105

goroutine 57 gp=0x27c2b2d230e0 m=nil [GC worker (idle)]:
runtime.gopark(0x0?, 0x0?, 0x0?, 0x0?, 0x0?)
	/usr/lib/golang/src/runtime/proc.go:462 +0xce fp=0x27c2b2d1d740 sp=0x27c2b2d1d720 pc=0x55663e8de0ae
runtime.gcBgMarkWorker(0x27c2b2d02070)
	/usr/lib/golang/src/runtime/mgc.go:1791 +0xeb fp=0x27c2b2d1d7c8 sp=0x27c2b2d1d740 pc=0x55663e88692b
runtime.gcBgMarkStartWorkers.gowrap1()
	/usr/lib/golang/src/runtime/mgc.go:1695 +0x17 fp=0x27c2b2d1d7e0 sp=0x27c2b2d1d7c8 pc=0x55663e886817
runtime.goexit({})
	/usr/lib/golang/src/runtime/asm_amd64.s:1771 +0x1 fp=0x27c2b2d1d7e8 sp=0x27c2b2d1d7e0 pc=0x55663e8e5b41
created by runtime.gcBgMarkStartWorkers in goroutine 1
	/usr/lib/golang/src/runtime/mgc.go:1695 +0x105

goroutine 58 gp=0x27c2b2d232c0 m=nil [GC worker (idle)]:
runtime.gopark(0x0?, 0x0?, 0x0?, 0x0?, 0x0?)
	/usr/lib/golang/src/runtime/proc.go:462 +0xce fp=0x27c2b2d1df40 sp=0x27c2b2d1df20 pc=0x55663e8de0ae
runtime.gcBgMarkWorker(0x27c2b2d02070)
	/usr/lib/golang/src/runtime/mgc.go:1791 +0xeb fp=0x27c2b2d1dfc8 sp=0x27c2b2d1df40 pc=0x55663e88692b
runtime.gcBgMarkStartWorkers.gowrap1()
	/usr/lib/golang/src/runtime/mgc.go:1695 +0x17 fp=0x27c2b2d1dfe0 sp=0x27c2b2d1dfc8 pc=0x55663e886817
runtime.goexit({})
	/usr/lib/golang/src/runtime/asm_amd64.s:1771 +0x1 fp=0x27c2b2d1dfe8 sp=0x27c2b2d1dfe0 pc=0x55663e8e5b41
created by runtime.gcBgMarkStartWorkers in goroutine 1
	/usr/lib/golang/src/runtime/mgc.go:1695 +0x105

goroutine 47 gp=0x27c2b2c85c20 m=nil [GC worker (idle)]:
runtime.gopark(0x0?, 0x0?, 0x0?, 0x0?, 0x0?)
	/usr/lib/golang/src/runtime/proc.go:462 +0xce fp=0x27c2b2c42f40 sp=0x27c2b2c42f20 pc=0x55663e8de0ae
runtime.gcBgMarkWorker(0x27c2b2d02070)
	/usr/lib/golang/src/runtime/mgc.go:1791 +0xeb fp=0x27c2b2c42fc8 sp=0x27c2b2c42f40 pc=0x55663e88692b
runtime.gcBgMarkStartWorkers.gowrap1()
	/usr/lib/golang/src/runtime/mgc.go:1695 +0x17 fp=0x27c2b2c42fe0 sp=0x27c2b2c42fc8 pc=0x55663e886817
runtime.goexit({})
	/usr/lib/golang/src/runtime/asm_amd64.s:1771 +0x1 fp=0x27c2b2c42fe8 sp=0x27c2b2c42fe0 pc=0x55663e8e5b41
created by runtime.gcBgMarkStartWorkers in goroutine 1
	/usr/lib/golang/src/runtime/mgc.go:1695 +0x105

goroutine 86 gp=0x27c2b2c4ba40 m=nil [GC worker (idle)]:
runtime.gopark(0x0?, 0x0?, 0x0?, 0x0?, 0x0?)
	/usr/lib/golang/src/runtime/proc.go:462 +0xce fp=0x27c2b2c4e740 sp=0x27c2b2c4e720 pc=0x55663e8de0ae
runtime.gcBgMarkWorker(0x27c2b2d02070)
	/usr/lib/golang/src/runtime/mgc.go:1791 +0xeb fp=0x27c2b2c4e7c8 sp=0x27c2b2c4e740 pc=0x55663e88692b
runtime.gcBgMarkStartWorkers.gowrap1()
	/usr/lib/golang/src/runtime/mgc.go:1695 +0x17 fp=0x27c2b2c4e7e0 sp=0x27c2b2c4e7c8 pc=0x55663e886817
runtime.goexit({})
	/usr/lib/golang/src/runtime/asm_amd64.s:1771 +0x1 fp=0x27c2b2c4e7e8 sp=0x27c2b2c4e7e0 pc=0x55663e8e5b41
created by runtime.gcBgMarkStartWorkers in goroutine 1
	/usr/lib/golang/src/runtime/mgc.go:1695 +0x105

goroutine 59 gp=0x27c2b2d234a0 m=nil [GC worker (idle)]:
runtime.gopark(0x0?, 0x0?, 0x0?, 0x0?, 0x0?)
	/usr/lib/golang/src/runtime/proc.go:462 +0xce fp=0x27c2b2d2c740 sp=0x27c2b2d2c720 pc=0x55663e8de0ae
runtime.gcBgMarkWorker(0x27c2b2d02070)
	/usr/lib/golang/src/runtime/mgc.go:1791 +0xeb fp=0x27c2b2d2c7c8 sp=0x27c2b2d2c740 pc=0x55663e88692b
runtime.gcBgMarkStartWorkers.gowrap1()
	/usr/lib/golang/src/runtime/mgc.go:1695 +0x17 fp=0x27c2b2d2c7e0 sp=0x27c2b2d2c7c8 pc=0x55663e886817
runtime.goexit({})
	/usr/lib/golang/src/runtime/asm_amd64.s:1771 +0x1 fp=0x27c2b2d2c7e8 sp=0x27c2b2d2c7e0 pc=0x55663e8e5b41
created by runtime.gcBgMarkStartWorkers in goroutine 1
	/usr/lib/golang/src/runtime/mgc.go:1695 +0x105

goroutine 60 gp=0x27c2b2d23680 m=nil [GC worker (idle)]:
runtime.gopark(0x0?, 0x0?, 0x0?, 0x0?, 0x0?)
	/usr/lib/golang/src/runtime/proc.go:462 +0xce fp=0x27c2b2d2cf40 sp=0x27c2b2d2cf20 pc=0x55663e8de0ae
runtime.gcBgMarkWorker(0x27c2b2d02070)
	/usr/lib/golang/src/runtime/mgc.go:1791 +0xeb fp=0x27c2b2d2cfc8 sp=0x27c2b2d2cf40 pc=0x55663e88692b
runtime.gcBgMarkStartWorkers.gowrap1()
	/usr/lib/golang/src/runtime/mgc.go:1695 +0x17 fp=0x27c2b2d2cfe0 sp=0x27c2b2d2cfc8 pc=0x55663e886817
runtime.goexit({})
	/usr/lib/golang/src/runtime/asm_amd64.s:1771 +0x1 fp=0x27c2b2d2cfe8 sp=0x27c2b2d2cfe0 pc=0x55663e8e5b41
created by runtime.gcBgMarkStartWorkers in goroutine 1
	/usr/lib/golang/src/runtime/mgc.go:1695 +0x105

goroutine 61 gp=0x27c2b2d23860 m=nil [GC worker (idle)]:
runtime.gopark(0x0?, 0x0?, 0x0?, 0x0?, 0x0?)
	/usr/lib/golang/src/runtime/proc.go:462 +0xce fp=0x27c2b2d2d740 sp=0x27c2b2d2d720 pc=0x55663e8de0ae
runtime.gcBgMarkWorker(0x27c2b2d02070)
	/usr/lib/golang/src/runtime/mgc.go:1791 +0xeb fp=0x27c2b2d2d7c8 sp=0x27c2b2d2d740 pc=0x55663e88692b
runtime.gcBgMarkStartWorkers.gowrap1()
	/usr/lib/golang/src/runtime/mgc.go:1695 +0x17 fp=0x27c2b2d2d7e0 sp=0x27c2b2d2d7c8 pc=0x55663e886817
runtime.goexit({})
	/usr/lib/golang/src/runtime/asm_amd64.s:1771 +0x1 fp=0x27c2b2d2d7e8 sp=0x27c2b2d2d7e0 pc=0x55663e8e5b41
created by runtime.gcBgMarkStartWorkers in goroutine 1
	/usr/lib/golang/src/runtime/mgc.go:1695 +0x105

goroutine 87 gp=0x27c2b2c4bc20 m=nil [GC worker (idle)]:
runtime.gopark(0x0?, 0x0?, 0x0?, 0x0?, 0x0?)
	/usr/lib/golang/src/runtime/proc.go:462 +0xce fp=0x27c2b2c4ef40 sp=0x27c2b2c4ef20 pc=0x55663e8de0ae
runtime.gcBgMarkWorker(0x27c2b2d02070)
	/usr/lib/golang/src/runtime/mgc.go:1791 +0xeb fp=0x27c2b2c4efc8 sp=0x27c2b2c4ef40 pc=0x55663e88692b
runtime.gcBgMarkStartWorkers.gowrap1()
	/usr/lib/golang/src/runtime/mgc.go:1695 +0x17 fp=0x27c2b2c4efe0 sp=0x27c2b2c4efc8 pc=0x55663e886817
runtime.goexit({})
	/usr/lib/golang/src/runtime/asm_amd64.s:1771 +0x1 fp=0x27c2b2c4efe8 sp=0x27c2b2c4efe0 pc=0x55663e8e5b41
created by runtime.gcBgMarkStartWorkers in goroutine 1
	/usr/lib/golang/src/runtime/mgc.go:1695 +0x105

goroutine 48 gp=0x27c2b2ca0000 m=nil [GC worker (idle)]:
runtime.gopark(0x0?, 0x0?, 0x0?, 0x0?, 0x0?)
	/usr/lib/golang/src/runtime/proc.go:462 +0xce fp=0x27c2b2c43740 sp=0x27c2b2c43720 pc=0x55663e8de0ae
runtime.gcBgMarkWorker(0x27c2b2d02070)
	/usr/lib/golang/src/runtime/mgc.go:1791 +0xeb fp=0x27c2b2c437c8 sp=0x27c2b2c43740 pc=0x55663e88692b
runtime.gcBgMarkStartWorkers.gowrap1()
	/usr/lib/golang/src/runtime/mgc.go:1695 +0x17 fp=0x27c2b2c437e0 sp=0x27c2b2c437c8 pc=0x55663e886817
runtime.goexit({})
	/usr/lib/golang/src/runtime/asm_amd64.s:1771 +0x1 fp=0x27c2b2c437e8 sp=0x27c2b2c437e0 pc=0x55663e8e5b41
created by runtime.gcBgMarkStartWorkers in goroutine 1
	/usr/lib/golang/src/runtime/mgc.go:1695 +0x105

goroutine 49 gp=0x27c2b2ca01e0 m=nil [GC worker (idle)]:
runtime.gopark(0x0?, 0x0?, 0x0?, 0x0?, 0x0?)
	/usr/lib/golang/src/runtime/proc.go:462 +0xce fp=0x27c2b2c43f40 sp=0x27c2b2c43f20 pc=0x55663e8de0ae
runtime.gcBgMarkWorker(0x27c2b2d02070)
	/usr/lib/golang/src/runtime/mgc.go:1791 +0xeb fp=0x27c2b2c43fc8 sp=0x27c2b2c43f40 pc=0x55663e88692b
runtime.gcBgMarkStartWorkers.gowrap1()
	/usr/lib/golang/src/runtime/mgc.go:1695 +0x17 fp=0x27c2b2c43fe0 sp=0x27c2b2c43fc8 pc=0x55663e886817
runtime.goexit({})
	/usr/lib/golang/src/runtime/asm_amd64.s:1771 +0x1 fp=0x27c2b2c43fe8 sp=0x27c2b2c43fe0 pc=0x55663e8e5b41
created by runtime.gcBgMarkStartWorkers in goroutine 1
	/usr/lib/golang/src/runtime/mgc.go:1695 +0x105

goroutine 98 gp=0x27c2b2ca03c0 m=nil [GC worker (idle)]:
runtime.gopark(0x0?, 0x0?, 0x0?, 0x0?, 0x0?)
	/usr/lib/golang/src/runtime/proc.go:462 +0xce fp=0x27c2b2d28740 sp=0x27c2b2d28720 pc=0x55663e8de0ae
runtime.gcBgMarkWorker(0x27c2b2d02070)
	/usr/lib/golang/src/runtime/mgc.go:1791 +0xeb fp=0x27c2b2d287c8 sp=0x27c2b2d28740 pc=0x55663e88692b
runtime.gcBgMarkStartWorkers.gowrap1()
	/usr/lib/golang/src/runtime/mgc.go:1695 +0x17 fp=0x27c2b2d287e0 sp=0x27c2b2d287c8 pc=0x55663e886817
runtime.goexit({})
	/usr/lib/golang/src/runtime/asm_amd64.s:1771 +0x1 fp=0x27c2b2d287e8 sp=0x27c2b2d287e0 pc=0x55663e8e5b41
created by runtime.gcBgMarkStartWorkers in goroutine 1
	/usr/lib/golang/src/runtime/mgc.go:1695 +0x105

goroutine 114 gp=0x27c2b2d84000 m=nil [GC worker (idle)]:
runtime.gopark(0x0?, 0x0?, 0x0?, 0x0?, 0x0?)
	/usr/lib/golang/src/runtime/proc.go:462 +0xce fp=0x27c2b2d8a740 sp=0x27c2b2d8a720 pc=0x55663e8de0ae
runtime.gcBgMarkWorker(0x27c2b2d02070)
	/usr/lib/golang/src/runtime/mgc.go:1791 +0xeb fp=0x27c2b2d8a7c8 sp=0x27c2b2d8a740 pc=0x55663e88692b
runtime.gcBgMarkStartWorkers.gowrap1()
	/usr/lib/golang/src/runtime/mgc.go:1695 +0x17 fp=0x27c2b2d8a7e0 sp=0x27c2b2d8a7c8 pc=0x55663e886817
runtime.goexit({})
	/usr/lib/golang/src/runtime/asm_amd64.s:1771 +0x1 fp=0x27c2b2d8a7e8 sp=0x27c2b2d8a7e0 pc=0x55663e8e5b41
created by runtime.gcBgMarkStartWorkers in goroutine 1
	/usr/lib/golang/src/runtime/mgc.go:1695 +0x105

goroutine 115 gp=0x27c2b2d841e0 m=nil [GC worker (idle)]:
runtime.gopark(0x0?, 0x0?, 0x0?, 0x0?, 0x0?)
	/usr/lib/golang/src/runtime/proc.go:462 +0xce fp=0x27c2b2d8af40 sp=0x27c2b2d8af20 pc=0x55663e8de0ae
runtime.gcBgMarkWorker(0x27c2b2d02070)
	/usr/lib/golang/src/runtime/mgc.go:1791 +0xeb fp=0x27c2b2d8afc8 sp=0x27c2b2d8af40 pc=0x55663e88692b
runtime.gcBgMarkStartWorkers.gowrap1()
	/usr/lib/golang/src/runtime/mgc.go:1695 +0x17 fp=0x27c2b2d8afe0 sp=0x27c2b2d8afc8 pc=0x55663e886817
runtime.goexit({})
	/usr/lib/golang/src/runtime/asm_amd64.s:1771 +0x1 fp=0x27c2b2d8afe8 sp=0x27c2b2d8afe0 pc=0x55663e8e5b41
created by runtime.gcBgMarkStartWorkers in goroutine 1
	/usr/lib/golang/src/runtime/mgc.go:1695 +0x105

goroutine 88 gp=0x27c2b2c56000 m=nil [GC worker (idle)]:
runtime.gopark(0x0?, 0x0?, 0x0?, 0x0?, 0x0?)
	/usr/lib/golang/src/runtime/proc.go:462 +0xce fp=0x27c2b2c4f740 sp=0x27c2b2c4f720 pc=0x55663e8de0ae
runtime.gcBgMarkWorker(0x27c2b2d02070)
	/usr/lib/golang/src/runtime/mgc.go:1791 +0xeb fp=0x27c2b2c4f7c8 sp=0x27c2b2c4f740 pc=0x55663e88692b
runtime.gcBgMarkStartWorkers.gowrap1()
	/usr/lib/golang/src/runtime/mgc.go:1695 +0x17 fp=0x27c2b2c4f7e0 sp=0x27c2b2c4f7c8 pc=0x55663e886817
runtime.goexit({})
	/usr/lib/golang/src/runtime/asm_amd64.s:1771 +0x1 fp=0x27c2b2c4f7e8 sp=0x27c2b2c4f7e0 pc=0x55663e8e5b41
created by runtime.gcBgMarkStartWorkers in goroutine 1
	/usr/lib/golang/src/runtime/mgc.go:1695 +0x105

goroutine 89 gp=0x27c2b2c561e0 m=nil [GC worker (idle)]:
runtime.gopark(0x0?, 0x0?, 0x0?, 0x0?, 0x0?)
	/usr/lib/golang/src/runtime/proc.go:462 +0xce fp=0x27c2b2c4ff40 sp=0x27c2b2c4ff20 pc=0x55663e8de0ae
runtime.gcBgMarkWorker(0x27c2b2d02070)
	/usr/lib/golang/src/runtime/mgc.go:1791 +0xeb fp=0x27c2b2c4ffc8 sp=0x27c2b2c4ff40 pc=0x55663e88692b
runtime.gcBgMarkStartWorkers.gowrap1()
	/usr/lib/golang/src/runtime/mgc.go:1695 +0x17 fp=0x27c2b2c4ffe0 sp=0x27c2b2c4ffc8 pc=0x55663e886817
runtime.goexit({})
	/usr/lib/golang/src/runtime/asm_amd64.s:1771 +0x1 fp=0x27c2b2c4ffe8 sp=0x27c2b2c4ffe0 pc=0x55663e8e5b41
created by runtime.gcBgMarkStartWorkers in goroutine 1
	/usr/lib/golang/src/runtime/mgc.go:1695 +0x105

goroutine 90 gp=0x27c2b2c563c0 m=nil [GC worker (idle)]:
runtime.gopark(0x0?, 0x0?, 0x0?, 0x0?, 0x0?)
	/usr/lib/golang/src/runtime/proc.go:462 +0xce fp=0x27c2b2d86740 sp=0x27c2b2d86720 pc=0x55663e8de0ae
runtime.gcBgMarkWorker(0x27c2b2d02070)
	/usr/lib/golang/src/runtime/mgc.go:1791 +0xeb fp=0x27c2b2d867c8 sp=0x27c2b2d86740 pc=0x55663e88692b
runtime.gcBgMarkStartWorkers.gowrap1()
	/usr/lib/golang/src/runtime/mgc.go:1695 +0x17 fp=0x27c2b2d867e0 sp=0x27c2b2d867c8 pc=0x55663e886817
runtime.goexit({})
	/usr/lib/golang/src/runtime/asm_amd64.s:1771 +0x1 fp=0x27c2b2d867e8 sp=0x27c2b2d867e0 pc=0x55663e8e5b41
created by runtime.gcBgMarkStartWorkers in goroutine 1
	/usr/lib/golang/src/runtime/mgc.go:1695 +0x105

goroutine 99 gp=0x27c2b2ca05a0 m=nil [GC worker (idle)]:
runtime.gopark(0x0?, 0x0?, 0x0?, 0x0?, 0x0?)
	/usr/lib/golang/src/runtime/proc.go:462 +0xce fp=0x27c2b2d28f40 sp=0x27c2b2d28f20 pc=0x55663e8de0ae
runtime.gcBgMarkWorker(0x27c2b2d02070)
	/usr/lib/golang/src/runtime/mgc.go:1791 +0xeb fp=0x27c2b2d28fc8 sp=0x27c2b2d28f40 pc=0x55663e88692b
runtime.gcBgMarkStartWorkers.gowrap1()
	/usr/lib/golang/src/runtime/mgc.go:1695 +0x17 fp=0x27c2b2d28fe0 sp=0x27c2b2d28fc8 pc=0x55663e886817
runtime.goexit({})
	/usr/lib/golang/src/runtime/asm_amd64.s:1771 +0x1 fp=0x27c2b2d28fe8 sp=0x27c2b2d28fe0 pc=0x55663e8e5b41
created by runtime.gcBgMarkStartWorkers in goroutine 1
	/usr/lib/golang/src/runtime/mgc.go:1695 +0x105

goroutine 100 gp=0x27c2b2ca0780 m=nil [GC worker (idle)]:
runtime.gopark(0x0?, 0x0?, 0x0?, 0x0?, 0x0?)
	/usr/lib/golang/src/runtime/proc.go:462 +0xce fp=0x27c2b2d29740 sp=0x27c2b2d29720 pc=0x55663e8de0ae
runtime.gcBgMarkWorker(0x27c2b2d02070)
	/usr/lib/golang/src/runtime/mgc.go:1791 +0xeb fp=0x27c2b2d297c8 sp=0x27c2b2d29740 pc=0x55663e88692b
runtime.gcBgMarkStartWorkers.gowrap1()
	/usr/lib/golang/src/runtime/mgc.go:1695 +0x17 fp=0x27c2b2d297e0 sp=0x27c2b2d297c8 pc=0x55663e886817
runtime.goexit({})
	/usr/lib/golang/src/runtime/asm_amd64.s:1771 +0x1 fp=0x27c2b2d297e8 sp=0x27c2b2d297e0 pc=0x55663e8e5b41
created by runtime.gcBgMarkStartWorkers in goroutine 1
	/usr/lib/golang/src/runtime/mgc.go:1695 +0x105

goroutine 101 gp=0x27c2b2ca0960 m=nil [GC worker (idle)]:
runtime.gopark(0x0?, 0x0?, 0x0?, 0x0?, 0x0?)
	/usr/lib/golang/src/runtime/proc.go:462 +0xce fp=0x27c2b2d29f40 sp=0x27c2b2d29f20 pc=0x55663e8de0ae
runtime.gcBgMarkWorker(0x27c2b2d02070)
	/usr/lib/golang/src/runtime/mgc.go:1791 +0xeb fp=0x27c2b2d29fc8 sp=0x27c2b2d29f40 pc=0x55663e88692b
runtime.gcBgMarkStartWorkers.gowrap1()
	/usr/lib/golang/src/runtime/mgc.go:1695 +0x17 fp=0x27c2b2d29fe0 sp=0x27c2b2d29fc8 pc=0x55663e886817
runtime.goexit({})
	/usr/lib/golang/src/runtime/asm_amd64.s:1771 +0x1 fp=0x27c2b2d29fe8 sp=0x27c2b2d29fe0 pc=0x55663e8e5b41
created by runtime.gcBgMarkStartWorkers in goroutine 1
	/usr/lib/golang/src/runtime/mgc.go:1695 +0x105

goroutine 116 gp=0x27c2b2d843c0 m=nil [GC worker (idle)]:
runtime.gopark(0x0?, 0x0?, 0x0?, 0x0?, 0x0?)
	/usr/lib/golang/src/runtime/proc.go:462 +0xce fp=0x27c2b2d8b740 sp=0x27c2b2d8b720 pc=0x55663e8de0ae
runtime.gcBgMarkWorker(0x27c2b2d02070)
	/usr/lib/golang/src/runtime/mgc.go:1791 +0xeb fp=0x27c2b2d8b7c8 sp=0x27c2b2d8b740 pc=0x55663e88692b
runtime.gcBgMarkStartWorkers.gowrap1()
	/usr/lib/golang/src/runtime/mgc.go:1695 +0x17 fp=0x27c2b2d8b7e0 sp=0x27c2b2d8b7c8 pc=0x55663e886817
runtime.goexit({})
	/usr/lib/golang/src/runtime/asm_amd64.s:1771 +0x1 fp=0x27c2b2d8b7e8 sp=0x27c2b2d8b7e0 pc=0x55663e8e5b41
created by runtime.gcBgMarkStartWorkers in goroutine 1
	/usr/lib/golang/src/runtime/mgc.go:1695 +0x105

goroutine 117 gp=0x27c2b2d845a0 m=nil [GC worker (idle)]:
runtime.gopark(0x0?, 0x0?, 0x0?, 0x0?, 0x0?)
	/usr/lib/golang/src/runtime/proc.go:462 +0xce fp=0x27c2b2d8bf40 sp=0x27c2b2d8bf20 pc=0x55663e8de0ae
runtime.gcBgMarkWorker(0x27c2b2d02070)
	/usr/lib/golang/src/runtime/mgc.go:1791 +0xeb fp=0x27c2b2d8bfc8 sp=0x27c2b2d8bf40 pc=0x55663e88692b
runtime.gcBgMarkStartWorkers.gowrap1()
	/usr/lib/golang/src/runtime/mgc.go:1695 +0x17 fp=0x27c2b2d8bfe0 sp=0x27c2b2d8bfc8 pc=0x55663e886817
runtime.goexit({})
	/usr/lib/golang/src/runtime/asm_amd64.s:1771 +0x1 fp=0x27c2b2d8bfe8 sp=0x27c2b2d8bfe0 pc=0x55663e8e5b41
created by runtime.gcBgMarkStartWorkers in goroutine 1
	/usr/lib/golang/src/runtime/mgc.go:1695 +0x105

goroutine 118 gp=0x27c2b2d84780 m=nil [GC worker (idle)]:
runtime.gopark(0x0?, 0x0?, 0x0?, 0x0?, 0x0?)
	/usr/lib/golang/src/runtime/proc.go:462 +0xce fp=0x27c2b2d8c740 sp=0x27c2b2d8c720 pc=0x55663e8de0ae
runtime.gcBgMarkWorker(0x27c2b2d02070)
	/usr/lib/golang/src/runtime/mgc.go:1791 +0xeb fp=0x27c2b2d8c7c8 sp=0x27c2b2d8c740 pc=0x55663e88692b
runtime.gcBgMarkStartWorkers.gowrap1()
	/usr/lib/golang/src/runtime/mgc.go:1695 +0x17 fp=0x27c2b2d8c7e0 sp=0x27c2b2d8c7c8 pc=0x55663e886817
runtime.goexit({})
	/usr/lib/golang/src/runtime/asm_amd64.s:1771 +0x1 fp=0x27c2b2d8c7e8 sp=0x27c2b2d8c7e0 pc=0x55663e8e5b41
created by runtime.gcBgMarkStartWorkers in goroutine 1
	/usr/lib/golang/src/runtime/mgc.go:1695 +0x105

goroutine 91 gp=0x27c2b2c565a0 m=nil [GC worker (idle)]:
runtime.gopark(0x0?, 0x0?, 0x0?, 0x0?, 0x0?)
	/usr/lib/golang/src/runtime/proc.go:462 +0xce fp=0x27c2b2d86f40 sp=0x27c2b2d86f20 pc=0x55663e8de0ae
runtime.gcBgMarkWorker(0x27c2b2d02070)
	/usr/lib/golang/src/runtime/mgc.go:1791 +0xeb fp=0x27c2b2d86fc8 sp=0x27c2b2d86f40 pc=0x55663e88692b
runtime.gcBgMarkStartWorkers.gowrap1()
	/usr/lib/golang/src/runtime/mgc.go:1695 +0x17 fp=0x27c2b2d86fe0 sp=0x27c2b2d86fc8 pc=0x55663e886817
runtime.goexit({})
	/usr/lib/golang/src/runtime/asm_amd64.s:1771 +0x1 fp=0x27c2b2d86fe8 sp=0x27c2b2d86fe0 pc=0x55663e8e5b41
created by runtime.gcBgMarkStartWorkers in goroutine 1
	/usr/lib/golang/src/runtime/mgc.go:1695 +0x105

goroutine 119 gp=0x27c2b2d84960 m=nil [GC worker (idle)]:
runtime.gopark(0x0?, 0x0?, 0x0?, 0x0?, 0x0?)
	/usr/lib/golang/src/runtime/proc.go:462 +0xce fp=0x27c2b2d8cf40 sp=0x27c2b2d8cf20 pc=0x55663e8de0ae
runtime.gcBgMarkWorker(0x27c2b2d02070)
	/usr/lib/golang/src/runtime/mgc.go:1791 +0xeb fp=0x27c2b2d8cfc8 sp=0x27c2b2d8cf40 pc=0x55663e88692b
runtime.gcBgMarkStartWorkers.gowrap1()
	/usr/lib/golang/src/runtime/mgc.go:1695 +0x17 fp=0x27c2b2d8cfe0 sp=0x27c2b2d8cfc8 pc=0x55663e886817
runtime.goexit({})
	/usr/lib/golang/src/runtime/asm_amd64.s:1771 +0x1 fp=0x27c2b2d8cfe8 sp=0x27c2b2d8cfe0 pc=0x55663e8e5b41
created by runtime.gcBgMarkStartWorkers in goroutine 1
	/usr/lib/golang/src/runtime/mgc.go:1695 +0x105

goroutine 120 gp=0x27c2b2d84b40 m=nil [GC worker (idle)]:
runtime.gopark(0x0?, 0x0?, 0x0?, 0x0?, 0x0?)
	/usr/lib/golang/src/runtime/proc.go:462 +0xce fp=0x27c2b2d8d740 sp=0x27c2b2d8d720 pc=0x55663e8de0ae
runtime.gcBgMarkWorker(0x27c2b2d02070)
	/usr/lib/golang/src/runtime/mgc.go:1791 +0xeb fp=0x27c2b2d8d7c8 sp=0x27c2b2d8d740 pc=0x55663e88692b
runtime.gcBgMarkStartWorkers.gowrap1()
	/usr/lib/golang/src/runtime/mgc.go:1695 +0x17 fp=0x27c2b2d8d7e0 sp=0x27c2b2d8d7c8 pc=0x55663e886817
runtime.goexit({})
	/usr/lib/golang/src/runtime/asm_amd64.s:1771 +0x1 fp=0x27c2b2d8d7e8 sp=0x27c2b2d8d7e0 pc=0x55663e8e5b41
created by runtime.gcBgMarkStartWorkers in goroutine 1
	/usr/lib/golang/src/runtime/mgc.go:1695 +0x105

goroutine 121 gp=0x27c2b2d84d20 m=nil [GC worker (idle)]:
runtime.gopark(0x0?, 0x0?, 0x0?, 0x0?, 0x0?)
	/usr/lib/golang/src/runtime/proc.go:462 +0xce fp=0x27c2b2d8df40 sp=0x27c2b2d8df20 pc=0x55663e8de0ae
runtime.gcBgMarkWorker(0x27c2b2d02070)
	/usr/lib/golang/src/runtime/mgc.go:1791 +0xeb fp=0x27c2b2d8dfc8 sp=0x27c2b2d8df40 pc=0x55663e88692b
runtime.gcBgMarkStartWorkers.gowrap1()
	/usr/lib/golang/src/runtime/mgc.go:1695 +0x17 fp=0x27c2b2d8dfe0 sp=0x27c2b2d8dfc8 pc=0x55663e886817
runtime.goexit({})
	/usr/lib/golang/src/runtime/asm_amd64.s:1771 +0x1 fp=0x27c2b2d8dfe8 sp=0x27c2b2d8dfe0 pc=0x55663e8e5b41
created by runtime.gcBgMarkStartWorkers in goroutine 1
	/usr/lib/golang/src/runtime/mgc.go:1695 +0x105

goroutine 92 gp=0x27c2b2c56780 m=nil [GC worker (idle)]:
runtime.gopark(0x0?, 0x0?, 0x0?, 0x0?, 0x0?)
	/usr/lib/golang/src/runtime/proc.go:462 +0xce fp=0x27c2b2d87740 sp=0x27c2b2d87720 pc=0x55663e8de0ae
runtime.gcBgMarkWorker(0x27c2b2d02070)
	/usr/lib/golang/src/runtime/mgc.go:1791 +0xeb fp=0x27c2b2d877c8 sp=0x27c2b2d87740 pc=0x55663e88692b
runtime.gcBgMarkStartWorkers.gowrap1()
	/usr/lib/golang/src/runtime/mgc.go:1695 +0x17 fp=0x27c2b2d877e0 sp=0x27c2b2d877c8 pc=0x55663e886817
runtime.goexit({})
	/usr/lib/golang/src/runtime/asm_amd64.s:1771 +0x1 fp=0x27c2b2d877e8 sp=0x27c2b2d877e0 pc=0x55663e8e5b41
created by runtime.gcBgMarkStartWorkers in goroutine 1
	/usr/lib/golang/src/runtime/mgc.go:1695 +0x105

goroutine 93 gp=0x27c2b2c56960 m=nil [GC worker (idle)]:
runtime.gopark(0x0?, 0x0?, 0x0?, 0x0?, 0x0?)
	/usr/lib/golang/src/runtime/proc.go:462 +0xce fp=0x27c2b2d87f40 sp=0x27c2b2d87f20 pc=0x55663e8de0ae
runtime.gcBgMarkWorker(0x27c2b2d02070)
	/usr/lib/golang/src/runtime/mgc.go:1791 +0xeb fp=0x27c2b2d87fc8 sp=0x27c2b2d87f40 pc=0x55663e88692b
runtime.gcBgMarkStartWorkers.gowrap1()
	/usr/lib/golang/src/runtime/mgc.go:1695 +0x17 fp=0x27c2b2d87fe0 sp=0x27c2b2d87fc8 pc=0x55663e886817
runtime.goexit({})
	/usr/lib/golang/src/runtime/asm_amd64.s:1771 +0x1 fp=0x27c2b2d87fe8 sp=0x27c2b2d87fe0 pc=0x55663e8e5b41
created by runtime.gcBgMarkStartWorkers in goroutine 1
	/usr/lib/golang/src/runtime/mgc.go:1695 +0x105

goroutine 94 gp=0x27c2b2c56b40 m=nil [GC worker (idle)]:
runtime.gopark(0x0?, 0x0?, 0x0?, 0x0?, 0x0?)
	/usr/lib/golang/src/runtime/proc.go:462 +0xce fp=0x27c2b2d88740 sp=0x27c2b2d88720 pc=0x55663e8de0ae
runtime.gcBgMarkWorker(0x27c2b2d02070)
	/usr/lib/golang/src/runtime/mgc.go:1791 +0xeb fp=0x27c2b2d887c8 sp=0x27c2b2d88740 pc=0x55663e88692b
runtime.gcBgMarkStartWorkers.gowrap1()
	/usr/lib/golang/src/runtime/mgc.go:1695 +0x17 fp=0x27c2b2d887e0 sp=0x27c2b2d887c8 pc=0x55663e886817
runtime.goexit({})
	/usr/lib/golang/src/runtime/asm_amd64.s:1771 +0x1 fp=0x27c2b2d887e8 sp=0x27c2b2d887e0 pc=0x55663e8e5b41
created by runtime.gcBgMarkStartWorkers in goroutine 1
	/usr/lib/golang/src/runtime/mgc.go:1695 +0x105

goroutine 102 gp=0x27c2b2ca0b40 m=nil [GC worker (idle)]:
runtime.gopark(0x0?, 0x0?, 0x0?, 0x0?, 0x0?)
	/usr/lib/golang/src/runtime/proc.go:462 +0xce fp=0x27c2b2d2a740 sp=0x27c2b2d2a720 pc=0x55663e8de0ae
runtime.gcBgMarkWorker(0x27c2b2d02070)
	/usr/lib/golang/src/runtime/mgc.go:1791 +0xeb fp=0x27c2b2d2a7c8 sp=0x27c2b2d2a740 pc=0x55663e88692b
runtime.gcBgMarkStartWorkers.gowrap1()
	/usr/lib/golang/src/runtime/mgc.go:1695 +0x17 fp=0x27c2b2d2a7e0 sp=0x27c2b2d2a7c8 pc=0x55663e886817
runtime.goexit({})
	/usr/lib/golang/src/runtime/asm_amd64.s:1771 +0x1 fp=0x27c2b2d2a7e8 sp=0x27c2b2d2a7e0 pc=0x55663e8e5b41
created by runtime.gcBgMarkStartWorkers in goroutine 1
	/usr/lib/golang/src/runtime/mgc.go:1695 +0x105

goroutine 103 gp=0x27c2b2ca0d20 m=nil [GC worker (idle)]:
runtime.gopark(0x0?, 0x0?, 0x0?, 0x0?, 0x0?)
	/usr/lib/golang/src/runtime/proc.go:462 +0xce fp=0x27c2b2d2af40 sp=0x27c2b2d2af20 pc=0x55663e8de0ae
runtime.gcBgMarkWorker(0x27c2b2d02070)
	/usr/lib/golang/src/runtime/mgc.go:1791 +0xeb fp=0x27c2b2d2afc8 sp=0x27c2b2d2af40 pc=0x55663e88692b
runtime.gcBgMarkStartWorkers.gowrap1()
	/usr/lib/golang/src/runtime/mgc.go:1695 +0x17 fp=0x27c2b2d2afe0 sp=0x27c2b2d2afc8 pc=0x55663e886817
runtime.goexit({})
	/usr/lib/golang/src/runtime/asm_amd64.s:1771 +0x1 fp=0x27c2b2d2afe8 sp=0x27c2b2d2afe0 pc=0x55663e8e5b41
created by runtime.gcBgMarkStartWorkers in goroutine 1
	/usr/lib/golang/src/runtime/mgc.go:1695 +0x105

goroutine 104 gp=0x27c2b2ca0f00 m=nil [GC worker (idle)]:
runtime.gopark(0x0?, 0x0?, 0x0?, 0x0?, 0x0?)
	/usr/lib/golang/src/runtime/proc.go:462 +0xce fp=0x27c2b2d2b740 sp=0x27c2b2d2b720 pc=0x55663e8de0ae
runtime.gcBgMarkWorker(0x27c2b2d02070)
	/usr/lib/golang/src/runtime/mgc.go:1791 +0xeb fp=0x27c2b2d2b7c8 sp=0x27c2b2d2b740 pc=0x55663e88692b
runtime.gcBgMarkStartWorkers.gowrap1()
	/usr/lib/golang/src/runtime/mgc.go:1695 +0x17 fp=0x27c2b2d2b7e0 sp=0x27c2b2d2b7c8 pc=0x55663e886817
runtime.goexit({})
	/usr/lib/golang/src/runtime/asm_amd64.s:1771 +0x1 fp=0x27c2b2d2b7e8 sp=0x27c2b2d2b7e0 pc=0x55663e8e5b41
created by runtime.gcBgMarkStartWorkers in goroutine 1
	/usr/lib/golang/src/runtime/mgc.go:1695 +0x105

goroutine 105 gp=0x27c2b2ca10e0 m=nil [GC worker (idle)]:
runtime.gopark(0x0?, 0x0?, 0x0?, 0x0?, 0x0?)
	/usr/lib/golang/src/runtime/proc.go:462 +0xce fp=0x27c2b2d2bf40 sp=0x27c2b2d2bf20 pc=0x55663e8de0ae
runtime.gcBgMarkWorker(0x27c2b2d02070)
	/usr/lib/golang/src/runtime/mgc.go:1791 +0xeb fp=0x27c2b2d2bfc8 sp=0x27c2b2d2bf40 pc=0x55663e88692b
runtime.gcBgMarkStartWorkers.gowrap1()
	/usr/lib/golang/src/runtime/mgc.go:1695 +0x17 fp=0x27c2b2d2bfe0 sp=0x27c2b2d2bfc8 pc=0x55663e886817
runtime.goexit({})
	/usr/lib/golang/src/runtime/asm_amd64.s:1771 +0x1 fp=0x27c2b2d2bfe8 sp=0x27c2b2d2bfe0 pc=0x55663e8e5b41
created by runtime.gcBgMarkStartWorkers in goroutine 1
	/usr/lib/golang/src/runtime/mgc.go:1695 +0x105

goroutine 106 gp=0x27c2b2ca12c0 m=nil [GC worker (idle)]:
runtime.gopark(0x0?, 0x0?, 0x0?, 0x0?, 0x0?)
	/usr/lib/golang/src/runtime/proc.go:462 +0xce fp=0x27c2b2ca8740 sp=0x27c2b2ca8720 pc=0x55663e8de0ae
runtime.gcBgMarkWorker(0x27c2b2d02070)
	/usr/lib/golang/src/runtime/mgc.go:1791 +0xeb fp=0x27c2b2ca87c8 sp=0x27c2b2ca8740 pc=0x55663e88692b
runtime.gcBgMarkStartWorkers.gowrap1()
	/usr/lib/golang/src/runtime/mgc.go:1695 +0x17 fp=0x27c2b2ca87e0 sp=0x27c2b2ca87c8 pc=0x55663e886817
runtime.goexit({})
	/usr/lib/golang/src/runtime/asm_amd64.s:1771 +0x1 fp=0x27c2b2ca87e8 sp=0x27c2b2ca87e0 pc=0x55663e8e5b41
created by runtime.gcBgMarkStartWorkers in goroutine 1
	/usr/lib/golang/src/runtime/mgc.go:1695 +0x105

goroutine 107 gp=0x27c2b2ca14a0 m=nil [GC worker (idle)]:
runtime.gopark(0x0?, 0x0?, 0x0?, 0x0?, 0x0?)
	/usr/lib/golang/src/runtime/proc.go:462 +0xce fp=0x27c2b2ca8f40 sp=0x27c2b2ca8f20 pc=0x55663e8de0ae
runtime.gcBgMarkWorker(0x27c2b2d02070)
	/usr/lib/golang/src/runtime/mgc.go:1791 +0xeb fp=0x27c2b2ca8fc8 sp=0x27c2b2ca8f40 pc=0x55663e88692b
runtime.gcBgMarkStartWorkers.gowrap1()
	/usr/lib/golang/src/runtime/mgc.go:1695 +0x17 fp=0x27c2b2ca8fe0 sp=0x27c2b2ca8fc8 pc=0x55663e886817
runtime.goexit({})
	/usr/lib/golang/src/runtime/asm_amd64.s:1771 +0x1 fp=0x27c2b2ca8fe8 sp=0x27c2b2ca8fe0 pc=0x55663e8e5b41
created by runtime.gcBgMarkStartWorkers in goroutine 1
	/usr/lib/golang/src/runtime/mgc.go:1695 +0x105

goroutine 108 gp=0x27c2b2ca1680 m=nil [GC worker (idle)]:
runtime.gopark(0x0?, 0x0?, 0x0?, 0x0?, 0x0?)
	/usr/lib/golang/src/runtime/proc.go:462 +0xce fp=0x27c2b2ca9740 sp=0x27c2b2ca9720 pc=0x55663e8de0ae
runtime.gcBgMarkWorker(0x27c2b2d02070)
	/usr/lib/golang/src/runtime/mgc.go:1791 +0xeb fp=0x27c2b2ca97c8 sp=0x27c2b2ca9740 pc=0x55663e88692b
runtime.gcBgMarkStartWorkers.gowrap1()
	/usr/lib/golang/src/runtime/mgc.go:1695 +0x17 fp=0x27c2b2ca97e0 sp=0x27c2b2ca97c8 pc=0x55663e886817
runtime.goexit({})
	/usr/lib/golang/src/runtime/asm_amd64.s:1771 +0x1 fp=0x27c2b2ca97e8 sp=0x27c2b2ca97e0 pc=0x55663e8e5b41
created by runtime.gcBgMarkStartWorkers in goroutine 1
	/usr/lib/golang/src/runtime/mgc.go:1695 +0x105

goroutine 109 gp=0x27c2b2ca1860 m=nil [GC worker (idle)]:
runtime.gopark(0x0?, 0x0?, 0x0?, 0x0?, 0x0?)
	/usr/lib/golang/src/runtime/proc.go:462 +0xce fp=0x27c2b2ca9f40 sp=0x27c2b2ca9f20 pc=0x55663e8de0ae
runtime.gcBgMarkWorker(0x27c2b2d02070)
	/usr/lib/golang/src/runtime/mgc.go:1791 +0xeb fp=0x27c2b2ca9fc8 sp=0x27c2b2ca9f40 pc=0x55663e88692b
runtime.gcBgMarkStartWorkers.gowrap1()
	/usr/lib/golang/src/runtime/mgc.go:1695 +0x17 fp=0x27c2b2ca9fe0 sp=0x27c2b2ca9fc8 pc=0x55663e886817
runtime.goexit({})
	/usr/lib/golang/src/runtime/asm_amd64.s:1771 +0x1 fp=0x27c2b2ca9fe8 sp=0x27c2b2ca9fe0 pc=0x55663e8e5b41
created by runtime.gcBgMarkStartWorkers in goroutine 1
	/usr/lib/golang/src/runtime/mgc.go:1695 +0x105

goroutine 110 gp=0x27c2b2ca1a40 m=nil [GC worker (idle)]:
runtime.gopark(0x0?, 0x0?, 0x0?, 0x0?, 0x0?)
	/usr/lib/golang/src/runtime/proc.go:462 +0xce fp=0x27c2b2caa740 sp=0x27c2b2caa720 pc=0x55663e8de0ae
runtime.gcBgMarkWorker(0x27c2b2d02070)
	/usr/lib/golang/src/runtime/mgc.go:1791 +0xeb fp=0x27c2b2caa7c8 sp=0x27c2b2caa740 pc=0x55663e88692b
runtime.gcBgMarkStartWorkers.gowrap1()
	/usr/lib/golang/src/runtime/mgc.go:1695 +0x17 fp=0x27c2b2caa7e0 sp=0x27c2b2caa7c8 pc=0x55663e886817
runtime.goexit({})
	/usr/lib/golang/src/runtime/asm_amd64.s:1771 +0x1 fp=0x27c2b2caa7e8 sp=0x27c2b2caa7e0 pc=0x55663e8e5b41
created by runtime.gcBgMarkStartWorkers in goroutine 1
	/usr/lib/golang/src/runtime/mgc.go:1695 +0x105

goroutine 111 gp=0x27c2b2ca1c20 m=nil [GC worker (idle)]:
runtime.gopark(0x0?, 0x0?, 0x0?, 0x0?, 0x0?)
	/usr/lib/golang/src/runtime/proc.go:462 +0xce fp=0x27c2b2caaf40 sp=0x27c2b2caaf20 pc=0x55663e8de0ae
runtime.gcBgMarkWorker(0x27c2b2d02070)
	/usr/lib/golang/src/runtime/mgc.go:1791 +0xeb fp=0x27c2b2caafc8 sp=0x27c2b2caaf40 pc=0x55663e88692b
runtime.gcBgMarkStartWorkers.gowrap1()
	/usr/lib/golang/src/runtime/mgc.go:1695 +0x17 fp=0x27c2b2caafe0 sp=0x27c2b2caafc8 pc=0x55663e886817
runtime.goexit({})
	/usr/lib/golang/src/runtime/asm_amd64.s:1771 +0x1 fp=0x27c2b2caafe8 sp=0x27c2b2caafe0 pc=0x55663e8e5b41
created by runtime.gcBgMarkStartWorkers in goroutine 1
	/usr/lib/golang/src/runtime/mgc.go:1695 +0x105

goroutine 112 gp=0x27c2b2cae000 m=nil [GC worker (idle)]:
runtime.gopark(0x0?, 0x0?, 0x0?, 0x0?, 0x0?)
	/usr/lib/golang/src/runtime/proc.go:462 +0xce fp=0x27c2b2cab740 sp=0x27c2b2cab720 pc=0x55663e8de0ae
runtime.gcBgMarkWorker(0x27c2b2d02070)
	/usr/lib/golang/src/runtime/mgc.go:1791 +0xeb fp=0x27c2b2cab7c8 sp=0x27c2b2cab740 pc=0x55663e88692b
runtime.gcBgMarkStartWorkers.gowrap1()
	/usr/lib/golang/src/runtime/mgc.go:1695 +0x17 fp=0x27c2b2cab7e0 sp=0x27c2b2cab7c8 pc=0x55663e886817
runtime.goexit({})
	/usr/lib/golang/src/runtime/asm_amd64.s:1771 +0x1 fp=0x27c2b2cab7e8 sp=0x27c2b2cab7e0 pc=0x55663e8e5b41
created by runtime.gcBgMarkStartWorkers in goroutine 1
	/usr/lib/golang/src/runtime/mgc.go:1695 +0x105

goroutine 122 gp=0x27c2b2d84f00 m=nil [GC worker (idle)]:
runtime.gopark(0x0?, 0x0?, 0x0?, 0x0?, 0x0?)
	/usr/lib/golang/src/runtime/proc.go:462 +0xce fp=0x27c2b2ca4740 sp=0x27c2b2ca4720 pc=0x55663e8de0ae
runtime.gcBgMarkWorker(0x27c2b2d02070)
	/usr/lib/golang/src/runtime/mgc.go:1791 +0xeb fp=0x27c2b2ca47c8 sp=0x27c2b2ca4740 pc=0x55663e88692b
runtime.gcBgMarkStartWorkers.gowrap1()
	/usr/lib/golang/src/runtime/mgc.go:1695 +0x17 fp=0x27c2b2ca47e0 sp=0x27c2b2ca47c8 pc=0x55663e886817
runtime.goexit({})
	/usr/lib/golang/src/runtime/asm_amd64.s:1771 +0x1 fp=0x27c2b2ca47e8 sp=0x27c2b2ca47e0 pc=0x55663e8e5b41
created by runtime.gcBgMarkStartWorkers in goroutine 1
	/usr/lib/golang/src/runtime/mgc.go:1695 +0x105

goroutine 113 gp=0x27c2b2cae1e0 m=nil [GC worker (idle)]:
runtime.gopark(0x0?, 0x0?, 0x0?, 0x0?, 0x0?)
	/usr/lib/golang/src/runtime/proc.go:462 +0xce fp=0x27c2b2cabf40 sp=0x27c2b2cabf20 pc=0x55663e8de0ae
runtime.gcBgMarkWorker(0x27c2b2d02070)
	/usr/lib/golang/src/runtime/mgc.go:1791 +0xeb fp=0x27c2b2cabfc8 sp=0x27c2b2cabf40 pc=0x55663e88692b
runtime.gcBgMarkStartWorkers.gowrap1()
	/usr/lib/golang/src/runtime/mgc.go:1695 +0x17 fp=0x27c2b2cabfe0 sp=0x27c2b2cabfc8 pc=0x55663e886817
runtime.goexit({})
	/usr/lib/golang/src/runtime/asm_amd64.s:1771 +0x1 fp=0x27c2b2cabfe8 sp=0x27c2b2cabfe0 pc=0x55663e8e5b41
created by runtime.gcBgMarkStartWorkers in goroutine 1
	/usr/lib/golang/src/runtime/mgc.go:1695 +0x105

goroutine 95 gp=0x27c2b2c56d20 m=nil [GC worker (idle)]:
runtime.gopark(0x0?, 0x0?, 0x0?, 0x0?, 0x0?)
	/usr/lib/golang/src/runtime/proc.go:462 +0xce fp=0x27c2b2d88f40 sp=0x27c2b2d88f20 pc=0x55663e8de0ae
runtime.gcBgMarkWorker(0x27c2b2d02070)
	/usr/lib/golang/src/runtime/mgc.go:1791 +0xeb fp=0x27c2b2d88fc8 sp=0x27c2b2d88f40 pc=0x55663e88692b
runtime.gcBgMarkStartWorkers.gowrap1()
	/usr/lib/golang/src/runtime/mgc.go:1695 +0x17 fp=0x27c2b2d88fe0 sp=0x27c2b2d88fc8 pc=0x55663e886817
runtime.goexit({})
	/usr/lib/golang/src/runtime/asm_amd64.s:1771 +0x1 fp=0x27c2b2d88fe8 sp=0x27c2b2d88fe0 pc=0x55663e8e5b41
created by runtime.gcBgMarkStartWorkers in goroutine 1
	/usr/lib/golang/src/runtime/mgc.go:1695 +0x105

goroutine 96 gp=0x27c2b2c56f00 m=nil [GC worker (idle)]:
runtime.gopark(0x0?, 0x0?, 0x0?, 0x0?, 0x0?)
	/usr/lib/golang/src/runtime/proc.go:462 +0xce fp=0x27c2b2d89740 sp=0x27c2b2d89720 pc=0x55663e8de0ae
runtime.gcBgMarkWorker(0x27c2b2d02070)
	/usr/lib/golang/src/runtime/mgc.go:1791 +0xeb fp=0x27c2b2d897c8 sp=0x27c2b2d89740 pc=0x55663e88692b
runtime.gcBgMarkStartWorkers.gowrap1()
	/usr/lib/golang/src/runtime/mgc.go:1695 +0x17 fp=0x27c2b2d897e0 sp=0x27c2b2d897c8 pc=0x55663e886817
runtime.goexit({})
	/usr/lib/golang/src/runtime/asm_amd64.s:1771 +0x1 fp=0x27c2b2d897e8 sp=0x27c2b2d897e0 pc=0x55663e8e5b41
created by runtime.gcBgMarkStartWorkers in goroutine 1
	/usr/lib/golang/src/runtime/mgc.go:1695 +0x105

goroutine 123 gp=0x27c2b2d850e0 m=nil [GC worker (idle)]:
runtime.gopark(0x0?, 0x0?, 0x0?, 0x0?, 0x0?)
	/usr/lib/golang/src/runtime/proc.go:462 +0xce fp=0x27c2b2ca4f40 sp=0x27c2b2ca4f20 pc=0x55663e8de0ae
runtime.gcBgMarkWorker(0x27c2b2d02070)
	/usr/lib/golang/src/runtime/mgc.go:1791 +0xeb fp=0x27c2b2ca4fc8 sp=0x27c2b2ca4f40 pc=0x55663e88692b
runtime.gcBgMarkStartWorkers.gowrap1()
	/usr/lib/golang/src/runtime/mgc.go:1695 +0x17 fp=0x27c2b2ca4fe0 sp=0x27c2b2ca4fc8 pc=0x55663e886817
runtime.goexit({})
	/usr/lib/golang/src/runtime/asm_amd64.s:1771 +0x1 fp=0x27c2b2ca4fe8 sp=0x27c2b2ca4fe0 pc=0x55663e8e5b41
created by runtime.gcBgMarkStartWorkers in goroutine 1
	/usr/lib/golang/src/runtime/mgc.go:1695 +0x105

goroutine 62 gp=0x27c2b2d23a40 m=nil [GC worker (idle)]:
runtime.gopark(0x0?, 0x0?, 0x0?, 0x0?, 0x0?)
	/usr/lib/golang/src/runtime/proc.go:462 +0xce fp=0x27c2b2d2df40 sp=0x27c2b2d2df20 pc=0x55663e8de0ae
runtime.gcBgMarkWorker(0x27c2b2d02070)
	/usr/lib/golang/src/runtime/mgc.go:1791 +0xeb fp=0x27c2b2d2dfc8 sp=0x27c2b2d2df40 pc=0x55663e88692b
runtime.gcBgMarkStartWorkers.gowrap1()
	/usr/lib/golang/src/runtime/mgc.go:1695 +0x17 fp=0x27c2b2d2dfe0 sp=0x27c2b2d2dfc8 pc=0x55663e886817
runtime.goexit({})
	/usr/lib/golang/src/runtime/asm_amd64.s:1771 +0x1 fp=0x27c2b2d2dfe8 sp=0x27c2b2d2dfe0 pc=0x55663e8e5b41
created by runtime.gcBgMarkStartWorkers in goroutine 1
	/usr/lib/golang/src/runtime/mgc.go:1695 +0x105

goroutine 124 gp=0x27c2b2d852c0 m=nil [GC worker (idle)]:
runtime.gopark(0x0?, 0x0?, 0x0?, 0x0?, 0x0?)
	/usr/lib/golang/src/runtime/proc.go:462 +0xce fp=0x27c2b2ca5740 sp=0x27c2b2ca5720 pc=0x55663e8de0ae
runtime.gcBgMarkWorker(0x27c2b2d02070)
	/usr/lib/golang/src/runtime/mgc.go:1791 +0xeb fp=0x27c2b2ca57c8 sp=0x27c2b2ca5740 pc=0x55663e88692b
runtime.gcBgMarkStartWorkers.gowrap1()
	/usr/lib/golang/src/runtime/mgc.go:1695 +0x17 fp=0x27c2b2ca57e0 sp=0x27c2b2ca57c8 pc=0x55663e886817
runtime.goexit({})
	/usr/lib/golang/src/runtime/asm_amd64.s:1771 +0x1 fp=0x27c2b2ca57e8 sp=0x27c2b2ca57e0 pc=0x55663e8e5b41
created by runtime.gcBgMarkStartWorkers in goroutine 1
	/usr/lib/golang/src/runtime/mgc.go:1695 +0x105

goroutine 63 gp=0x27c2b2d23c20 m=nil [GC worker (idle)]:
runtime.gopark(0x0?, 0x0?, 0x0?, 0x0?, 0x0?)
	/usr/lib/golang/src/runtime/proc.go:462 +0xce fp=0x27c2b2d2e740 sp=0x27c2b2d2e720 pc=0x55663e8de0ae
runtime.gcBgMarkWorker(0x27c2b2d02070)
	/usr/lib/golang/src/runtime/mgc.go:1791 +0xeb fp=0x27c2b2d2e7c8 sp=0x27c2b2d2e740 pc=0x55663e88692b
runtime.gcBgMarkStartWorkers.gowrap1()
	/usr/lib/golang/src/runtime/mgc.go:1695 +0x17 fp=0x27c2b2d2e7e0 sp=0x27c2b2d2e7c8 pc=0x55663e886817
runtime.goexit({})
	/usr/lib/golang/src/runtime/asm_amd64.s:1771 +0x1 fp=0x27c2b2d2e7e8 sp=0x27c2b2d2e7e0 pc=0x55663e8e5b41
created by runtime.gcBgMarkStartWorkers in goroutine 1
	/usr/lib/golang/src/runtime/mgc.go:1695 +0x105

goroutine 64 gp=0x27c2b2d30000 m=nil [GC worker (idle)]:
runtime.gopark(0x0?, 0x0?, 0x0?, 0x0?, 0x0?)
	/usr/lib/golang/src/runtime/proc.go:462 +0xce fp=0x27c2b2d2ef40 sp=0x27c2b2d2ef20 pc=0x55663e8de0ae
runtime.gcBgMarkWorker(0x27c2b2d02070)
	/usr/lib/golang/src/runtime/mgc.go:1791 +0xeb fp=0x27c2b2d2efc8 sp=0x27c2b2d2ef40 pc=0x55663e88692b
runtime.gcBgMarkStartWorkers.gowrap1()
	/usr/lib/golang/src/runtime/mgc.go:1695 +0x17 fp=0x27c2b2d2efe0 sp=0x27c2b2d2efc8 pc=0x55663e886817
runtime.goexit({})
	/usr/lib/golang/src/runtime/asm_amd64.s:1771 +0x1 fp=0x27c2b2d2efe8 sp=0x27c2b2d2efe0 pc=0x55663e8e5b41
created by runtime.gcBgMarkStartWorkers in goroutine 1
	/usr/lib/golang/src/runtime/mgc.go:1695 +0x105

goroutine 65 gp=0x27c2b2d301e0 m=nil [GC worker (idle)]:
runtime.gopark(0x0?, 0x0?, 0x0?, 0x0?, 0x0?)
	/usr/lib/golang/src/runtime/proc.go:462 +0xce fp=0x27c2b2d2f740 sp=0x27c2b2d2f720 pc=0x55663e8de0ae
runtime.gcBgMarkWorker(0x27c2b2d02070)
	/usr/lib/golang/src/runtime/mgc.go:1791 +0xeb fp=0x27c2b2d2f7c8 sp=0x27c2b2d2f740 pc=0x55663e88692b
runtime.gcBgMarkStartWorkers.gowrap1()
	/usr/lib/golang/src/runtime/mgc.go:1695 +0x17 fp=0x27c2b2d2f7e0 sp=0x27c2b2d2f7c8 pc=0x55663e886817
runtime.goexit({})
	/usr/lib/golang/src/runtime/asm_amd64.s:1771 +0x1 fp=0x27c2b2d2f7e8 sp=0x27c2b2d2f7e0 pc=0x55663e8e5b41
created by runtime.gcBgMarkStartWorkers in goroutine 1
	/usr/lib/golang/src/runtime/mgc.go:1695 +0x105

goroutine 130 gp=0x27c2b2cae3c0 m=nil [GC worker (idle)]:
runtime.gopark(0x0?, 0x0?, 0x0?, 0x0?, 0x0?)
	/usr/lib/golang/src/runtime/proc.go:462 +0xce fp=0x27c2b2cb4740 sp=0x27c2b2cb4720 pc=0x55663e8de0ae
runtime.gcBgMarkWorker(0x27c2b2d02070)
	/usr/lib/golang/src/runtime/mgc.go:1791 +0xeb fp=0x27c2b2cb47c8 sp=0x27c2b2cb4740 pc=0x55663e88692b
runtime.gcBgMarkStartWorkers.gowrap1()
	/usr/lib/golang/src/runtime/mgc.go:1695 +0x17 fp=0x27c2b2cb47e0 sp=0x27c2b2cb47c8 pc=0x55663e886817
runtime.goexit({})
	/usr/lib/golang/src/runtime/asm_amd64.s:1771 +0x1 fp=0x27c2b2cb47e8 sp=0x27c2b2cb47e0 pc=0x55663e8e5b41
created by runtime.gcBgMarkStartWorkers in goroutine 1
	/usr/lib/golang/src/runtime/mgc.go:1695 +0x105

goroutine 131 gp=0x27c2b2cae5a0 m=nil [GC worker (idle)]:
runtime.gopark(0x0?, 0x0?, 0x0?, 0x0?, 0x0?)
	/usr/lib/golang/src/runtime/proc.go:462 +0xce fp=0x27c2b2cb4f40 sp=0x27c2b2cb4f20 pc=0x55663e8de0ae
runtime.gcBgMarkWorker(0x27c2b2d02070)
	/usr/lib/golang/src/runtime/mgc.go:1791 +0xeb fp=0x27c2b2cb4fc8 sp=0x27c2b2cb4f40 pc=0x55663e88692b
runtime.gcBgMarkStartWorkers.gowrap1()
	/usr/lib/golang/src/runtime/mgc.go:1695 +0x17 fp=0x27c2b2cb4fe0 sp=0x27c2b2cb4fc8 pc=0x55663e886817
runtime.goexit({})
	/usr/lib/golang/src/runtime/asm_amd64.s:1771 +0x1 fp=0x27c2b2cb4fe8 sp=0x27c2b2cb4fe0 pc=0x55663e8e5b41
created by runtime.gcBgMarkStartWorkers in goroutine 1
	/usr/lib/golang/src/runtime/mgc.go:1695 +0x105

goroutine 132 gp=0x27c2b2cae780 m=nil [GC worker (idle)]:
runtime.gopark(0x0?, 0x0?, 0x0?, 0x0?, 0x0?)
	/usr/lib/golang/src/runtime/proc.go:462 +0xce fp=0x27c2b2cb5740 sp=0x27c2b2cb5720 pc=0x55663e8de0ae
runtime.gcBgMarkWorker(0x27c2b2d02070)
	/usr/lib/golang/src/runtime/mgc.go:1791 +0xeb fp=0x27c2b2cb57c8 sp=0x27c2b2cb5740 pc=0x55663e88692b
runtime.gcBgMarkStartWorkers.gowrap1()
	/usr/lib/golang/src/runtime/mgc.go:1695 +0x17 fp=0x27c2b2cb57e0 sp=0x27c2b2cb57c8 pc=0x55663e886817
runtime.goexit({})
	/usr/lib/golang/src/runtime/asm_amd64.s:1771 +0x1 fp=0x27c2b2cb57e8 sp=0x27c2b2cb57e0 pc=0x55663e8e5b41
created by runtime.gcBgMarkStartWorkers in goroutine 1
	/usr/lib/golang/src/runtime/mgc.go:1695 +0x105

goroutine 133 gp=0x27c2b2cae960 m=nil [GC worker (idle)]:
runtime.gopark(0x0?, 0x0?, 0x0?, 0x0?, 0x0?)
	/usr/lib/golang/src/runtime/proc.go:462 +0xce fp=0x27c2b2cb5f40 sp=0x27c2b2cb5f20 pc=0x55663e8de0ae
runtime.gcBgMarkWorker(0x27c2b2d02070)
	/usr/lib/golang/src/runtime/mgc.go:1791 +0xeb fp=0x27c2b2cb5fc8 sp=0x27c2b2cb5f40 pc=0x55663e88692b
runtime.gcBgMarkStartWorkers.gowrap1()
	/usr/lib/golang/src/runtime/mgc.go:1695 +0x17 fp=0x27c2b2cb5fe0 sp=0x27c2b2cb5fc8 pc=0x55663e886817
runtime.goexit({})
	/usr/lib/golang/src/runtime/asm_amd64.s:1771 +0x1 fp=0x27c2b2cb5fe8 sp=0x27c2b2cb5fe0 pc=0x55663e8e5b41
created by runtime.gcBgMarkStartWorkers in goroutine 1
	/usr/lib/golang/src/runtime/mgc.go:1695 +0x105

goroutine 134 gp=0x27c2b2caeb40 m=nil [GC worker (idle)]:
runtime.gopark(0x0?, 0x0?, 0x0?, 0x0?, 0x0?)
	/usr/lib/golang/src/runtime/proc.go:462 +0xce fp=0x27c2b2cb6740 sp=0x27c2b2cb6720 pc=0x55663e8de0ae
runtime.gcBgMarkWorker(0x27c2b2d02070)
	/usr/lib/golang/src/runtime/mgc.go:1791 +0xeb fp=0x27c2b2cb67c8 sp=0x27c2b2cb6740 pc=0x55663e88692b
runtime.gcBgMarkStartWorkers.gowrap1()
	/usr/lib/golang/src/runtime/mgc.go:1695 +0x17 fp=0x27c2b2cb67e0 sp=0x27c2b2cb67c8 pc=0x55663e886817
runtime.goexit({})
	/usr/lib/golang/src/runtime/asm_amd64.s:1771 +0x1 fp=0x27c2b2cb67e8 sp=0x27c2b2cb67e0 pc=0x55663e8e5b41
created by runtime.gcBgMarkStartWorkers in goroutine 1
	/usr/lib/golang/src/runtime/mgc.go:1695 +0x105

goroutine 135 gp=0x27c2b2caed20 m=nil [GC worker (idle)]:
runtime.gopark(0x0?, 0x0?, 0x0?, 0x0?, 0x0?)
	/usr/lib/golang/src/runtime/proc.go:462 +0xce fp=0x27c2b2cb6f40 sp=0x27c2b2cb6f20 pc=0x55663e8de0ae
runtime.gcBgMarkWorker(0x27c2b2d02070)
	/usr/lib/golang/src/runtime/mgc.go:1791 +0xeb fp=0x27c2b2cb6fc8 sp=0x27c2b2cb6f40 pc=0x55663e88692b
runtime.gcBgMarkStartWorkers.gowrap1()
	/usr/lib/golang/src/runtime/mgc.go:1695 +0x17 fp=0x27c2b2cb6fe0 sp=0x27c2b2cb6fc8 pc=0x55663e886817
runtime.goexit({})
	/usr/lib/golang/src/runtime/asm_amd64.s:1771 +0x1 fp=0x27c2b2cb6fe8 sp=0x27c2b2cb6fe0 pc=0x55663e8e5b41
created by runtime.gcBgMarkStartWorkers in goroutine 1
	/usr/lib/golang/src/runtime/mgc.go:1695 +0x105

goroutine 136 gp=0x27c2b2caef00 m=nil [GC worker (idle)]:
runtime.gopark(0x0?, 0x0?, 0x0?, 0x0?, 0x0?)
	/usr/lib/golang/src/runtime/proc.go:462 +0xce fp=0x27c2b2cb7740 sp=0x27c2b2cb7720 pc=0x55663e8de0ae
runtime.gcBgMarkWorker(0x27c2b2d02070)
	/usr/lib/golang/src/runtime/mgc.go:1791 +0xeb fp=0x27c2b2cb77c8 sp=0x27c2b2cb7740 pc=0x55663e88692b
runtime.gcBgMarkStartWorkers.gowrap1()
	/usr/lib/golang/src/runtime/mgc.go:1695 +0x17 fp=0x27c2b2cb77e0 sp=0x27c2b2cb77c8 pc=0x55663e886817
runtime.goexit({})
	/usr/lib/golang/src/runtime/asm_amd64.s:1771 +0x1 fp=0x27c2b2cb77e8 sp=0x27c2b2cb77e0 pc=0x55663e8e5b41
created by runtime.gcBgMarkStartWorkers in goroutine 1
	/usr/lib/golang/src/runtime/mgc.go:1695 +0x105

goroutine 137 gp=0x27c2b2caf0e0 m=nil [GC worker (idle)]:
runtime.gopark(0x0?, 0x0?, 0x0?, 0x0?, 0x0?)
	/usr/lib/golang/src/runtime/proc.go:462 +0xce fp=0x27c2b2cb7f40 sp=0x27c2b2cb7f20 pc=0x55663e8de0ae
runtime.gcBgMarkWorker(0x27c2b2d02070)
	/usr/lib/golang/src/runtime/mgc.go:1791 +0xeb fp=0x27c2b2cb7fc8 sp=0x27c2b2cb7f40 pc=0x55663e88692b
runtime.gcBgMarkStartWorkers.gowrap1()
	/usr/lib/golang/src/runtime/mgc.go:1695 +0x17 fp=0x27c2b2cb7fe0 sp=0x27c2b2cb7fc8 pc=0x55663e886817
runtime.goexit({})
	/usr/lib/golang/src/runtime/asm_amd64.s:1771 +0x1 fp=0x27c2b2cb7fe8 sp=0x27c2b2cb7fe0 pc=0x55663e8e5b41
created by runtime.gcBgMarkStartWorkers in goroutine 1
	/usr/lib/golang/src/runtime/mgc.go:1695 +0x105

goroutine 138 gp=0x27c2b2caf2c0 m=nil [GC worker (idle)]:
runtime.gopark(0x0?, 0x0?, 0x0?, 0x0?, 0x0?)
	/usr/lib/golang/src/runtime/proc.go:462 +0xce fp=0x27c2b2cb0740 sp=0x27c2b2cb0720 pc=0x55663e8de0ae
runtime.gcBgMarkWorker(0x27c2b2d02070)
	/usr/lib/golang/src/runtime/mgc.go:1791 +0xeb fp=0x27c2b2cb07c8 sp=0x27c2b2cb0740 pc=0x55663e88692b
runtime.gcBgMarkStartWorkers.gowrap1()
	/usr/lib/golang/src/runtime/mgc.go:1695 +0x17 fp=0x27c2b2cb07e0 sp=0x27c2b2cb07c8 pc=0x55663e886817
runtime.goexit({})
	/usr/lib/golang/src/runtime/asm_amd64.s:1771 +0x1 fp=0x27c2b2cb07e8 sp=0x27c2b2cb07e0 pc=0x55663e8e5b41
created by runtime.gcBgMarkStartWorkers in goroutine 1
	/usr/lib/golang/src/runtime/mgc.go:1695 +0x105

goroutine 139 gp=0x27c2b2caf4a0 m=nil [GC worker (idle)]:
runtime.gopark(0x0?, 0x0?, 0x0?, 0x0?, 0x0?)
	/usr/lib/golang/src/runtime/proc.go:462 +0xce fp=0x27c2b2cb0f40 sp=0x27c2b2cb0f20 pc=0x55663e8de0ae
runtime.gcBgMarkWorker(0x27c2b2d02070)
	/usr/lib/golang/src/runtime/mgc.go:1791 +0xeb fp=0x27c2b2cb0fc8 sp=0x27c2b2cb0f40 pc=0x55663e88692b
runtime.gcBgMarkStartWorkers.gowrap1()
	/usr/lib/golang/src/runtime/mgc.go:1695 +0x17 fp=0x27c2b2cb0fe0 sp=0x27c2b2cb0fc8 pc=0x55663e886817
runtime.goexit({})
	/usr/lib/golang/src/runtime/asm_amd64.s:1771 +0x1 fp=0x27c2b2cb0fe8 sp=0x27c2b2cb0fe0 pc=0x55663e8e5b41
created by runtime.gcBgMarkStartWorkers in goroutine 1
	/usr/lib/golang/src/runtime/mgc.go:1695 +0x105

goroutine 140 gp=0x27c2b2caf680 m=nil [GC worker (idle)]:
runtime.gopark(0x0?, 0x0?, 0x0?, 0x0?, 0x0?)
	/usr/lib/golang/src/runtime/proc.go:462 +0xce fp=0x27c2b2cb1740 sp=0x27c2b2cb1720 pc=0x55663e8de0ae
runtime.gcBgMarkWorker(0x27c2b2d02070)
	/usr/lib/golang/src/runtime/mgc.go:1791 +0xeb fp=0x27c2b2cb17c8 sp=0x27c2b2cb1740 pc=0x55663e88692b
runtime.gcBgMarkStartWorkers.gowrap1()
	/usr/lib/golang/src/runtime/mgc.go:1695 +0x17 fp=0x27c2b2cb17e0 sp=0x27c2b2cb17c8 pc=0x55663e886817
runtime.goexit({})
	/usr/lib/golang/src/runtime/asm_amd64.s:1771 +0x1 fp=0x27c2b2cb17e8 sp=0x27c2b2cb17e0 pc=0x55663e8e5b41
created by runtime.gcBgMarkStartWorkers in goroutine 1
	/usr/lib/golang/src/runtime/mgc.go:1695 +0x105

goroutine 141 gp=0x27c2b2caf860 m=nil [GC worker (idle)]:
runtime.gopark(0x0?, 0x0?, 0x0?, 0x0?, 0x0?)
	/usr/lib/golang/src/runtime/proc.go:462 +0xce fp=0x27c2b2cb1f40 sp=0x27c2b2cb1f20 pc=0x55663e8de0ae
runtime.gcBgMarkWorker(0x27c2b2d02070)
	/usr/lib/golang/src/runtime/mgc.go:1791 +0xeb fp=0x27c2b2cb1fc8 sp=0x27c2b2cb1f40 pc=0x55663e88692b
runtime.gcBgMarkStartWorkers.gowrap1()
	/usr/lib/golang/src/runtime/mgc.go:1695 +0x17 fp=0x27c2b2cb1fe0 sp=0x27c2b2cb1fc8 pc=0x55663e886817
runtime.goexit({})
	/usr/lib/golang/src/runtime/asm_amd64.s:1771 +0x1 fp=0x27c2b2cb1fe8 sp=0x27c2b2cb1fe0 pc=0x55663e8e5b41
created by runtime.gcBgMarkStartWorkers in goroutine 1
	/usr/lib/golang/src/runtime/mgc.go:1695 +0x105

goroutine 142 gp=0x27c2b2cafa40 m=nil [GC worker (idle)]:
runtime.gopark(0x0?, 0x0?, 0x0?, 0x0?, 0x0?)
	/usr/lib/golang/src/runtime/proc.go:462 +0xce fp=0x27c2b2cb2740 sp=0x27c2b2cb2720 pc=0x55663e8de0ae
runtime.gcBgMarkWorker(0x27c2b2d02070)
	/usr/lib/golang/src/runtime/mgc.go:1791 +0xeb fp=0x27c2b2cb27c8 sp=0x27c2b2cb2740 pc=0x55663e88692b
runtime.gcBgMarkStartWorkers.gowrap1()
	/usr/lib/golang/src/runtime/mgc.go:1695 +0x17 fp=0x27c2b2cb27e0 sp=0x27c2b2cb27c8 pc=0x55663e886817
runtime.goexit({})
	/usr/lib/golang/src/runtime/asm_amd64.s:1771 +0x1 fp=0x27c2b2cb27e8 sp=0x27c2b2cb27e0 pc=0x55663e8e5b41
created by runtime.gcBgMarkStartWorkers in goroutine 1
	/usr/lib/golang/src/runtime/mgc.go:1695 +0x105

goroutine 143 gp=0x27c2b2cafc20 m=nil [GC worker (idle)]:
runtime.gopark(0x0?, 0x0?, 0x0?, 0x0?, 0x0?)
	/usr/lib/golang/src/runtime/proc.go:462 +0xce fp=0x27c2b2cb2f40 sp=0x27c2b2cb2f20 pc=0x55663e8de0ae
runtime.gcBgMarkWorker(0x27c2b2d02070)
	/usr/lib/golang/src/runtime/mgc.go:1791 +0xeb fp=0x27c2b2cb2fc8 sp=0x27c2b2cb2f40 pc=0x55663e88692b
runtime.gcBgMarkStartWorkers.gowrap1()
	/usr/lib/golang/src/runtime/mgc.go:1695 +0x17 fp=0x27c2b2cb2fe0 sp=0x27c2b2cb2fc8 pc=0x55663e886817
runtime.goexit({})
	/usr/lib/golang/src/runtime/asm_amd64.s:1771 +0x1 fp=0x27c2b2cb2fe8 sp=0x27c2b2cb2fe0 pc=0x55663e8e5b41
created by runtime.gcBgMarkStartWorkers in goroutine 1
	/usr/lib/golang/src/runtime/mgc.go:1695 +0x105

goroutine 146 gp=0x27c2b2d303c0 m=nil [GC worker (idle)]:
runtime.gopark(0x0?, 0x0?, 0x0?, 0x0?, 0x0?)
	/usr/lib/golang/src/runtime/proc.go:462 +0xce fp=0x27c2b2d2ff40 sp=0x27c2b2d2ff20 pc=0x55663e8de0ae
runtime.gcBgMarkWorker(0x27c2b2d02070)
	/usr/lib/golang/src/runtime/mgc.go:1791 +0xeb fp=0x27c2b2d2ffc8 sp=0x27c2b2d2ff40 pc=0x55663e88692b
runtime.gcBgMarkStartWorkers.gowrap1()
	/usr/lib/golang/src/runtime/mgc.go:1695 +0x17 fp=0x27c2b2d2ffe0 sp=0x27c2b2d2ffc8 pc=0x55663e886817
runtime.goexit({})
	/usr/lib/golang/src/runtime/asm_amd64.s:1771 +0x1 fp=0x27c2b2d2ffe8 sp=0x27c2b2d2ffe0 pc=0x55663e8e5b41
created by runtime.gcBgMarkStartWorkers in goroutine 1
	/usr/lib/golang/src/runtime/mgc.go:1695 +0x105

goroutine 144 gp=0x27c2b2cba000 m=nil [GC worker (idle)]:
runtime.gopark(0x0?, 0x0?, 0x0?, 0x0?, 0x0?)
	/usr/lib/golang/src/runtime/proc.go:462 +0xce fp=0x27c2b2cb3740 sp=0x27c2b2cb3720 pc=0x55663e8de0ae
runtime.gcBgMarkWorker(0x27c2b2d02070)
	/usr/lib/golang/src/runtime/mgc.go:1791 +0xeb fp=0x27c2b2cb37c8 sp=0x27c2b2cb3740 pc=0x55663e88692b
runtime.gcBgMarkStartWorkers.gowrap1()
	/usr/lib/golang/src/runtime/mgc.go:1695 +0x17 fp=0x27c2b2cb37e0 sp=0x27c2b2cb37c8 pc=0x55663e886817
runtime.goexit({})
	/usr/lib/golang/src/runtime/asm_amd64.s:1771 +0x1 fp=0x27c2b2cb37e8 sp=0x27c2b2cb37e0 pc=0x55663e8e5b41
created by runtime.gcBgMarkStartWorkers in goroutine 1
	/usr/lib/golang/src/runtime/mgc.go:1695 +0x105

goroutine 145 gp=0x27c2b2cba1e0 m=nil [GC worker (idle)]:
runtime.gopark(0x0?, 0x0?, 0x0?, 0x0?, 0x0?)
	/usr/lib/golang/src/runtime/proc.go:462 +0xce fp=0x27c2b2cb3f40 sp=0x27c2b2cb3f20 pc=0x55663e8de0ae
runtime.gcBgMarkWorker(0x27c2b2d02070)
	/usr/lib/golang/src/runtime/mgc.go:1791 +0xeb fp=0x27c2b2cb3fc8 sp=0x27c2b2cb3f40 pc=0x55663e88692b
runtime.gcBgMarkStartWorkers.gowrap1()
	/usr/lib/golang/src/runtime/mgc.go:1695 +0x17 fp=0x27c2b2cb3fe0 sp=0x27c2b2cb3fc8 pc=0x55663e886817
runtime.goexit({})
	/usr/lib/golang/src/runtime/asm_amd64.s:1771 +0x1 fp=0x27c2b2cb3fe8 sp=0x27c2b2cb3fe0 pc=0x55663e8e5b41
created by runtime.gcBgMarkStartWorkers in goroutine 1
	/usr/lib/golang/src/runtime/mgc.go:1695 +0x105

goroutine 162 gp=0x27c2b2cba3c0 m=nil [GC worker (idle)]:
runtime.gopark(0x0?, 0x0?, 0x0?, 0x0?, 0x0?)
	/usr/lib/golang/src/runtime/proc.go:462 +0xce fp=0x27c2b2cc0740 sp=0x27c2b2cc0720 pc=0x55663e8de0ae
runtime.gcBgMarkWorker(0x27c2b2d02070)
	/usr/lib/golang/src/runtime/mgc.go:1791 +0xeb fp=0x27c2b2cc07c8 sp=0x27c2b2cc0740 pc=0x55663e88692b
runtime.gcBgMarkStartWorkers.gowrap1()
	/usr/lib/golang/src/runtime/mgc.go:1695 +0x17 fp=0x27c2b2cc07e0 sp=0x27c2b2cc07c8 pc=0x55663e886817
runtime.goexit({})
	/usr/lib/golang/src/runtime/asm_amd64.s:1771 +0x1 fp=0x27c2b2cc07e8 sp=0x27c2b2cc07e0 pc=0x55663e8e5b41
created by runtime.gcBgMarkStartWorkers in goroutine 1
	/usr/lib/golang/src/runtime/mgc.go:1695 +0x105

goroutine 163 gp=0x27c2b2cba5a0 m=nil [GC worker (idle)]:
runtime.gopark(0x0?, 0x0?, 0x0?, 0x0?, 0x0?)
	/usr/lib/golang/src/runtime/proc.go:462 +0xce fp=0x27c2b2cc0f40 sp=0x27c2b2cc0f20 pc=0x55663e8de0ae
runtime.gcBgMarkWorker(0x27c2b2d02070)
	/usr/lib/golang/src/runtime/mgc.go:1791 +0xeb fp=0x27c2b2cc0fc8 sp=0x27c2b2cc0f40 pc=0x55663e88692b
runtime.gcBgMarkStartWorkers.gowrap1()
	/usr/lib/golang/src/runtime/mgc.go:1695 +0x17 fp=0x27c2b2cc0fe0 sp=0x27c2b2cc0fc8 pc=0x55663e886817
runtime.goexit({})
	/usr/lib/golang/src/runtime/asm_amd64.s:1771 +0x1 fp=0x27c2b2cc0fe8 sp=0x27c2b2cc0fe0 pc=0x55663e8e5b41
created by runtime.gcBgMarkStartWorkers in goroutine 1
	/usr/lib/golang/src/runtime/mgc.go:1695 +0x105

goroutine 164 gp=0x27c2b2cba780 m=nil [GC worker (idle)]:
runtime.gopark(0x0?, 0x0?, 0x0?, 0x0?, 0x0?)
	/usr/lib/golang/src/runtime/proc.go:462 +0xce fp=0x27c2b2cc1740 sp=0x27c2b2cc1720 pc=0x55663e8de0ae
runtime.gcBgMarkWorker(0x27c2b2d02070)
	/usr/lib/golang/src/runtime/mgc.go:1791 +0xeb fp=0x27c2b2cc17c8 sp=0x27c2b2cc1740 pc=0x55663e88692b
runtime.gcBgMarkStartWorkers.gowrap1()
	/usr/lib/golang/src/runtime/mgc.go:1695 +0x17 fp=0x27c2b2cc17e0 sp=0x27c2b2cc17c8 pc=0x55663e886817
runtime.goexit({})
	/usr/lib/golang/src/runtime/asm_amd64.s:1771 +0x1 fp=0x27c2b2cc17e8 sp=0x27c2b2cc17e0 pc=0x55663e8e5b41
created by runtime.gcBgMarkStartWorkers in goroutine 1
	/usr/lib/golang/src/runtime/mgc.go:1695 +0x105

goroutine 97 gp=0x27c2b2c570e0 m=nil [GC worker (idle)]:
runtime.gopark(0x0?, 0x0?, 0x0?, 0x0?, 0x0?)
	/usr/lib/golang/src/runtime/proc.go:462 +0xce fp=0x27c2b2d89f40 sp=0x27c2b2d89f20 pc=0x55663e8de0ae
runtime.gcBgMarkWorker(0x27c2b2d02070)
	/usr/lib/golang/src/runtime/mgc.go:1791 +0xeb fp=0x27c2b2d89fc8 sp=0x27c2b2d89f40 pc=0x55663e88692b
runtime.gcBgMarkStartWorkers.gowrap1()
	/usr/lib/golang/src/runtime/mgc.go:1695 +0x17 fp=0x27c2b2d89fe0 sp=0x27c2b2d89fc8 pc=0x55663e886817
runtime.goexit({})
	/usr/lib/golang/src/runtime/asm_amd64.s:1771 +0x1 fp=0x27c2b2d89fe8 sp=0x27c2b2d89fe0 pc=0x55663e8e5b41
created by runtime.gcBgMarkStartWorkers in goroutine 1
	/usr/lib/golang/src/runtime/mgc.go:1695 +0x105

goroutine 125 gp=0x27c2b2d854a0 m=nil [GC worker (idle)]:
runtime.gopark(0x0?, 0x0?, 0x0?, 0x0?, 0x0?)
	/usr/lib/golang/src/runtime/proc.go:462 +0xce fp=0x27c2b2ca5f40 sp=0x27c2b2ca5f20 pc=0x55663e8de0ae
runtime.gcBgMarkWorker(0x27c2b2d02070)
	/usr/lib/golang/src/runtime/mgc.go:1791 +0xeb fp=0x27c2b2ca5fc8 sp=0x27c2b2ca5f40 pc=0x55663e88692b
runtime.gcBgMarkStartWorkers.gowrap1()
	/usr/lib/golang/src/runtime/mgc.go:1695 +0x17 fp=0x27c2b2ca5fe0 sp=0x27c2b2ca5fc8 pc=0x55663e886817
runtime.goexit({})
	/usr/lib/golang/src/runtime/asm_amd64.s:1771 +0x1 fp=0x27c2b2ca5fe8 sp=0x27c2b2ca5fe0 pc=0x55663e8e5b41
created by runtime.gcBgMarkStartWorkers in goroutine 1
	/usr/lib/golang/src/runtime/mgc.go:1695 +0x105

goroutine 126 gp=0x27c2b2d85680 m=nil [GC worker (idle)]:
runtime.gopark(0x0?, 0x0?, 0x0?, 0x0?, 0x0?)
	/usr/lib/golang/src/runtime/proc.go:462 +0xce fp=0x27c2b2ca6740 sp=0x27c2b2ca6720 pc=0x55663e8de0ae
runtime.gcBgMarkWorker(0x27c2b2d02070)
	/usr/lib/golang/src/runtime/mgc.go:1791 +0xeb fp=0x27c2b2ca67c8 sp=0x27c2b2ca6740 pc=0x55663e88692b
runtime.gcBgMarkStartWorkers.gowrap1()
	/usr/lib/golang/src/runtime/mgc.go:1695 +0x17 fp=0x27c2b2ca67e0 sp=0x27c2b2ca67c8 pc=0x55663e886817
runtime.goexit({})
	/usr/lib/golang/src/runtime/asm_amd64.s:1771 +0x1 fp=0x27c2b2ca67e8 sp=0x27c2b2ca67e0 pc=0x55663e8e5b41
created by runtime.gcBgMarkStartWorkers in goroutine 1
	/usr/lib/golang/src/runtime/mgc.go:1695 +0x105

goroutine 127 gp=0x27c2b2d85860 m=nil [GC worker (idle)]:
runtime.gopark(0x0?, 0x0?, 0x0?, 0x0?, 0x0?)
	/usr/lib/golang/src/runtime/proc.go:462 +0xce fp=0x27c2b2ca6f40 sp=0x27c2b2ca6f20 pc=0x55663e8de0ae
runtime.gcBgMarkWorker(0x27c2b2d02070)
	/usr/lib/golang/src/runtime/mgc.go:1791 +0xeb fp=0x27c2b2ca6fc8 sp=0x27c2b2ca6f40 pc=0x55663e88692b
runtime.gcBgMarkStartWorkers.gowrap1()
	/usr/lib/golang/src/runtime/mgc.go:1695 +0x17 fp=0x27c2b2ca6fe0 sp=0x27c2b2ca6fc8 pc=0x55663e886817
runtime.goexit({})
	/usr/lib/golang/src/runtime/asm_amd64.s:1771 +0x1 fp=0x27c2b2ca6fe8 sp=0x27c2b2ca6fe0 pc=0x55663e8e5b41
created by runtime.gcBgMarkStartWorkers in goroutine 1
	/usr/lib/golang/src/runtime/mgc.go:1695 +0x105

goroutine 128 gp=0x27c2b2d85a40 m=nil [GC worker (idle)]:
runtime.gopark(0x0?, 0x0?, 0x0?, 0x0?, 0x0?)
	/usr/lib/golang/src/runtime/proc.go:462 +0xce fp=0x27c2b2ca7740 sp=0x27c2b2ca7720 pc=0x55663e8de0ae
runtime.gcBgMarkWorker(0x27c2b2d02070)
	/usr/lib/golang/src/runtime/mgc.go:1791 +0xeb fp=0x27c2b2ca77c8 sp=0x27c2b2ca7740 pc=0x55663e88692b
runtime.gcBgMarkStartWorkers.gowrap1()
	/usr/lib/golang/src/runtime/mgc.go:1695 +0x17 fp=0x27c2b2ca77e0 sp=0x27c2b2ca77c8 pc=0x55663e886817
runtime.goexit({})
	/usr/lib/golang/src/runtime/asm_amd64.s:1771 +0x1 fp=0x27c2b2ca77e8 sp=0x27c2b2ca77e0 pc=0x55663e8e5b41
created by runtime.gcBgMarkStartWorkers in goroutine 1
	/usr/lib/golang/src/runtime/mgc.go:1695 +0x105

goroutine 129 gp=0x27c2b2d85c20 m=nil [GC worker (idle)]:
runtime.gopark(0x0?, 0x0?, 0x0?, 0x0?, 0x0?)
	/usr/lib/golang/src/runtime/proc.go:462 +0xce fp=0x27c2b2ca7f40 sp=0x27c2b2ca7f20 pc=0x55663e8de0ae
runtime.gcBgMarkWorker(0x27c2b2d02070)
	/usr/lib/golang/src/runtime/mgc.go:1791 +0xeb fp=0x27c2b2ca7fc8 sp=0x27c2b2ca7f40 pc=0x55663e88692b
runtime.gcBgMarkStartWorkers.gowrap1()
	/usr/lib/golang/src/runtime/mgc.go:1695 +0x17 fp=0x27c2b2ca7fe0 sp=0x27c2b2ca7fc8 pc=0x55663e886817
runtime.goexit({})
	/usr/lib/golang/src/runtime/asm_amd64.s:1771 +0x1 fp=0x27c2b2ca7fe8 sp=0x27c2b2ca7fe0 pc=0x55663e8e5b41
created by runtime.gcBgMarkStartWorkers in goroutine 1
	/usr/lib/golang/src/runtime/mgc.go:1695 +0x105

goroutine 178 gp=0x27c2b2d90000 m=nil [GC worker (idle)]:
runtime.gopark(0x0?, 0x0?, 0x0?, 0x0?, 0x0?)
	/usr/lib/golang/src/runtime/proc.go:462 +0xce fp=0x27c2b2cbc740 sp=0x27c2b2cbc720 pc=0x55663e8de0ae
runtime.gcBgMarkWorker(0x27c2b2d02070)
	/usr/lib/golang/src/runtime/mgc.go:1791 +0xeb fp=0x27c2b2cbc7c8 sp=0x27c2b2cbc740 pc=0x55663e88692b
runtime.gcBgMarkStartWorkers.gowrap1()
	/usr/lib/golang/src/runtime/mgc.go:1695 +0x17 fp=0x27c2b2cbc7e0 sp=0x27c2b2cbc7c8 pc=0x55663e886817
runtime.goexit({})
	/usr/lib/golang/src/runtime/asm_amd64.s:1771 +0x1 fp=0x27c2b2cbc7e8 sp=0x27c2b2cbc7e0 pc=0x55663e8e5b41
created by runtime.gcBgMarkStartWorkers in goroutine 1
	/usr/lib/golang/src/runtime/mgc.go:1695 +0x105

goroutine 179 gp=0x27c2b2d901e0 m=nil [GC worker (idle)]:
runtime.gopark(0x0?, 0x0?, 0x0?, 0x0?, 0x0?)
	/usr/lib/golang/src/runtime/proc.go:462 +0xce fp=0x27c2b2cbcf40 sp=0x27c2b2cbcf20 pc=0x55663e8de0ae
runtime.gcBgMarkWorker(0x27c2b2d02070)
	/usr/lib/golang/src/runtime/mgc.go:1791 +0xeb fp=0x27c2b2cbcfc8 sp=0x27c2b2cbcf40 pc=0x55663e88692b
runtime.gcBgMarkStartWorkers.gowrap1()
	/usr/lib/golang/src/runtime/mgc.go:1695 +0x17 fp=0x27c2b2cbcfe0 sp=0x27c2b2cbcfc8 pc=0x55663e886817
runtime.goexit({})
	/usr/lib/golang/src/runtime/asm_amd64.s:1771 +0x1 fp=0x27c2b2cbcfe8 sp=0x27c2b2cbcfe0 pc=0x55663e8e5b41
created by runtime.gcBgMarkStartWorkers in goroutine 1
	/usr/lib/golang/src/runtime/mgc.go:1695 +0x105

goroutine 194 gp=0x27c2b2c572c0 m=nil [GC worker (idle)]:
runtime.gopark(0x0?, 0x0?, 0x0?, 0x0?, 0x0?)
	/usr/lib/golang/src/runtime/proc.go:462 +0xce fp=0x27c2b2c62740 sp=0x27c2b2c62720 pc=0x55663e8de0ae
runtime.gcBgMarkWorker(0x27c2b2d02070)
	/usr/lib/golang/src/runtime/mgc.go:1791 +0xeb fp=0x27c2b2c627c8 sp=0x27c2b2c62740 pc=0x55663e88692b
runtime.gcBgMarkStartWorkers.gowrap1()
	/usr/lib/golang/src/runtime/mgc.go:1695 +0x17 fp=0x27c2b2c627e0 sp=0x27c2b2c627c8 pc=0x55663e886817
runtime.goexit({})
	/usr/lib/golang/src/runtime/asm_amd64.s:1771 +0x1 fp=0x27c2b2c627e8 sp=0x27c2b2c627e0 pc=0x55663e8e5b41
created by runtime.gcBgMarkStartWorkers in goroutine 1
	/usr/lib/golang/src/runtime/mgc.go:1695 +0x105

goroutine 195 gp=0x27c2b2c574a0 m=nil [GC worker (idle)]:
runtime.gopark(0x0?, 0x0?, 0x0?, 0x0?, 0x0?)
	/usr/lib/golang/src/runtime/proc.go:462 +0xce fp=0x27c2b2c62f40 sp=0x27c2b2c62f20 pc=0x55663e8de0ae
runtime.gcBgMarkWorker(0x27c2b2d02070)
	/usr/lib/golang/src/runtime/mgc.go:1791 +0xeb fp=0x27c2b2c62fc8 sp=0x27c2b2c62f40 pc=0x55663e88692b
runtime.gcBgMarkStartWorkers.gowrap1()
	/usr/lib/golang/src/runtime/mgc.go:1695 +0x17 fp=0x27c2b2c62fe0 sp=0x27c2b2c62fc8 pc=0x55663e886817
runtime.goexit({})
	/usr/lib/golang/src/runtime/asm_amd64.s:1771 +0x1 fp=0x27c2b2c62fe8 sp=0x27c2b2c62fe0 pc=0x55663e8e5b41
created by runtime.gcBgMarkStartWorkers in goroutine 1
	/usr/lib/golang/src/runtime/mgc.go:1695 +0x105

goroutine 196 gp=0x27c2b2c57680 m=nil [GC worker (idle)]:
runtime.gopark(0x0?, 0x0?, 0x0?, 0x0?, 0x0?)
	/usr/lib/golang/src/runtime/proc.go:462 +0xce fp=0x27c2b2c63740 sp=0x27c2b2c63720 pc=0x55663e8de0ae
runtime.gcBgMarkWorker(0x27c2b2d02070)
	/usr/lib/golang/src/runtime/mgc.go:1791 +0xeb fp=0x27c2b2c637c8 sp=0x27c2b2c63740 pc=0x55663e88692b
runtime.gcBgMarkStartWorkers.gowrap1()
	/usr/lib/golang/src/runtime/mgc.go:1695 +0x17 fp=0x27c2b2c637e0 sp=0x27c2b2c637c8 pc=0x55663e886817
runtime.goexit({})
	/usr/lib/golang/src/runtime/asm_amd64.s:1771 +0x1 fp=0x27c2b2c637e8 sp=0x27c2b2c637e0 pc=0x55663e8e5b41
created by runtime.gcBgMarkStartWorkers in goroutine 1
	/usr/lib/golang/src/runtime/mgc.go:1695 +0x105

goroutine 197 gp=0x27c2b2c57860 m=nil [GC worker (idle)]:
runtime.gopark(0x0?, 0x0?, 0x0?, 0x0?, 0x0?)
	/usr/lib/golang/src/runtime/proc.go:462 +0xce fp=0x27c2b2c63f40 sp=0x27c2b2c63f20 pc=0x55663e8de0ae
runtime.gcBgMarkWorker(0x27c2b2d02070)
	/usr/lib/golang/src/runtime/mgc.go:1791 +0xeb fp=0x27c2b2c63fc8 sp=0x27c2b2c63f40 pc=0x55663e88692b
runtime.gcBgMarkStartWorkers.gowrap1()
	/usr/lib/golang/src/runtime/mgc.go:1695 +0x17 fp=0x27c2b2c63fe0 sp=0x27c2b2c63fc8 pc=0x55663e886817
runtime.goexit({})
	/usr/lib/golang/src/runtime/asm_amd64.s:1771 +0x1 fp=0x27c2b2c63fe8 sp=0x27c2b2c63fe0 pc=0x55663e8e5b41
created by runtime.gcBgMarkStartWorkers in goroutine 1
	/usr/lib/golang/src/runtime/mgc.go:1695 +0x105

goroutine 198 gp=0x27c2b2c57a40 m=nil [GC worker (idle)]:
runtime.gopark(0x0?, 0x0?, 0x0?, 0x0?, 0x0?)
	/usr/lib/golang/src/runtime/proc.go:462 +0xce fp=0x27c2b2c64740 sp=0x27c2b2c64720 pc=0x55663e8de0ae
runtime.gcBgMarkWorker(0x27c2b2d02070)
	/usr/lib/golang/src/runtime/mgc.go:1791 +0xeb fp=0x27c2b2c647c8 sp=0x27c2b2c64740 pc=0x55663e88692b
runtime.gcBgMarkStartWorkers.gowrap1()
	/usr/lib/golang/src/runtime/mgc.go:1695 +0x17 fp=0x27c2b2c647e0 sp=0x27c2b2c647c8 pc=0x55663e886817
runtime.goexit({})
	/usr/lib/golang/src/runtime/asm_amd64.s:1771 +0x1 fp=0x27c2b2c647e8 sp=0x27c2b2c647e0 pc=0x55663e8e5b41
created by runtime.gcBgMarkStartWorkers in goroutine 1
	/usr/lib/golang/src/runtime/mgc.go:1695 +0x105

goroutine 199 gp=0x27c2b2c57c20 m=nil [GC worker (idle)]:
runtime.gopark(0x0?, 0x0?, 0x0?, 0x0?, 0x0?)
	/usr/lib/golang/src/runtime/proc.go:462 +0xce fp=0x27c2b2c64f40 sp=0x27c2b2c64f20 pc=0x55663e8de0ae
runtime.gcBgMarkWorker(0x27c2b2d02070)
	/usr/lib/golang/src/runtime/mgc.go:1791 +0xeb fp=0x27c2b2c64fc8 sp=0x27c2b2c64f40 pc=0x55663e88692b
runtime.gcBgMarkStartWorkers.gowrap1()
	/usr/lib/golang/src/runtime/mgc.go:1695 +0x17 fp=0x27c2b2c64fe0 sp=0x27c2b2c64fc8 pc=0x55663e886817
runtime.goexit({})
	/usr/lib/golang/src/runtime/asm_amd64.s:1771 +0x1 fp=0x27c2b2c64fe8 sp=0x27c2b2c64fe0 pc=0x55663e8e5b41
created by runtime.gcBgMarkStartWorkers in goroutine 1
	/usr/lib/golang/src/runtime/mgc.go:1695 +0x105

goroutine 200 gp=0x27c2b2c66000 m=nil [GC worker (idle)]:
runtime.gopark(0x0?, 0x0?, 0x0?, 0x0?, 0x0?)
	/usr/lib/golang/src/runtime/proc.go:462 +0xce fp=0x27c2b2c65740 sp=0x27c2b2c65720 pc=0x55663e8de0ae
runtime.gcBgMarkWorker(0x27c2b2d02070)
	/usr/lib/golang/src/runtime/mgc.go:1791 +0xeb fp=0x27c2b2c657c8 sp=0x27c2b2c65740 pc=0x55663e88692b
runtime.gcBgMarkStartWorkers.gowrap1()
	/usr/lib/golang/src/runtime/mgc.go:1695 +0x17 fp=0x27c2b2c657e0 sp=0x27c2b2c657c8 pc=0x55663e886817
runtime.goexit({})
	/usr/lib/golang/src/runtime/asm_amd64.s:1771 +0x1 fp=0x27c2b2c657e8 sp=0x27c2b2c657e0 pc=0x55663e8e5b41
created by runtime.gcBgMarkStartWorkers in goroutine 1
	/usr/lib/golang/src/runtime/mgc.go:1695 +0x105

goroutine 201 gp=0x27c2b2c661e0 m=nil [GC worker (idle)]:
runtime.gopark(0x0?, 0x0?, 0x0?, 0x0?, 0x0?)
	/usr/lib/golang/src/runtime/proc.go:462 +0xce fp=0x27c2b2c65f40 sp=0x27c2b2c65f20 pc=0x55663e8de0ae
runtime.gcBgMarkWorker(0x27c2b2d02070)
	/usr/lib/golang/src/runtime/mgc.go:1791 +0xeb fp=0x27c2b2c65fc8 sp=0x27c2b2c65f40 pc=0x55663e88692b
runtime.gcBgMarkStartWorkers.gowrap1()
	/usr/lib/golang/src/runtime/mgc.go:1695 +0x17 fp=0x27c2b2c65fe0 sp=0x27c2b2c65fc8 pc=0x55663e886817
runtime.goexit({})
	/usr/lib/golang/src/runtime/asm_amd64.s:1771 +0x1 fp=0x27c2b2c65fe8 sp=0x27c2b2c65fe0 pc=0x55663e8e5b41
created by runtime.gcBgMarkStartWorkers in goroutine 1
	/usr/lib/golang/src/runtime/mgc.go:1695 +0x105

goroutine 202 gp=0x27c2b2c663c0 m=nil [GC worker (idle)]:
runtime.gopark(0x0?, 0x0?, 0x0?, 0x0?, 0x0?)
	/usr/lib/golang/src/runtime/proc.go:462 +0xce fp=0x27c2b2c5e740 sp=0x27c2b2c5e720 pc=0x55663e8de0ae
runtime.gcBgMarkWorker(0x27c2b2d02070)
	/usr/lib/golang/src/runtime/mgc.go:1791 +0xeb fp=0x27c2b2c5e7c8 sp=0x27c2b2c5e740 pc=0x55663e88692b
runtime.gcBgMarkStartWorkers.gowrap1()
	/usr/lib/golang/src/runtime/mgc.go:1695 +0x17 fp=0x27c2b2c5e7e0 sp=0x27c2b2c5e7c8 pc=0x55663e886817
runtime.goexit({})
	/usr/lib/golang/src/runtime/asm_amd64.s:1771 +0x1 fp=0x27c2b2c5e7e8 sp=0x27c2b2c5e7e0 pc=0x55663e8e5b41
created by runtime.gcBgMarkStartWorkers in goroutine 1
	/usr/lib/golang/src/runtime/mgc.go:1695 +0x105

goroutine 203 gp=0x27c2b2c665a0 m=nil [GC worker (idle)]:
runtime.gopark(0x0?, 0x0?, 0x0?, 0x0?, 0x0?)
	/usr/lib/golang/src/runtime/proc.go:462 +0xce fp=0x27c2b2c5ef40 sp=0x27c2b2c5ef20 pc=0x55663e8de0ae
runtime.gcBgMarkWorker(0x27c2b2d02070)
	/usr/lib/golang/src/runtime/mgc.go:1791 +0xeb fp=0x27c2b2c5efc8 sp=0x27c2b2c5ef40 pc=0x55663e88692b
runtime.gcBgMarkStartWorkers.gowrap1()
	/usr/lib/golang/src/runtime/mgc.go:1695 +0x17 fp=0x27c2b2c5efe0 sp=0x27c2b2c5efc8 pc=0x55663e886817
runtime.goexit({})
	/usr/lib/golang/src/runtime/asm_amd64.s:1771 +0x1 fp=0x27c2b2c5efe8 sp=0x27c2b2c5efe0 pc=0x55663e8e5b41
created by runtime.gcBgMarkStartWorkers in goroutine 1
	/usr/lib/golang/src/runtime/mgc.go:1695 +0x105

goroutine 204 gp=0x27c2b2c66780 m=nil [GC worker (idle)]:
runtime.gopark(0x0?, 0x0?, 0x0?, 0x0?, 0x0?)
	/usr/lib/golang/src/runtime/proc.go:462 +0xce fp=0x27c2b2c5f740 sp=0x27c2b2c5f720 pc=0x55663e8de0ae
runtime.gcBgMarkWorker(0x27c2b2d02070)
	/usr/lib/golang/src/runtime/mgc.go:1791 +0xeb fp=0x27c2b2c5f7c8 sp=0x27c2b2c5f740 pc=0x55663e88692b
runtime.gcBgMarkStartWorkers.gowrap1()
	/usr/lib/golang/src/runtime/mgc.go:1695 +0x17 fp=0x27c2b2c5f7e0 sp=0x27c2b2c5f7c8 pc=0x55663e886817
runtime.goexit({})
	/usr/lib/golang/src/runtime/asm_amd64.s:1771 +0x1 fp=0x27c2b2c5f7e8 sp=0x27c2b2c5f7e0 pc=0x55663e8e5b41
created by runtime.gcBgMarkStartWorkers in goroutine 1
	/usr/lib/golang/src/runtime/mgc.go:1695 +0x105

goroutine 205 gp=0x27c2b2c66960 m=nil [GC worker (idle)]:
runtime.gopark(0x0?, 0x0?, 0x0?, 0x0?, 0x0?)
	/usr/lib/golang/src/runtime/proc.go:462 +0xce fp=0x27c2b2c5ff40 sp=0x27c2b2c5ff20 pc=0x55663e8de0ae
runtime.gcBgMarkWorker(0x27c2b2d02070)
	/usr/lib/golang/src/runtime/mgc.go:1791 +0xeb fp=0x27c2b2c5ffc8 sp=0x27c2b2c5ff40 pc=0x55663e88692b
runtime.gcBgMarkStartWorkers.gowrap1()
	/usr/lib/golang/src/runtime/mgc.go:1695 +0x17 fp=0x27c2b2c5ffe0 sp=0x27c2b2c5ffc8 pc=0x55663e886817
runtime.goexit({})
	/usr/lib/golang/src/runtime/asm_amd64.s:1771 +0x1 fp=0x27c2b2c5ffe8 sp=0x27c2b2c5ffe0 pc=0x55663e8e5b41
created by runtime.gcBgMarkStartWorkers in goroutine 1
	/usr/lib/golang/src/runtime/mgc.go:1695 +0x105

goroutine 206 gp=0x27c2b2c66b40 m=nil [GC worker (idle)]:
runtime.gopark(0x0?, 0x0?, 0x0?, 0x0?, 0x0?)
	/usr/lib/golang/src/runtime/proc.go:462 +0xce fp=0x27c2b2c60740 sp=0x27c2b2c60720 pc=0x55663e8de0ae
runtime.gcBgMarkWorker(0x27c2b2d02070)
	/usr/lib/golang/src/runtime/mgc.go:1791 +0xeb fp=0x27c2b2c607c8 sp=0x27c2b2c60740 pc=0x55663e88692b
runtime.gcBgMarkStartWorkers.gowrap1()
	/usr/lib/golang/src/runtime/mgc.go:1695 +0x17 fp=0x27c2b2c607e0 sp=0x27c2b2c607c8 pc=0x55663e886817
runtime.goexit({})
	/usr/lib/golang/src/runtime/asm_amd64.s:1771 +0x1 fp=0x27c2b2c607e8 sp=0x27c2b2c607e0 pc=0x55663e8e5b41
created by runtime.gcBgMarkStartWorkers in goroutine 1
	/usr/lib/golang/src/runtime/mgc.go:1695 +0x105

goroutine 207 gp=0x27c2b2c66d20 m=nil [GC worker (idle)]:
runtime.gopark(0x0?, 0x0?, 0x0?, 0x0?, 0x0?)
	/usr/lib/golang/src/runtime/proc.go:462 +0xce fp=0x27c2b2c60f40 sp=0x27c2b2c60f20 pc=0x55663e8de0ae
runtime.gcBgMarkWorker(0x27c2b2d02070)
	/usr/lib/golang/src/runtime/mgc.go:1791 +0xeb fp=0x27c2b2c60fc8 sp=0x27c2b2c60f40 pc=0x55663e88692b
runtime.gcBgMarkStartWorkers.gowrap1()
	/usr/lib/golang/src/runtime/mgc.go:1695 +0x17 fp=0x27c2b2c60fe0 sp=0x27c2b2c60fc8 pc=0x55663e886817
runtime.goexit({})
	/usr/lib/golang/src/runtime/asm_amd64.s:1771 +0x1 fp=0x27c2b2c60fe8 sp=0x27c2b2c60fe0 pc=0x55663e8e5b41
created by runtime.gcBgMarkStartWorkers in goroutine 1
	/usr/lib/golang/src/runtime/mgc.go:1695 +0x105

goroutine 208 gp=0x27c2b2c66f00 m=nil [GC worker (idle)]:
runtime.gopark(0x0?, 0x0?, 0x0?, 0x0?, 0x0?)
	/usr/lib/golang/src/runtime/proc.go:462 +0xce fp=0x27c2b2c61740 sp=0x27c2b2c61720 pc=0x55663e8de0ae
runtime.gcBgMarkWorker(0x27c2b2d02070)
	/usr/lib/golang/src/runtime/mgc.go:1791 +0xeb fp=0x27c2b2c617c8 sp=0x27c2b2c61740 pc=0x55663e88692b
runtime.gcBgMarkStartWorkers.gowrap1()
	/usr/lib/golang/src/runtime/mgc.go:1695 +0x17 fp=0x27c2b2c617e0 sp=0x27c2b2c617c8 pc=0x55663e886817
runtime.goexit({})
	/usr/lib/golang/src/runtime/asm_amd64.s:1771 +0x1 fp=0x27c2b2c617e8 sp=0x27c2b2c617e0 pc=0x55663e8e5b41
created by runtime.gcBgMarkStartWorkers in goroutine 1
	/usr/lib/golang/src/runtime/mgc.go:1695 +0x105

goroutine 209 gp=0x27c2b2c670e0 m=nil [GC worker (idle)]:
runtime.gopark(0x0?, 0x0?, 0x0?, 0x0?, 0x0?)
	/usr/lib/golang/src/runtime/proc.go:462 +0xce fp=0x27c2b2c61f40 sp=0x27c2b2c61f20 pc=0x55663e8de0ae
runtime.gcBgMarkWorker(0x27c2b2d02070)
	/usr/lib/golang/src/runtime/mgc.go:1791 +0xeb fp=0x27c2b2c61fc8 sp=0x27c2b2c61f40 pc=0x55663e88692b
runtime.gcBgMarkStartWorkers.gowrap1()
	/usr/lib/golang/src/runtime/mgc.go:1695 +0x17 fp=0x27c2b2c61fe0 sp=0x27c2b2c61fc8 pc=0x55663e886817
runtime.goexit({})
	/usr/lib/golang/src/runtime/asm_amd64.s:1771 +0x1 fp=0x27c2b2c61fe8 sp=0x27c2b2c61fe0 pc=0x55663e8e5b41
created by runtime.gcBgMarkStartWorkers in goroutine 1
	/usr/lib/golang/src/runtime/mgc.go:1695 +0x105

goroutine 165 gp=0x27c2b2cba960 m=nil [GC worker (idle)]:
runtime.gopark(0x0?, 0x0?, 0x0?, 0x0?, 0x0?)
	/usr/lib/golang/src/runtime/proc.go:462 +0xce fp=0x27c2b2cc1f40 sp=0x27c2b2cc1f20 pc=0x55663e8de0ae
runtime.gcBgMarkWorker(0x27c2b2d02070)
	/usr/lib/golang/src/runtime/mgc.go:1791 +0xeb fp=0x27c2b2cc1fc8 sp=0x27c2b2cc1f40 pc=0x55663e88692b
runtime.gcBgMarkStartWorkers.gowrap1()
	/usr/lib/golang/src/runtime/mgc.go:1695 +0x17 fp=0x27c2b2cc1fe0 sp=0x27c2b2cc1fc8 pc=0x55663e886817
runtime.goexit({})
	/usr/lib/golang/src/runtime/asm_amd64.s:1771 +0x1 fp=0x27c2b2cc1fe8 sp=0x27c2b2cc1fe0 pc=0x55663e8e5b41
created by runtime.gcBgMarkStartWorkers in goroutine 1
	/usr/lib/golang/src/runtime/mgc.go:1695 +0x105

goroutine 166 gp=0x27c2b2cbab40 m=nil [GC worker (idle)]:
runtime.gopark(0x0?, 0x0?, 0x0?, 0x0?, 0x0?)
	/usr/lib/golang/src/runtime/proc.go:462 +0xce fp=0x27c2b2cc2740 sp=0x27c2b2cc2720 pc=0x55663e8de0ae
runtime.gcBgMarkWorker(0x27c2b2d02070)
	/usr/lib/golang/src/runtime/mgc.go:1791 +0xeb fp=0x27c2b2cc27c8 sp=0x27c2b2cc2740 pc=0x55663e88692b
runtime.gcBgMarkStartWorkers.gowrap1()
	/usr/lib/golang/src/runtime/mgc.go:1695 +0x17 fp=0x27c2b2cc27e0 sp=0x27c2b2cc27c8 pc=0x55663e886817
runtime.goexit({})
	/usr/lib/golang/src/runtime/asm_amd64.s:1771 +0x1 fp=0x27c2b2cc27e8 sp=0x27c2b2cc27e0 pc=0x55663e8e5b41
created by runtime.gcBgMarkStartWorkers in goroutine 1
	/usr/lib/golang/src/runtime/mgc.go:1695 +0x105

goroutine 167 gp=0x27c2b2cbad20 m=nil [GC worker (idle)]:
runtime.gopark(0x0?, 0x0?, 0x0?, 0x0?, 0x0?)
	/usr/lib/golang/src/runtime/proc.go:462 +0xce fp=0x27c2b2cc2f40 sp=0x27c2b2cc2f20 pc=0x55663e8de0ae
runtime.gcBgMarkWorker(0x27c2b2d02070)
	/usr/lib/golang/src/runtime/mgc.go:1791 +0xeb fp=0x27c2b2cc2fc8 sp=0x27c2b2cc2f40 pc=0x55663e88692b
runtime.gcBgMarkStartWorkers.gowrap1()
	/usr/lib/golang/src/runtime/mgc.go:1695 +0x17 fp=0x27c2b2cc2fe0 sp=0x27c2b2cc2fc8 pc=0x55663e886817
runtime.goexit({})
	/usr/lib/golang/src/runtime/asm_amd64.s:1771 +0x1 fp=0x27c2b2cc2fe8 sp=0x27c2b2cc2fe0 pc=0x55663e8e5b41
created by runtime.gcBgMarkStartWorkers in goroutine 1
	/usr/lib/golang/src/runtime/mgc.go:1695 +0x105

goroutine 168 gp=0x27c2b2cbaf00 m=nil [GC worker (idle)]:
runtime.gopark(0x0?, 0x0?, 0x0?, 0x0?, 0x0?)
	/usr/lib/golang/src/runtime/proc.go:462 +0xce fp=0x27c2b2cc3740 sp=0x27c2b2cc3720 pc=0x55663e8de0ae
runtime.gcBgMarkWorker(0x27c2b2d02070)
	/usr/lib/golang/src/runtime/mgc.go:1791 +0xeb fp=0x27c2b2cc37c8 sp=0x27c2b2cc3740 pc=0x55663e88692b
runtime.gcBgMarkStartWorkers.gowrap1()
	/usr/lib/golang/src/runtime/mgc.go:1695 +0x17 fp=0x27c2b2cc37e0 sp=0x27c2b2cc37c8 pc=0x55663e886817
runtime.goexit({})
	/usr/lib/golang/src/runtime/asm_amd64.s:1771 +0x1 fp=0x27c2b2cc37e8 sp=0x27c2b2cc37e0 pc=0x55663e8e5b41
created by runtime.gcBgMarkStartWorkers in goroutine 1
	/usr/lib/golang/src/runtime/mgc.go:1695 +0x105

goroutine 169 gp=0x27c2b2cbb0e0 m=nil [GC worker (idle)]:
runtime.gopark(0x0?, 0x0?, 0x0?, 0x0?, 0x0?)
	/usr/lib/golang/src/runtime/proc.go:462 +0xce fp=0x27c2b2cc3f40 sp=0x27c2b2cc3f20 pc=0x55663e8de0ae
runtime.gcBgMarkWorker(0x27c2b2d02070)
	/usr/lib/golang/src/runtime/mgc.go:1791 +0xeb fp=0x27c2b2cc3fc8 sp=0x27c2b2cc3f40 pc=0x55663e88692b
runtime.gcBgMarkStartWorkers.gowrap1()
	/usr/lib/golang/src/runtime/mgc.go:1695 +0x17 fp=0x27c2b2cc3fe0 sp=0x27c2b2cc3fc8 pc=0x55663e886817
runtime.goexit({})
	/usr/lib/golang/src/runtime/asm_amd64.s:1771 +0x1 fp=0x27c2b2cc3fe8 sp=0x27c2b2cc3fe0 pc=0x55663e8e5b41
created by runtime.gcBgMarkStartWorkers in goroutine 1
	/usr/lib/golang/src/runtime/mgc.go:1695 +0x105

goroutine 170 gp=0x27c2b2cbb2c0 m=nil [GC worker (idle)]:
runtime.gopark(0x0?, 0x0?, 0x0?, 0x0?, 0x0?)
	/usr/lib/golang/src/runtime/proc.go:462 +0xce fp=0x27c2b2cc8740 sp=0x27c2b2cc8720 pc=0x55663e8de0ae
runtime.gcBgMarkWorker(0x27c2b2d02070)
	/usr/lib/golang/src/runtime/mgc.go:1791 +0xeb fp=0x27c2b2cc87c8 sp=0x27c2b2cc8740 pc=0x55663e88692b
runtime.gcBgMarkStartWorkers.gowrap1()
	/usr/lib/golang/src/runtime/mgc.go:1695 +0x17 fp=0x27c2b2cc87e0 sp=0x27c2b2cc87c8 pc=0x55663e886817
runtime.goexit({})
	/usr/lib/golang/src/runtime/asm_amd64.s:1771 +0x1 fp=0x27c2b2cc87e8 sp=0x27c2b2cc87e0 pc=0x55663e8e5b41
created by runtime.gcBgMarkStartWorkers in goroutine 1
	/usr/lib/golang/src/runtime/mgc.go:1695 +0x105

goroutine 171 gp=0x27c2b2cbb4a0 m=nil [GC worker (idle)]:
runtime.gopark(0x0?, 0x0?, 0x0?, 0x0?, 0x0?)
	/usr/lib/golang/src/runtime/proc.go:462 +0xce fp=0x27c2b2cc8f40 sp=0x27c2b2cc8f20 pc=0x55663e8de0ae
runtime.gcBgMarkWorker(0x27c2b2d02070)
	/usr/lib/golang/src/runtime/mgc.go:1791 +0xeb fp=0x27c2b2cc8fc8 sp=0x27c2b2cc8f40 pc=0x55663e88692b
runtime.gcBgMarkStartWorkers.gowrap1()
	/usr/lib/golang/src/runtime/mgc.go:1695 +0x17 fp=0x27c2b2cc8fe0 sp=0x27c2b2cc8fc8 pc=0x55663e886817
runtime.goexit({})
	/usr/lib/golang/src/runtime/asm_amd64.s:1771 +0x1 fp=0x27c2b2cc8fe8 sp=0x27c2b2cc8fe0 pc=0x55663e8e5b41
created by runtime.gcBgMarkStartWorkers in goroutine 1
	/usr/lib/golang/src/runtime/mgc.go:1695 +0x105

goroutine 172 gp=0x27c2b2cbb680 m=nil [GC worker (idle)]:
runtime.gopark(0x0?, 0x0?, 0x0?, 0x0?, 0x0?)
	/usr/lib/golang/src/runtime/proc.go:462 +0xce fp=0x27c2b2cc9740 sp=0x27c2b2cc9720 pc=0x55663e8de0ae
runtime.gcBgMarkWorker(0x27c2b2d02070)
	/usr/lib/golang/src/runtime/mgc.go:1791 +0xeb fp=0x27c2b2cc97c8 sp=0x27c2b2cc9740 pc=0x55663e88692b
runtime.gcBgMarkStartWorkers.gowrap1()
	/usr/lib/golang/src/runtime/mgc.go:1695 +0x17 fp=0x27c2b2cc97e0 sp=0x27c2b2cc97c8 pc=0x55663e886817
runtime.goexit({})
	/usr/lib/golang/src/runtime/asm_amd64.s:1771 +0x1 fp=0x27c2b2cc97e8 sp=0x27c2b2cc97e0 pc=0x55663e8e5b41
created by runtime.gcBgMarkStartWorkers in goroutine 1
	/usr/lib/golang/src/runtime/mgc.go:1695 +0x105

goroutine 173 gp=0x27c2b2cbb860 m=nil [GC worker (idle)]:
runtime.gopark(0x0?, 0x0?, 0x0?, 0x0?, 0x0?)
	/usr/lib/golang/src/runtime/proc.go:462 +0xce fp=0x27c2b2cc9f40 sp=0x27c2b2cc9f20 pc=0x55663e8de0ae
runtime.gcBgMarkWorker(0x27c2b2d02070)
	/usr/lib/golang/src/runtime/mgc.go:1791 +0xeb fp=0x27c2b2cc9fc8 sp=0x27c2b2cc9f40 pc=0x55663e88692b
runtime.gcBgMarkStartWorkers.gowrap1()
	/usr/lib/golang/src/runtime/mgc.go:1695 +0x17 fp=0x27c2b2cc9fe0 sp=0x27c2b2cc9fc8 pc=0x55663e886817
runtime.goexit({})
	/usr/lib/golang/src/runtime/asm_amd64.s:1771 +0x1 fp=0x27c2b2cc9fe8 sp=0x27c2b2cc9fe0 pc=0x55663e8e5b41
created by runtime.gcBgMarkStartWorkers in goroutine 1
	/usr/lib/golang/src/runtime/mgc.go:1695 +0x105

goroutine 174 gp=0x27c2b2cbba40 m=nil [GC worker (idle)]:
runtime.gopark(0x0?, 0x0?, 0x0?, 0x0?, 0x0?)
	/usr/lib/golang/src/runtime/proc.go:462 +0xce fp=0x27c2b2cca740 sp=0x27c2b2cca720 pc=0x55663e8de0ae
runtime.gcBgMarkWorker(0x27c2b2d02070)
	/usr/lib/golang/src/runtime/mgc.go:1791 +0xeb fp=0x27c2b2cca7c8 sp=0x27c2b2cca740 pc=0x55663e88692b
runtime.gcBgMarkStartWorkers.gowrap1()
	/usr/lib/golang/src/runtime/mgc.go:1695 +0x17 fp=0x27c2b2cca7e0 sp=0x27c2b2cca7c8 pc=0x55663e886817
runtime.goexit({})
	/usr/lib/golang/src/runtime/asm_amd64.s:1771 +0x1 fp=0x27c2b2cca7e8 sp=0x27c2b2cca7e0 pc=0x55663e8e5b41
created by runtime.gcBgMarkStartWorkers in goroutine 1
	/usr/lib/golang/src/runtime/mgc.go:1695 +0x105

goroutine 175 gp=0x27c2b2cbbc20 m=nil [GC worker (idle)]:
runtime.gopark(0x0?, 0x0?, 0x0?, 0x0?, 0x0?)
	/usr/lib/golang/src/runtime/proc.go:462 +0xce fp=0x27c2b2ccaf40 sp=0x27c2b2ccaf20 pc=0x55663e8de0ae
runtime.gcBgMarkWorker(0x27c2b2d02070)
	/usr/lib/golang/src/runtime/mgc.go:1791 +0xeb fp=0x27c2b2ccafc8 sp=0x27c2b2ccaf40 pc=0x55663e88692b
runtime.gcBgMarkStartWorkers.gowrap1()
	/usr/lib/golang/src/runtime/mgc.go:1695 +0x17 fp=0x27c2b2ccafe0 sp=0x27c2b2ccafc8 pc=0x55663e886817
runtime.goexit({})
	/usr/lib/golang/src/runtime/asm_amd64.s:1771 +0x1 fp=0x27c2b2ccafe8 sp=0x27c2b2ccafe0 pc=0x55663e8e5b41
created by runtime.gcBgMarkStartWorkers in goroutine 1
	/usr/lib/golang/src/runtime/mgc.go:1695 +0x105

goroutine 176 gp=0x27c2b2cce000 m=nil [GC worker (idle)]:
runtime.gopark(0x0?, 0x0?, 0x0?, 0x0?, 0x0?)
	/usr/lib/golang/src/runtime/proc.go:462 +0xce fp=0x27c2b2ccb740 sp=0x27c2b2ccb720 pc=0x55663e8de0ae
runtime.gcBgMarkWorker(0x27c2b2d02070)
	/usr/lib/golang/src/runtime/mgc.go:1791 +0xeb fp=0x27c2b2ccb7c8 sp=0x27c2b2ccb740 pc=0x55663e88692b
runtime.gcBgMarkStartWorkers.gowrap1()
	/usr/lib/golang/src/runtime/mgc.go:1695 +0x17 fp=0x27c2b2ccb7e0 sp=0x27c2b2ccb7c8 pc=0x55663e886817
runtime.goexit({})
	/usr/lib/golang/src/runtime/asm_amd64.s:1771 +0x1 fp=0x27c2b2ccb7e8 sp=0x27c2b2ccb7e0 pc=0x55663e8e5b41
created by runtime.gcBgMarkStartWorkers in goroutine 1
	/usr/lib/golang/src/runtime/mgc.go:1695 +0x105

goroutine 177 gp=0x27c2b2cce1e0 m=nil [GC worker (idle)]:
runtime.gopark(0x0?, 0x0?, 0x0?, 0x0?, 0x0?)
	/usr/lib/golang/src/runtime/proc.go:462 +0xce fp=0x27c2b2ccbf40 sp=0x27c2b2ccbf20 pc=0x55663e8de0ae
runtime.gcBgMarkWorker(0x27c2b2d02070)
	/usr/lib/golang/src/runtime/mgc.go:1791 +0xeb fp=0x27c2b2ccbfc8 sp=0x27c2b2ccbf40 pc=0x55663e88692b
runtime.gcBgMarkStartWorkers.gowrap1()
	/usr/lib/golang/src/runtime/mgc.go:1695 +0x17 fp=0x27c2b2ccbfe0 sp=0x27c2b2ccbfc8 pc=0x55663e886817
runtime.goexit({})
	/usr/lib/golang/src/runtime/asm_amd64.s:1771 +0x1 fp=0x27c2b2ccbfe8 sp=0x27c2b2ccbfe0 pc=0x55663e8e5b41
created by runtime.gcBgMarkStartWorkers in goroutine 1
	/usr/lib/golang/src/runtime/mgc.go:1695 +0x105

goroutine 210 gp=0x27c2b2cce3c0 m=nil [GC worker (idle)]:
runtime.gopark(0x0?, 0x0?, 0x0?, 0x0?, 0x0?)
	/usr/lib/golang/src/runtime/proc.go:462 +0xce fp=0x27c2b2cc4740 sp=0x27c2b2cc4720 pc=0x55663e8de0ae
runtime.gcBgMarkWorker(0x27c2b2d02070)
	/usr/lib/golang/src/runtime/mgc.go:1791 +0xeb fp=0x27c2b2cc47c8 sp=0x27c2b2cc4740 pc=0x55663e88692b
runtime.gcBgMarkStartWorkers.gowrap1()
	/usr/lib/golang/src/runtime/mgc.go:1695 +0x17 fp=0x27c2b2cc47e0 sp=0x27c2b2cc47c8 pc=0x55663e886817
runtime.goexit({})
	/usr/lib/golang/src/runtime/asm_amd64.s:1771 +0x1 fp=0x27c2b2cc47e8 sp=0x27c2b2cc47e0 pc=0x55663e8e5b41
created by runtime.gcBgMarkStartWorkers in goroutine 1
	/usr/lib/golang/src/runtime/mgc.go:1695 +0x105

goroutine 211 gp=0x27c2b2cce5a0 m=nil [GC worker (idle)]:
runtime.gopark(0x0?, 0x0?, 0x0?, 0x0?, 0x0?)
	/usr/lib/golang/src/runtime/proc.go:462 +0xce fp=0x27c2b2cc4f40 sp=0x27c2b2cc4f20 pc=0x55663e8de0ae
runtime.gcBgMarkWorker(0x27c2b2d02070)
	/usr/lib/golang/src/runtime/mgc.go:1791 +0xeb fp=0x27c2b2cc4fc8 sp=0x27c2b2cc4f40 pc=0x55663e88692b
runtime.gcBgMarkStartWorkers.gowrap1()
	/usr/lib/golang/src/runtime/mgc.go:1695 +0x17 fp=0x27c2b2cc4fe0 sp=0x27c2b2cc4fc8 pc=0x55663e886817
runtime.goexit({})
	/usr/lib/golang/src/runtime/asm_amd64.s:1771 +0x1 fp=0x27c2b2cc4fe8 sp=0x27c2b2cc4fe0 pc=0x55663e8e5b41
created by runtime.gcBgMarkStartWorkers in goroutine 1
	/usr/lib/golang/src/runtime/mgc.go:1695 +0x105

goroutine 212 gp=0x27c2b2cce780 m=nil [GC worker (idle)]:
runtime.gopark(0x0?, 0x0?, 0x0?, 0x0?, 0x0?)
	/usr/lib/golang/src/runtime/proc.go:462 +0xce fp=0x27c2b2cc5740 sp=0x27c2b2cc5720 pc=0x55663e8de0ae
runtime.gcBgMarkWorker(0x27c2b2d02070)
	/usr/lib/golang/src/runtime/mgc.go:1791 +0xeb fp=0x27c2b2cc57c8 sp=0x27c2b2cc5740 pc=0x55663e88692b
runtime.gcBgMarkStartWorkers.gowrap1()
	/usr/lib/golang/src/runtime/mgc.go:1695 +0x17 fp=0x27c2b2cc57e0 sp=0x27c2b2cc57c8 pc=0x55663e886817
runtime.goexit({})
	/usr/lib/golang/src/runtime/asm_amd64.s:1771 +0x1 fp=0x27c2b2cc57e8 sp=0x27c2b2cc57e0 pc=0x55663e8e5b41
created by runtime.gcBgMarkStartWorkers in goroutine 1
	/usr/lib/golang/src/runtime/mgc.go:1695 +0x105

goroutine 213 gp=0x27c2b2cce960 m=nil [GC worker (idle)]:
runtime.gopark(0x0?, 0x0?, 0x0?, 0x0?, 0x0?)
	/usr/lib/golang/src/runtime/proc.go:462 +0xce fp=0x27c2b2cc5f40 sp=0x27c2b2cc5f20 pc=0x55663e8de0ae
runtime.gcBgMarkWorker(0x27c2b2d02070)
	/usr/lib/golang/src/runtime/mgc.go:1791 +0xeb fp=0x27c2b2cc5fc8 sp=0x27c2b2cc5f40 pc=0x55663e88692b
runtime.gcBgMarkStartWorkers.gowrap1()
	/usr/lib/golang/src/runtime/mgc.go:1695 +0x17 fp=0x27c2b2cc5fe0 sp=0x27c2b2cc5fc8 pc=0x55663e886817
runtime.goexit({})
	/usr/lib/golang/src/runtime/asm_amd64.s:1771 +0x1 fp=0x27c2b2cc5fe8 sp=0x27c2b2cc5fe0 pc=0x55663e8e5b41
created by runtime.gcBgMarkStartWorkers in goroutine 1
	/usr/lib/golang/src/runtime/mgc.go:1695 +0x105

goroutine 214 gp=0x27c2b2cceb40 m=nil [GC worker (idle)]:
runtime.gopark(0x0?, 0x0?, 0x0?, 0x0?, 0x0?)
	/usr/lib/golang/src/runtime/proc.go:462 +0xce fp=0x27c2b2cc6740 sp=0x27c2b2cc6720 pc=0x55663e8de0ae
runtime.gcBgMarkWorker(0x27c2b2d02070)
	/usr/lib/golang/src/runtime/mgc.go:1791 +0xeb fp=0x27c2b2cc67c8 sp=0x27c2b2cc6740 pc=0x55663e88692b
runtime.gcBgMarkStartWorkers.gowrap1()
	/usr/lib/golang/src/runtime/mgc.go:1695 +0x17 fp=0x27c2b2cc67e0 sp=0x27c2b2cc67c8 pc=0x55663e886817
runtime.goexit({})
	/usr/lib/golang/src/runtime/asm_amd64.s:1771 +0x1 fp=0x27c2b2cc67e8 sp=0x27c2b2cc67e0 pc=0x55663e8e5b41
created by runtime.gcBgMarkStartWorkers in goroutine 1
	/usr/lib/golang/src/runtime/mgc.go:1695 +0x105

goroutine 215 gp=0x27c2b2cced20 m=nil [GC worker (idle)]:
runtime.gopark(0x0?, 0x0?, 0x0?, 0x0?, 0x0?)
	/usr/lib/golang/src/runtime/proc.go:462 +0xce fp=0x27c2b2cc6f40 sp=0x27c2b2cc6f20 pc=0x55663e8de0ae
runtime.gcBgMarkWorker(0x27c2b2d02070)
	/usr/lib/golang/src/runtime/mgc.go:1791 +0xeb fp=0x27c2b2cc6fc8 sp=0x27c2b2cc6f40 pc=0x55663e88692b
runtime.gcBgMarkStartWorkers.gowrap1()
	/usr/lib/golang/src/runtime/mgc.go:1695 +0x17 fp=0x27c2b2cc6fe0 sp=0x27c2b2cc6fc8 pc=0x55663e886817
runtime.goexit({})
	/usr/lib/golang/src/runtime/asm_amd64.s:1771 +0x1 fp=0x27c2b2cc6fe8 sp=0x27c2b2cc6fe0 pc=0x55663e8e5b41
created by runtime.gcBgMarkStartWorkers in goroutine 1
	/usr/lib/golang/src/runtime/mgc.go:1695 +0x105

goroutine 216 gp=0x27c2b2ccef00 m=nil [GC worker (idle)]:
runtime.gopark(0x0?, 0x0?, 0x0?, 0x0?, 0x0?)
	/usr/lib/golang/src/runtime/proc.go:462 +0xce fp=0x27c2b2cc7740 sp=0x27c2b2cc7720 pc=0x55663e8de0ae
runtime.gcBgMarkWorker(0x27c2b2d02070)
	/usr/lib/golang/src/runtime/mgc.go:1791 +0xeb fp=0x27c2b2cc77c8 sp=0x27c2b2cc7740 pc=0x55663e88692b
runtime.gcBgMarkStartWorkers.gowrap1()
	/usr/lib/golang/src/runtime/mgc.go:1695 +0x17 fp=0x27c2b2cc77e0 sp=0x27c2b2cc77c8 pc=0x55663e886817
runtime.goexit({})
	/usr/lib/golang/src/runtime/asm_amd64.s:1771 +0x1 fp=0x27c2b2cc77e8 sp=0x27c2b2cc77e0 pc=0x55663e8e5b41
created by runtime.gcBgMarkStartWorkers in goroutine 1
	/usr/lib/golang/src/runtime/mgc.go:1695 +0x105

goroutine 217 gp=0x27c2b2ccf0e0 m=nil [GC worker (idle)]:
runtime.gopark(0x0?, 0x0?, 0x0?, 0x0?, 0x0?)
	/usr/lib/golang/src/runtime/proc.go:462 +0xce fp=0x27c2b2cc7f40 sp=0x27c2b2cc7f20 pc=0x55663e8de0ae
runtime.gcBgMarkWorker(0x27c2b2d02070)
	/usr/lib/golang/src/runtime/mgc.go:1791 +0xeb fp=0x27c2b2cc7fc8 sp=0x27c2b2cc7f40 pc=0x55663e88692b
runtime.gcBgMarkStartWorkers.gowrap1()
	/usr/lib/golang/src/runtime/mgc.go:1695 +0x17 fp=0x27c2b2cc7fe0 sp=0x27c2b2cc7fc8 pc=0x55663e886817
runtime.goexit({})
	/usr/lib/golang/src/runtime/asm_amd64.s:1771 +0x1 fp=0x27c2b2cc7fe8 sp=0x27c2b2cc7fe0 pc=0x55663e8e5b41
created by runtime.gcBgMarkStartWorkers in goroutine 1
	/usr/lib/golang/src/runtime/mgc.go:1695 +0x105

goroutine 218 gp=0x27c2b2ccf2c0 m=nil [GC worker (idle)]:
runtime.gopark(0x0?, 0x0?, 0x0?, 0x0?, 0x0?)
	/usr/lib/golang/src/runtime/proc.go:462 +0xce fp=0x27c2b2cd4740 sp=0x27c2b2cd4720 pc=0x55663e8de0ae
runtime.gcBgMarkWorker(0x27c2b2d02070)
	/usr/lib/golang/src/runtime/mgc.go:1791 +0xeb fp=0x27c2b2cd47c8 sp=0x27c2b2cd4740 pc=0x55663e88692b
runtime.gcBgMarkStartWorkers.gowrap1()
	/usr/lib/golang/src/runtime/mgc.go:1695 +0x17 fp=0x27c2b2cd47e0 sp=0x27c2b2cd47c8 pc=0x55663e886817
runtime.goexit({})
	/usr/lib/golang/src/runtime/asm_amd64.s:1771 +0x1 fp=0x27c2b2cd47e8 sp=0x27c2b2cd47e0 pc=0x55663e8e5b41
created by runtime.gcBgMarkStartWorkers in goroutine 1
	/usr/lib/golang/src/runtime/mgc.go:1695 +0x105

goroutine 219 gp=0x27c2b2ccf4a0 m=nil [GC worker (idle)]:
runtime.gopark(0x0?, 0x0?, 0x0?, 0x0?, 0x0?)
	/usr/lib/golang/src/runtime/proc.go:462 +0xce fp=0x27c2b2cd4f40 sp=0x27c2b2cd4f20 pc=0x55663e8de0ae
runtime.gcBgMarkWorker(0x27c2b2d02070)
	/usr/lib/golang/src/runtime/mgc.go:1791 +0xeb fp=0x27c2b2cd4fc8 sp=0x27c2b2cd4f40 pc=0x55663e88692b
runtime.gcBgMarkStartWorkers.gowrap1()
	/usr/lib/golang/src/runtime/mgc.go:1695 +0x17 fp=0x27c2b2cd4fe0 sp=0x27c2b2cd4fc8 pc=0x55663e886817
runtime.goexit({})
	/usr/lib/golang/src/runtime/asm_amd64.s:1771 +0x1 fp=0x27c2b2cd4fe8 sp=0x27c2b2cd4fe0 pc=0x55663e8e5b41
created by runtime.gcBgMarkStartWorkers in goroutine 1
	/usr/lib/golang/src/runtime/mgc.go:1695 +0x105

goroutine 220 gp=0x27c2b2ccf680 m=nil [GC worker (idle)]:
runtime.gopark(0x0?, 0x0?, 0x0?, 0x0?, 0x0?)
	/usr/lib/golang/src/runtime/proc.go:462 +0xce fp=0x27c2b2cd5740 sp=0x27c2b2cd5720 pc=0x55663e8de0ae
runtime.gcBgMarkWorker(0x27c2b2d02070)
	/usr/lib/golang/src/runtime/mgc.go:1791 +0xeb fp=0x27c2b2cd57c8 sp=0x27c2b2cd5740 pc=0x55663e88692b
runtime.gcBgMarkStartWorkers.gowrap1()
	/usr/lib/golang/src/runtime/mgc.go:1695 +0x17 fp=0x27c2b2cd57e0 sp=0x27c2b2cd57c8 pc=0x55663e886817
runtime.goexit({})
	/usr/lib/golang/src/runtime/asm_amd64.s:1771 +0x1 fp=0x27c2b2cd57e8 sp=0x27c2b2cd57e0 pc=0x55663e8e5b41
created by runtime.gcBgMarkStartWorkers in goroutine 1
	/usr/lib/golang/src/runtime/mgc.go:1695 +0x105

goroutine 221 gp=0x27c2b2ccf860 m=nil [GC worker (idle)]:
runtime.gopark(0x0?, 0x0?, 0x0?, 0x0?, 0x0?)
	/usr/lib/golang/src/runtime/proc.go:462 +0xce fp=0x27c2b2cd5f40 sp=0x27c2b2cd5f20 pc=0x55663e8de0ae
runtime.gcBgMarkWorker(0x27c2b2d02070)
	/usr/lib/golang/src/runtime/mgc.go:1791 +0xeb fp=0x27c2b2cd5fc8 sp=0x27c2b2cd5f40 pc=0x55663e88692b
runtime.gcBgMarkStartWorkers.gowrap1()
	/usr/lib/golang/src/runtime/mgc.go:1695 +0x17 fp=0x27c2b2cd5fe0 sp=0x27c2b2cd5fc8 pc=0x55663e886817
runtime.goexit({})
	/usr/lib/golang/src/runtime/asm_amd64.s:1771 +0x1 fp=0x27c2b2cd5fe8 sp=0x27c2b2cd5fe0 pc=0x55663e8e5b41
created by runtime.gcBgMarkStartWorkers in goroutine 1
	/usr/lib/golang/src/runtime/mgc.go:1695 +0x105

goroutine 226 gp=0x27c2b2c672c0 m=nil [GC worker (idle)]:
runtime.gopark(0x0?, 0x0?, 0x0?, 0x0?, 0x0?)
	/usr/lib/golang/src/runtime/proc.go:462 +0xce fp=0x27c2b2cd0740 sp=0x27c2b2cd0720 pc=0x55663e8de0ae
runtime.gcBgMarkWorker(0x27c2b2d02070)
	/usr/lib/golang/src/runtime/mgc.go:1791 +0xeb fp=0x27c2b2cd07c8 sp=0x27c2b2cd0740 pc=0x55663e88692b
runtime.gcBgMarkStartWorkers.gowrap1()
	/usr/lib/golang/src/runtime/mgc.go:1695 +0x17 fp=0x27c2b2cd07e0 sp=0x27c2b2cd07c8 pc=0x55663e886817
runtime.goexit({})
	/usr/lib/golang/src/runtime/asm_amd64.s:1771 +0x1 fp=0x27c2b2cd07e8 sp=0x27c2b2cd07e0 pc=0x55663e8e5b41
created by runtime.gcBgMarkStartWorkers in goroutine 1
	/usr/lib/golang/src/runtime/mgc.go:1695 +0x105

goroutine 222 gp=0x27c2b2ccfa40 m=nil [GC worker (idle)]:
runtime.gopark(0x0?, 0x0?, 0x0?, 0x0?, 0x0?)
	/usr/lib/golang/src/runtime/proc.go:462 +0xce fp=0x27c2b2cd6740 sp=0x27c2b2cd6720 pc=0x55663e8de0ae
runtime.gcBgMarkWorker(0x27c2b2d02070)
	/usr/lib/golang/src/runtime/mgc.go:1791 +0xeb fp=0x27c2b2cd67c8 sp=0x27c2b2cd6740 pc=0x55663e88692b
runtime.gcBgMarkStartWorkers.gowrap1()
	/usr/lib/golang/src/runtime/mgc.go:1695 +0x17 fp=0x27c2b2cd67e0 sp=0x27c2b2cd67c8 pc=0x55663e886817
runtime.goexit({})
	/usr/lib/golang/src/runtime/asm_amd64.s:1771 +0x1 fp=0x27c2b2cd67e8 sp=0x27c2b2cd67e0 pc=0x55663e8e5b41
created by runtime.gcBgMarkStartWorkers in goroutine 1
	/usr/lib/golang/src/runtime/mgc.go:1695 +0x105

goroutine 223 gp=0x27c2b2ccfc20 m=nil [GC worker (idle)]:
runtime.gopark(0x0?, 0x0?, 0x0?, 0x0?, 0x0?)
	/usr/lib/golang/src/runtime/proc.go:462 +0xce fp=0x27c2b2cd6f40 sp=0x27c2b2cd6f20 pc=0x55663e8de0ae
runtime.gcBgMarkWorker(0x27c2b2d02070)
	/usr/lib/golang/src/runtime/mgc.go:1791 +0xeb fp=0x27c2b2cd6fc8 sp=0x27c2b2cd6f40 pc=0x55663e88692b
runtime.gcBgMarkStartWorkers.gowrap1()
	/usr/lib/golang/src/runtime/mgc.go:1695 +0x17 fp=0x27c2b2cd6fe0 sp=0x27c2b2cd6fc8 pc=0x55663e886817
runtime.goexit({})
	/usr/lib/golang/src/runtime/asm_amd64.s:1771 +0x1 fp=0x27c2b2cd6fe8 sp=0x27c2b2cd6fe0 pc=0x55663e8e5b41
created by runtime.gcBgMarkStartWorkers in goroutine 1
	/usr/lib/golang/src/runtime/mgc.go:1695 +0x105

goroutine 224 gp=0x27c2b2cda000 m=nil [GC worker (idle)]:
runtime.gopark(0x0?, 0x0?, 0x0?, 0x0?, 0x0?)
	/usr/lib/golang/src/runtime/proc.go:462 +0xce fp=0x27c2b2cd7740 sp=0x27c2b2cd7720 pc=0x55663e8de0ae
runtime.gcBgMarkWorker(0x27c2b2d02070)
	/usr/lib/golang/src/runtime/mgc.go:1791 +0xeb fp=0x27c2b2cd77c8 sp=0x27c2b2cd7740 pc=0x55663e88692b
runtime.gcBgMarkStartWorkers.gowrap1()
	/usr/lib/golang/src/runtime/mgc.go:1695 +0x17 fp=0x27c2b2cd77e0 sp=0x27c2b2cd77c8 pc=0x55663e886817
runtime.goexit({})
	/usr/lib/golang/src/runtime/asm_amd64.s:1771 +0x1 fp=0x27c2b2cd77e8 sp=0x27c2b2cd77e0 pc=0x55663e8e5b41
created by runtime.gcBgMarkStartWorkers in goroutine 1
	/usr/lib/golang/src/runtime/mgc.go:1695 +0x105

goroutine 225 gp=0x27c2b2cda1e0 m=nil [GC worker (idle)]:
runtime.gopark(0x0?, 0x0?, 0x0?, 0x0?, 0x0?)
	/usr/lib/golang/src/runtime/proc.go:462 +0xce fp=0x27c2b2cd7f40 sp=0x27c2b2cd7f20 pc=0x55663e8de0ae
runtime.gcBgMarkWorker(0x27c2b2d02070)
	/usr/lib/golang/src/runtime/mgc.go:1791 +0xeb fp=0x27c2b2cd7fc8 sp=0x27c2b2cd7f40 pc=0x55663e88692b
runtime.gcBgMarkStartWorkers.gowrap1()
	/usr/lib/golang/src/runtime/mgc.go:1695 +0x17 fp=0x27c2b2cd7fe0 sp=0x27c2b2cd7fc8 pc=0x55663e886817
runtime.goexit({})
	/usr/lib/golang/src/runtime/asm_amd64.s:1771 +0x1 fp=0x27c2b2cd7fe8 sp=0x27c2b2cd7fe0 pc=0x55663e8e5b41
created by runtime.gcBgMarkStartWorkers in goroutine 1
	/usr/lib/golang/src/runtime/mgc.go:1695 +0x105

goroutine 242 gp=0x27c2b2cda3c0 m=nil [GC worker (idle)]:
runtime.gopark(0x0?, 0x0?, 0x0?, 0x0?, 0x0?)
	/usr/lib/golang/src/runtime/proc.go:462 +0xce fp=0x27c2b2ce0740 sp=0x27c2b2ce0720 pc=0x55663e8de0ae
runtime.gcBgMarkWorker(0x27c2b2d02070)
	/usr/lib/golang/src/runtime/mgc.go:1791 +0xeb fp=0x27c2b2ce07c8 sp=0x27c2b2ce0740 pc=0x55663e88692b
runtime.gcBgMarkStartWorkers.gowrap1()
	/usr/lib/golang/src/runtime/mgc.go:1695 +0x17 fp=0x27c2b2ce07e0 sp=0x27c2b2ce07c8 pc=0x55663e886817
runtime.goexit({})
	/usr/lib/golang/src/runtime/asm_amd64.s:1771 +0x1 fp=0x27c2b2ce07e8 sp=0x27c2b2ce07e0 pc=0x55663e8e5b41
created by runtime.gcBgMarkStartWorkers in goroutine 1
	/usr/lib/golang/src/runtime/mgc.go:1695 +0x105

goroutine 243 gp=0x27c2b2cda5a0 m=nil [GC worker (idle)]:
runtime.gopark(0x0?, 0x0?, 0x0?, 0x0?, 0x0?)
	/usr/lib/golang/src/runtime/proc.go:462 +0xce fp=0x27c2b2ce0f40 sp=0x27c2b2ce0f20 pc=0x55663e8de0ae
runtime.gcBgMarkWorker(0x27c2b2d02070)
	/usr/lib/golang/src/runtime/mgc.go:1791 +0xeb fp=0x27c2b2ce0fc8 sp=0x27c2b2ce0f40 pc=0x55663e88692b
runtime.gcBgMarkStartWorkers.gowrap1()
	/usr/lib/golang/src/runtime/mgc.go:1695 +0x17 fp=0x27c2b2ce0fe0 sp=0x27c2b2ce0fc8 pc=0x55663e886817
runtime.goexit({})
	/usr/lib/golang/src/runtime/asm_amd64.s:1771 +0x1 fp=0x27c2b2ce0fe8 sp=0x27c2b2ce0fe0 pc=0x55663e8e5b41
created by runtime.gcBgMarkStartWorkers in goroutine 1
	/usr/lib/golang/src/runtime/mgc.go:1695 +0x105

goroutine 244 gp=0x27c2b2cda780 m=nil [GC worker (idle)]:
runtime.gopark(0x0?, 0x0?, 0x0?, 0x0?, 0x0?)
	/usr/lib/golang/src/runtime/proc.go:462 +0xce fp=0x27c2b2ce1740 sp=0x27c2b2ce1720 pc=0x55663e8de0ae
runtime.gcBgMarkWorker(0x27c2b2d02070)
	/usr/lib/golang/src/runtime/mgc.go:1791 +0xeb fp=0x27c2b2ce17c8 sp=0x27c2b2ce1740 pc=0x55663e88692b
runtime.gcBgMarkStartWorkers.gowrap1()
	/usr/lib/golang/src/runtime/mgc.go:1695 +0x17 fp=0x27c2b2ce17e0 sp=0x27c2b2ce17c8 pc=0x55663e886817
runtime.goexit({})
	/usr/lib/golang/src/runtime/asm_amd64.s:1771 +0x1 fp=0x27c2b2ce17e8 sp=0x27c2b2ce17e0 pc=0x55663e8e5b41
created by runtime.gcBgMarkStartWorkers in goroutine 1
	/usr/lib/golang/src/runtime/mgc.go:1695 +0x105

goroutine 245 gp=0x27c2b2cda960 m=nil [GC worker (idle)]:
runtime.gopark(0x0?, 0x0?, 0x0?, 0x0?, 0x0?)
	/usr/lib/golang/src/runtime/proc.go:462 +0xce fp=0x27c2b2ce1f40 sp=0x27c2b2ce1f20 pc=0x55663e8de0ae
runtime.gcBgMarkWorker(0x27c2b2d02070)
	/usr/lib/golang/src/runtime/mgc.go:1791 +0xeb fp=0x27c2b2ce1fc8 sp=0x27c2b2ce1f40 pc=0x55663e88692b
runtime.gcBgMarkStartWorkers.gowrap1()
	/usr/lib/golang/src/runtime/mgc.go:1695 +0x17 fp=0x27c2b2ce1fe0 sp=0x27c2b2ce1fc8 pc=0x55663e886817
runtime.goexit({})
	/usr/lib/golang/src/runtime/asm_amd64.s:1771 +0x1 fp=0x27c2b2ce1fe8 sp=0x27c2b2ce1fe0 pc=0x55663e8e5b41
created by runtime.gcBgMarkStartWorkers in goroutine 1
	/usr/lib/golang/src/runtime/mgc.go:1695 +0x105

goroutine 246 gp=0x27c2b2cdab40 m=nil [GC worker (idle)]:
runtime.gopark(0x0?, 0x0?, 0x0?, 0x0?, 0x0?)
	/usr/lib/golang/src/runtime/proc.go:462 +0xce fp=0x27c2b2ce2740 sp=0x27c2b2ce2720 pc=0x55663e8de0ae
runtime.gcBgMarkWorker(0x27c2b2d02070)
	/usr/lib/golang/src/runtime/mgc.go:1791 +0xeb fp=0x27c2b2ce27c8 sp=0x27c2b2ce2740 pc=0x55663e88692b
runtime.gcBgMarkStartWorkers.gowrap1()
	/usr/lib/golang/src/runtime/mgc.go:1695 +0x17 fp=0x27c2b2ce27e0 sp=0x27c2b2ce27c8 pc=0x55663e886817
runtime.goexit({})
	/usr/lib/golang/src/runtime/asm_amd64.s:1771 +0x1 fp=0x27c2b2ce27e8 sp=0x27c2b2ce27e0 pc=0x55663e8e5b41
created by runtime.gcBgMarkStartWorkers in goroutine 1
	/usr/lib/golang/src/runtime/mgc.go:1695 +0x105

goroutine 247 gp=0x27c2b2cdad20 m=nil [GC worker (idle)]:
runtime.gopark(0x0?, 0x0?, 0x0?, 0x0?, 0x0?)
	/usr/lib/golang/src/runtime/proc.go:462 +0xce fp=0x27c2b2ce2f40 sp=0x27c2b2ce2f20 pc=0x55663e8de0ae
runtime.gcBgMarkWorker(0x27c2b2d02070)
	/usr/lib/golang/src/runtime/mgc.go:1791 +0xeb fp=0x27c2b2ce2fc8 sp=0x27c2b2ce2f40 pc=0x55663e88692b
runtime.gcBgMarkStartWorkers.gowrap1()
	/usr/lib/golang/src/runtime/mgc.go:1695 +0x17 fp=0x27c2b2ce2fe0 sp=0x27c2b2ce2fc8 pc=0x55663e886817
runtime.goexit({})
	/usr/lib/golang/src/runtime/asm_amd64.s:1771 +0x1 fp=0x27c2b2ce2fe8 sp=0x27c2b2ce2fe0 pc=0x55663e8e5b41
created by runtime.gcBgMarkStartWorkers in goroutine 1
	/usr/lib/golang/src/runtime/mgc.go:1695 +0x105

goroutine 248 gp=0x27c2b2cdaf00 m=nil [GC worker (idle)]:
runtime.gopark(0x0?, 0x0?, 0x0?, 0x0?, 0x0?)
	/usr/lib/golang/src/runtime/proc.go:462 +0xce fp=0x27c2b2ce3740 sp=0x27c2b2ce3720 pc=0x55663e8de0ae
runtime.gcBgMarkWorker(0x27c2b2d02070)
	/usr/lib/golang/src/runtime/mgc.go:1791 +0xeb fp=0x27c2b2ce37c8 sp=0x27c2b2ce3740 pc=0x55663e88692b
runtime.gcBgMarkStartWorkers.gowrap1()
	/usr/lib/golang/src/runtime/mgc.go:1695 +0x17 fp=0x27c2b2ce37e0 sp=0x27c2b2ce37c8 pc=0x55663e886817
runtime.goexit({})
	/usr/lib/golang/src/runtime/asm_amd64.s:1771 +0x1 fp=0x27c2b2ce37e8 sp=0x27c2b2ce37e0 pc=0x55663e8e5b41
created by runtime.gcBgMarkStartWorkers in goroutine 1
	/usr/lib/golang/src/runtime/mgc.go:1695 +0x105

goroutine 249 gp=0x27c2b2cdb0e0 m=nil [GC worker (idle)]:
runtime.gopark(0x0?, 0x0?, 0x0?, 0x0?, 0x0?)
	/usr/lib/golang/src/runtime/proc.go:462 +0xce fp=0x27c2b2ce3f40 sp=0x27c2b2ce3f20 pc=0x55663e8de0ae
runtime.gcBgMarkWorker(0x27c2b2d02070)
	/usr/lib/golang/src/runtime/mgc.go:1791 +0xeb fp=0x27c2b2ce3fc8 sp=0x27c2b2ce3f40 pc=0x55663e88692b
runtime.gcBgMarkStartWorkers.gowrap1()
	/usr/lib/golang/src/runtime/mgc.go:1695 +0x17 fp=0x27c2b2ce3fe0 sp=0x27c2b2ce3fc8 pc=0x55663e886817
runtime.goexit({})
	/usr/lib/golang/src/runtime/asm_amd64.s:1771 +0x1 fp=0x27c2b2ce3fe8 sp=0x27c2b2ce3fe0 pc=0x55663e8e5b41
created by runtime.gcBgMarkStartWorkers in goroutine 1
	/usr/lib/golang/src/runtime/mgc.go:1695 +0x105

goroutine 250 gp=0x27c2b2cdb2c0 m=nil [GC worker (idle)]:
runtime.gopark(0x0?, 0x0?, 0x0?, 0x0?, 0x0?)
	/usr/lib/golang/src/runtime/proc.go:462 +0xce fp=0x27c2b2cdc740 sp=0x27c2b2cdc720 pc=0x55663e8de0ae
runtime.gcBgMarkWorker(0x27c2b2d02070)
	/usr/lib/golang/src/runtime/mgc.go:1791 +0xeb fp=0x27c2b2cdc7c8 sp=0x27c2b2cdc740 pc=0x55663e88692b
runtime.gcBgMarkStartWorkers.gowrap1()
	/usr/lib/golang/src/runtime/mgc.go:1695 +0x17 fp=0x27c2b2cdc7e0 sp=0x27c2b2cdc7c8 pc=0x55663e886817
runtime.goexit({})
	/usr/lib/golang/src/runtime/asm_amd64.s:1771 +0x1 fp=0x27c2b2cdc7e8 sp=0x27c2b2cdc7e0 pc=0x55663e8e5b41
created by runtime.gcBgMarkStartWorkers in goroutine 1
	/usr/lib/golang/src/runtime/mgc.go:1695 +0x105

goroutine 251 gp=0x27c2b2cdb4a0 m=nil [GC worker (idle)]:
runtime.gopark(0x0?, 0x0?, 0x0?, 0x0?, 0x0?)
	/usr/lib/golang/src/runtime/proc.go:462 +0xce fp=0x27c2b2cdcf40 sp=0x27c2b2cdcf20 pc=0x55663e8de0ae
runtime.gcBgMarkWorker(0x27c2b2d02070)
	/usr/lib/golang/src/runtime/mgc.go:1791 +0xeb fp=0x27c2b2cdcfc8 sp=0x27c2b2cdcf40 pc=0x55663e88692b
runtime.gcBgMarkStartWorkers.gowrap1()
	/usr/lib/golang/src/runtime/mgc.go:1695 +0x17 fp=0x27c2b2cdcfe0 sp=0x27c2b2cdcfc8 pc=0x55663e886817
runtime.goexit({})
	/usr/lib/golang/src/runtime/asm_amd64.s:1771 +0x1 fp=0x27c2b2cdcfe8 sp=0x27c2b2cdcfe0 pc=0x55663e8e5b41
created by runtime.gcBgMarkStartWorkers in goroutine 1
	/usr/lib/golang/src/runtime/mgc.go:1695 +0x105

goroutine 252 gp=0x27c2b2cdb680 m=nil [GC worker (idle)]:
runtime.gopark(0x0?, 0x0?, 0x0?, 0x0?, 0x0?)
	/usr/lib/golang/src/runtime/proc.go:462 +0xce fp=0x27c2b2cdd740 sp=0x27c2b2cdd720 pc=0x55663e8de0ae
runtime.gcBgMarkWorker(0x27c2b2d02070)
	/usr/lib/golang/src/runtime/mgc.go:1791 +0xeb fp=0x27c2b2cdd7c8 sp=0x27c2b2cdd740 pc=0x55663e88692b
runtime.gcBgMarkStartWorkers.gowrap1()
	/usr/lib/golang/src/runtime/mgc.go:1695 +0x17 fp=0x27c2b2cdd7e0 sp=0x27c2b2cdd7c8 pc=0x55663e886817
runtime.goexit({})
	/usr/lib/golang/src/runtime/asm_amd64.s:1771 +0x1 fp=0x27c2b2cdd7e8 sp=0x27c2b2cdd7e0 pc=0x55663e8e5b41
created by runtime.gcBgMarkStartWorkers in goroutine 1
	/usr/lib/golang/src/runtime/mgc.go:1695 +0x105

goroutine 180 gp=0x27c2b2d903c0 m=nil [GC worker (idle)]:
runtime.gopark(0x0?, 0x0?, 0x0?, 0x0?, 0x0?)
	/usr/lib/golang/src/runtime/proc.go:462 +0xce fp=0x27c2b2cbd740 sp=0x27c2b2cbd720 pc=0x55663e8de0ae
runtime.gcBgMarkWorker(0x27c2b2d02070)
	/usr/lib/golang/src/runtime/mgc.go:1791 +0xeb fp=0x27c2b2cbd7c8 sp=0x27c2b2cbd740 pc=0x55663e88692b
runtime.gcBgMarkStartWorkers.gowrap1()
	/usr/lib/golang/src/runtime/mgc.go:1695 +0x17 fp=0x27c2b2cbd7e0 sp=0x27c2b2cbd7c8 pc=0x55663e886817
runtime.goexit({})
	/usr/lib/golang/src/runtime/asm_amd64.s:1771 +0x1 fp=0x27c2b2cbd7e8 sp=0x27c2b2cbd7e0 pc=0x55663e8e5b41
created by runtime.gcBgMarkStartWorkers in goroutine 1
	/usr/lib/golang/src/runtime/mgc.go:1695 +0x105

goroutine 227 gp=0x27c2b2c674a0 m=nil [GC worker (idle)]:
runtime.gopark(0x0?, 0x0?, 0x0?, 0x0?, 0x0?)
	/usr/lib/golang/src/runtime/proc.go:462 +0xce fp=0x27c2b2cd0f40 sp=0x27c2b2cd0f20 pc=0x55663e8de0ae
runtime.gcBgMarkWorker(0x27c2b2d02070)
	/usr/lib/golang/src/runtime/mgc.go:1791 +0xeb fp=0x27c2b2cd0fc8 sp=0x27c2b2cd0f40 pc=0x55663e88692b
runtime.gcBgMarkStartWorkers.gowrap1()
	/usr/lib/golang/src/runtime/mgc.go:1695 +0x17 fp=0x27c2b2cd0fe0 sp=0x27c2b2cd0fc8 pc=0x55663e886817
runtime.goexit({})
	/usr/lib/golang/src/runtime/asm_amd64.s:1771 +0x1 fp=0x27c2b2cd0fe8 sp=0x27c2b2cd0fe0 pc=0x55663e8e5b41
created by runtime.gcBgMarkStartWorkers in goroutine 1
	/usr/lib/golang/src/runtime/mgc.go:1695 +0x105

goroutine 253 gp=0x27c2b2cdb860 m=nil [GC worker (idle)]:
runtime.gopark(0x0?, 0x0?, 0x0?, 0x0?, 0x0?)
	/usr/lib/golang/src/runtime/proc.go:462 +0xce fp=0x27c2b2cddf40 sp=0x27c2b2cddf20 pc=0x55663e8de0ae
runtime.gcBgMarkWorker(0x27c2b2d02070)
	/usr/lib/golang/src/runtime/mgc.go:1791 +0xeb fp=0x27c2b2cddfc8 sp=0x27c2b2cddf40 pc=0x55663e88692b
runtime.gcBgMarkStartWorkers.gowrap1()
	/usr/lib/golang/src/runtime/mgc.go:1695 +0x17 fp=0x27c2b2cddfe0 sp=0x27c2b2cddfc8 pc=0x55663e886817
runtime.goexit({})
	/usr/lib/golang/src/runtime/asm_amd64.s:1771 +0x1 fp=0x27c2b2cddfe8 sp=0x27c2b2cddfe0 pc=0x55663e8e5b41
created by runtime.gcBgMarkStartWorkers in goroutine 1
	/usr/lib/golang/src/runtime/mgc.go:1695 +0x105

goroutine 228 gp=0x27c2b2c67680 m=nil [GC worker (idle)]:
runtime.gopark(0x0?, 0x0?, 0x0?, 0x0?, 0x0?)
	/usr/lib/golang/src/runtime/proc.go:462 +0xce fp=0x27c2b2cd1740 sp=0x27c2b2cd1720 pc=0x55663e8de0ae
runtime.gcBgMarkWorker(0x27c2b2d02070)
	/usr/lib/golang/src/runtime/mgc.go:1791 +0xeb fp=0x27c2b2cd17c8 sp=0x27c2b2cd1740 pc=0x55663e88692b
runtime.gcBgMarkStartWorkers.gowrap1()
	/usr/lib/golang/src/runtime/mgc.go:1695 +0x17 fp=0x27c2b2cd17e0 sp=0x27c2b2cd17c8 pc=0x55663e886817
runtime.goexit({})
	/usr/lib/golang/src/runtime/asm_amd64.s:1771 +0x1 fp=0x27c2b2cd17e8 sp=0x27c2b2cd17e0 pc=0x55663e8e5b41
created by runtime.gcBgMarkStartWorkers in goroutine 1
	/usr/lib/golang/src/runtime/mgc.go:1695 +0x105

goroutine 229 gp=0x27c2b2c67860 m=nil [GC worker (idle)]:
runtime.gopark(0x0?, 0x0?, 0x0?, 0x0?, 0x0?)
	/usr/lib/golang/src/runtime/proc.go:462 +0xce fp=0x27c2b2cd1f40 sp=0x27c2b2cd1f20 pc=0x55663e8de0ae
runtime.gcBgMarkWorker(0x27c2b2d02070)
	/usr/lib/golang/src/runtime/mgc.go:1791 +0xeb fp=0x27c2b2cd1fc8 sp=0x27c2b2cd1f40 pc=0x55663e88692b
runtime.gcBgMarkStartWorkers.gowrap1()
	/usr/lib/golang/src/runtime/mgc.go:1695 +0x17 fp=0x27c2b2cd1fe0 sp=0x27c2b2cd1fc8 pc=0x55663e886817
runtime.goexit({})
	/usr/lib/golang/src/runtime/asm_amd64.s:1771 +0x1 fp=0x27c2b2cd1fe8 sp=0x27c2b2cd1fe0 pc=0x55663e8e5b41
created by runtime.gcBgMarkStartWorkers in goroutine 1
	/usr/lib/golang/src/runtime/mgc.go:1695 +0x105

goroutine 230 gp=0x27c2b2c67a40 m=nil [GC worker (idle)]:
runtime.gopark(0x0?, 0x0?, 0x0?, 0x0?, 0x0?)
	/usr/lib/golang/src/runtime/proc.go:462 +0xce fp=0x27c2b2cd2740 sp=0x27c2b2cd2720 pc=0x55663e8de0ae
runtime.gcBgMarkWorker(0x27c2b2d02070)
	/usr/lib/golang/src/runtime/mgc.go:1791 +0xeb fp=0x27c2b2cd27c8 sp=0x27c2b2cd2740 pc=0x55663e88692b
runtime.gcBgMarkStartWorkers.gowrap1()
	/usr/lib/golang/src/runtime/mgc.go:1695 +0x17 fp=0x27c2b2cd27e0 sp=0x27c2b2cd27c8 pc=0x55663e886817
runtime.goexit({})
	/usr/lib/golang/src/runtime/asm_amd64.s:1771 +0x1 fp=0x27c2b2cd27e8 sp=0x27c2b2cd27e0 pc=0x55663e8e5b41
created by runtime.gcBgMarkStartWorkers in goroutine 1
	/usr/lib/golang/src/runtime/mgc.go:1695 +0x105

goroutine 231 gp=0x27c2b2c67c20 m=nil [GC worker (idle)]:
runtime.gopark(0x0?, 0x0?, 0x0?, 0x0?, 0x0?)
	/usr/lib/golang/src/runtime/proc.go:462 +0xce fp=0x27c2b2cd2f40 sp=0x27c2b2cd2f20 pc=0x55663e8de0ae
runtime.gcBgMarkWorker(0x27c2b2d02070)
	/usr/lib/golang/src/runtime/mgc.go:1791 +0xeb fp=0x27c2b2cd2fc8 sp=0x27c2b2cd2f40 pc=0x55663e88692b
runtime.gcBgMarkStartWorkers.gowrap1()
	/usr/lib/golang/src/runtime/mgc.go:1695 +0x17 fp=0x27c2b2cd2fe0 sp=0x27c2b2cd2fc8 pc=0x55663e886817
runtime.goexit({})
	/usr/lib/golang/src/runtime/asm_amd64.s:1771 +0x1 fp=0x27c2b2cd2fe8 sp=0x27c2b2cd2fe0 pc=0x55663e8e5b41
created by runtime.gcBgMarkStartWorkers in goroutine 1
	/usr/lib/golang/src/runtime/mgc.go:1695 +0x105

goroutine 232 gp=0x27c2b2c6a000 m=nil [GC worker (idle)]:
runtime.gopark(0x0?, 0x0?, 0x0?, 0x0?, 0x0?)
	/usr/lib/golang/src/runtime/proc.go:462 +0xce fp=0x27c2b2cd3740 sp=0x27c2b2cd3720 pc=0x55663e8de0ae
runtime.gcBgMarkWorker(0x27c2b2d02070)
	/usr/lib/golang/src/runtime/mgc.go:1791 +0xeb fp=0x27c2b2cd37c8 sp=0x27c2b2cd3740 pc=0x55663e88692b
runtime.gcBgMarkStartWorkers.gowrap1()
	/usr/lib/golang/src/runtime/mgc.go:1695 +0x17 fp=0x27c2b2cd37e0 sp=0x27c2b2cd37c8 pc=0x55663e886817
runtime.goexit({})
	/usr/lib/golang/src/runtime/asm_amd64.s:1771 +0x1 fp=0x27c2b2cd37e8 sp=0x27c2b2cd37e0 pc=0x55663e8e5b41
created by runtime.gcBgMarkStartWorkers in goroutine 1
	/usr/lib/golang/src/runtime/mgc.go:1695 +0x105

goroutine 233 gp=0x27c2b2c6a1e0 m=nil [GC worker (idle)]:
runtime.gopark(0x0?, 0x0?, 0x0?, 0x0?, 0x0?)
	/usr/lib/golang/src/runtime/proc.go:462 +0xce fp=0x27c2b2cd3f40 sp=0x27c2b2cd3f20 pc=0x55663e8de0ae
runtime.gcBgMarkWorker(0x27c2b2d02070)
	/usr/lib/golang/src/runtime/mgc.go:1791 +0xeb fp=0x27c2b2cd3fc8 sp=0x27c2b2cd3f40 pc=0x55663e88692b
runtime.gcBgMarkStartWorkers.gowrap1()
	/usr/lib/golang/src/runtime/mgc.go:1695 +0x17 fp=0x27c2b2cd3fe0 sp=0x27c2b2cd3fc8 pc=0x55663e886817
runtime.goexit({})
	/usr/lib/golang/src/runtime/asm_amd64.s:1771 +0x1 fp=0x27c2b2cd3fe8 sp=0x27c2b2cd3fe0 pc=0x55663e8e5b41
created by runtime.gcBgMarkStartWorkers in goroutine 1
	/usr/lib/golang/src/runtime/mgc.go:1695 +0x105

goroutine 234 gp=0x27c2b2c6a3c0 m=nil [GC worker (idle)]:
runtime.gopark(0x0?, 0x0?, 0x0?, 0x0?, 0x0?)
	/usr/lib/golang/src/runtime/proc.go:462 +0xce fp=0x27c2b2c70740 sp=0x27c2b2c70720 pc=0x55663e8de0ae
runtime.gcBgMarkWorker(0x27c2b2d02070)
	/usr/lib/golang/src/runtime/mgc.go:1791 +0xeb fp=0x27c2b2c707c8 sp=0x27c2b2c70740 pc=0x55663e88692b
runtime.gcBgMarkStartWorkers.gowrap1()
	/usr/lib/golang/src/runtime/mgc.go:1695 +0x17 fp=0x27c2b2c707e0 sp=0x27c2b2c707c8 pc=0x55663e886817
runtime.goexit({})
	/usr/lib/golang/src/runtime/asm_amd64.s:1771 +0x1 fp=0x27c2b2c707e8 sp=0x27c2b2c707e0 pc=0x55663e8e5b41
created by runtime.gcBgMarkStartWorkers in goroutine 1
	/usr/lib/golang/src/runtime/mgc.go:1695 +0x105

goroutine 254 gp=0x27c2b2cdba40 m=nil [GC worker (idle)]:
runtime.gopark(0x0?, 0x0?, 0x0?, 0x0?, 0x0?)
	/usr/lib/golang/src/runtime/proc.go:462 +0xce fp=0x27c2b2cde740 sp=0x27c2b2cde720 pc=0x55663e8de0ae
runtime.gcBgMarkWorker(0x27c2b2d02070)
	/usr/lib/golang/src/runtime/mgc.go:1791 +0xeb fp=0x27c2b2cde7c8 sp=0x27c2b2cde740 pc=0x55663e88692b
runtime.gcBgMarkStartWorkers.gowrap1()
	/usr/lib/golang/src/runtime/mgc.go:1695 +0x17 fp=0x27c2b2cde7e0 sp=0x27c2b2cde7c8 pc=0x55663e886817
runtime.goexit({})
	/usr/lib/golang/src/runtime/asm_amd64.s:1771 +0x1 fp=0x27c2b2cde7e8 sp=0x27c2b2cde7e0 pc=0x55663e8e5b41
created by runtime.gcBgMarkStartWorkers in goroutine 1
	/usr/lib/golang/src/runtime/mgc.go:1695 +0x105

goroutine 255 gp=0x27c2b2cdbc20 m=nil [GC worker (idle)]:
runtime.gopark(0x0?, 0x0?, 0x0?, 0x0?, 0x0?)
	/usr/lib/golang/src/runtime/proc.go:462 +0xce fp=0x27c2b2cdef40 sp=0x27c2b2cdef20 pc=0x55663e8de0ae
runtime.gcBgMarkWorker(0x27c2b2d02070)
	/usr/lib/golang/src/runtime/mgc.go:1791 +0xeb fp=0x27c2b2cdefc8 sp=0x27c2b2cdef40 pc=0x55663e88692b
runtime.gcBgMarkStartWorkers.gowrap1()
	/usr/lib/golang/src/runtime/mgc.go:1695 +0x17 fp=0x27c2b2cdefe0 sp=0x27c2b2cdefc8 pc=0x55663e886817
runtime.goexit({})
	/usr/lib/golang/src/runtime/asm_amd64.s:1771 +0x1 fp=0x27c2b2cdefe8 sp=0x27c2b2cdefe0 pc=0x55663e8e5b41
created by runtime.gcBgMarkStartWorkers in goroutine 1
	/usr/lib/golang/src/runtime/mgc.go:1695 +0x105

goroutine 256 gp=0x27c2b2ce6000 m=nil [GC worker (idle)]:
runtime.gopark(0x0?, 0x0?, 0x0?, 0x0?, 0x0?)
	/usr/lib/golang/src/runtime/proc.go:462 +0xce fp=0x27c2b2cdf740 sp=0x27c2b2cdf720 pc=0x55663e8de0ae
runtime.gcBgMarkWorker(0x27c2b2d02070)
	/usr/lib/golang/src/runtime/mgc.go:1791 +0xeb fp=0x27c2b2cdf7c8 sp=0x27c2b2cdf740 pc=0x55663e88692b
runtime.gcBgMarkStartWorkers.gowrap1()
	/usr/lib/golang/src/runtime/mgc.go:1695 +0x17 fp=0x27c2b2cdf7e0 sp=0x27c2b2cdf7c8 pc=0x55663e886817
runtime.goexit({})
	/usr/lib/golang/src/runtime/asm_amd64.s:1771 +0x1 fp=0x27c2b2cdf7e8 sp=0x27c2b2cdf7e0 pc=0x55663e8e5b41
created by runtime.gcBgMarkStartWorkers in goroutine 1
	/usr/lib/golang/src/runtime/mgc.go:1695 +0x105

goroutine 257 gp=0x27c2b2ce61e0 m=nil [GC worker (idle)]:
runtime.gopark(0x0?, 0x0?, 0x0?, 0x0?, 0x0?)
	/usr/lib/golang/src/runtime/proc.go:462 +0xce fp=0x27c2b2cdff40 sp=0x27c2b2cdff20 pc=0x55663e8de0ae
runtime.gcBgMarkWorker(0x27c2b2d02070)
	/usr/lib/golang/src/runtime/mgc.go:1791 +0xeb fp=0x27c2b2cdffc8 sp=0x27c2b2cdff40 pc=0x55663e88692b
runtime.gcBgMarkStartWorkers.gowrap1()
	/usr/lib/golang/src/runtime/mgc.go:1695 +0x17 fp=0x27c2b2cdffe0 sp=0x27c2b2cdffc8 pc=0x55663e886817
runtime.goexit({})
	/usr/lib/golang/src/runtime/asm_amd64.s:1771 +0x1 fp=0x27c2b2cdffe8 sp=0x27c2b2cdffe0 pc=0x55663e8e5b41
created by runtime.gcBgMarkStartWorkers in goroutine 1
	/usr/lib/golang/src/runtime/mgc.go:1695 +0x105

goroutine 258 gp=0x27c2b2ce63c0 m=nil [GC worker (idle)]:
runtime.gopark(0x0?, 0x0?, 0x0?, 0x0?, 0x0?)
	/usr/lib/golang/src/runtime/proc.go:462 +0xce fp=0x27c2b2c6c740 sp=0x27c2b2c6c720 pc=0x55663e8de0ae
runtime.gcBgMarkWorker(0x27c2b2d02070)
	/usr/lib/golang/src/runtime/mgc.go:1791 +0xeb fp=0x27c2b2c6c7c8 sp=0x27c2b2c6c740 pc=0x55663e88692b
runtime.gcBgMarkStartWorkers.gowrap1()
	/usr/lib/golang/src/runtime/mgc.go:1695 +0x17 fp=0x27c2b2c6c7e0 sp=0x27c2b2c6c7c8 pc=0x55663e886817
runtime.goexit({})
	/usr/lib/golang/src/runtime/asm_amd64.s:1771 +0x1 fp=0x27c2b2c6c7e8 sp=0x27c2b2c6c7e0 pc=0x55663e8e5b41
created by runtime.gcBgMarkStartWorkers in goroutine 1
	/usr/lib/golang/src/runtime/mgc.go:1695 +0x105

goroutine 259 gp=0x27c2b2ce65a0 m=nil [GC worker (idle)]:
runtime.gopark(0x0?, 0x0?, 0x0?, 0x0?, 0x0?)
	/usr/lib/golang/src/runtime/proc.go:462 +0xce fp=0x27c2b2c6cf40 sp=0x27c2b2c6cf20 pc=0x55663e8de0ae
runtime.gcBgMarkWorker(0x27c2b2d02070)
	/usr/lib/golang/src/runtime/mgc.go:1791 +0xeb fp=0x27c2b2c6cfc8 sp=0x27c2b2c6cf40 pc=0x55663e88692b
runtime.gcBgMarkStartWorkers.gowrap1()
	/usr/lib/golang/src/runtime/mgc.go:1695 +0x17 fp=0x27c2b2c6cfe0 sp=0x27c2b2c6cfc8 pc=0x55663e886817
runtime.goexit({})
	/usr/lib/golang/src/runtime/asm_amd64.s:1771 +0x1 fp=0x27c2b2c6cfe8 sp=0x27c2b2c6cfe0 pc=0x55663e8e5b41
created by runtime.gcBgMarkStartWorkers in goroutine 1
	/usr/lib/golang/src/runtime/mgc.go:1695 +0x105

goroutine 260 gp=0x27c2b2ce6780 m=nil [GC worker (idle)]:
runtime.gopark(0x0?, 0x0?, 0x0?, 0x0?, 0x0?)
	/usr/lib/golang/src/runtime/proc.go:462 +0xce fp=0x27c2b2c6d740 sp=0x27c2b2c6d720 pc=0x55663e8de0ae
runtime.gcBgMarkWorker(0x27c2b2d02070)
	/usr/lib/golang/src/runtime/mgc.go:1791 +0xeb fp=0x27c2b2c6d7c8 sp=0x27c2b2c6d740 pc=0x55663e88692b
runtime.gcBgMarkStartWorkers.gowrap1()
	/usr/lib/golang/src/runtime/mgc.go:1695 +0x17 fp=0x27c2b2c6d7e0 sp=0x27c2b2c6d7c8 pc=0x55663e886817
runtime.goexit({})
	/usr/lib/golang/src/runtime/asm_amd64.s:1771 +0x1 fp=0x27c2b2c6d7e8 sp=0x27c2b2c6d7e0 pc=0x55663e8e5b41
created by runtime.gcBgMarkStartWorkers in goroutine 1
	/usr/lib/golang/src/runtime/mgc.go:1695 +0x105

goroutine 261 gp=0x27c2b2ce6960 m=nil [GC worker (idle)]:
runtime.gopark(0x0?, 0x0?, 0x0?, 0x0?, 0x0?)
	/usr/lib/golang/src/runtime/proc.go:462 +0xce fp=0x27c2b2c6df40 sp=0x27c2b2c6df20 pc=0x55663e8de0ae
runtime.gcBgMarkWorker(0x27c2b2d02070)
	/usr/lib/golang/src/runtime/mgc.go:1791 +0xeb fp=0x27c2b2c6dfc8 sp=0x27c2b2c6df40 pc=0x55663e88692b
runtime.gcBgMarkStartWorkers.gowrap1()
	/usr/lib/golang/src/runtime/mgc.go:1695 +0x17 fp=0x27c2b2c6dfe0 sp=0x27c2b2c6dfc8 pc=0x55663e886817
runtime.goexit({})
	/usr/lib/golang/src/runtime/asm_amd64.s:1771 +0x1 fp=0x27c2b2c6dfe8 sp=0x27c2b2c6dfe0 pc=0x55663e8e5b41
created by runtime.gcBgMarkStartWorkers in goroutine 1
	/usr/lib/golang/src/runtime/mgc.go:1695 +0x105

goroutine 262 gp=0x27c2b2ce6b40 m=nil [GC worker (idle)]:
runtime.gopark(0x0?, 0x0?, 0x0?, 0x0?, 0x0?)
	/usr/lib/golang/src/runtime/proc.go:462 +0xce fp=0x27c2b2c6e740 sp=0x27c2b2c6e720 pc=0x55663e8de0ae
runtime.gcBgMarkWorker(0x27c2b2d02070)
	/usr/lib/golang/src/runtime/mgc.go:1791 +0xeb fp=0x27c2b2c6e7c8 sp=0x27c2b2c6e740 pc=0x55663e88692b
runtime.gcBgMarkStartWorkers.gowrap1()
	/usr/lib/golang/src/runtime/mgc.go:1695 +0x17 fp=0x27c2b2c6e7e0 sp=0x27c2b2c6e7c8 pc=0x55663e886817
runtime.goexit({})
	/usr/lib/golang/src/runtime/asm_amd64.s:1771 +0x1 fp=0x27c2b2c6e7e8 sp=0x27c2b2c6e7e0 pc=0x55663e8e5b41
created by runtime.gcBgMarkStartWorkers in goroutine 1
	/usr/lib/golang/src/runtime/mgc.go:1695 +0x105

goroutine 263 gp=0x27c2b2ce6d20 m=nil [GC worker (idle)]:
runtime.gopark(0x0?, 0x0?, 0x0?, 0x0?, 0x0?)
	/usr/lib/golang/src/runtime/proc.go:462 +0xce fp=0x27c2b2c6ef40 sp=0x27c2b2c6ef20 pc=0x55663e8de0ae
runtime.gcBgMarkWorker(0x27c2b2d02070)
	/usr/lib/golang/src/runtime/mgc.go:1791 +0xeb fp=0x27c2b2c6efc8 sp=0x27c2b2c6ef40 pc=0x55663e88692b
runtime.gcBgMarkStartWorkers.gowrap1()
	/usr/lib/golang/src/runtime/mgc.go:1695 +0x17 fp=0x27c2b2c6efe0 sp=0x27c2b2c6efc8 pc=0x55663e886817
runtime.goexit({})
	/usr/lib/golang/src/runtime/asm_amd64.s:1771 +0x1 fp=0x27c2b2c6efe8 sp=0x27c2b2c6efe0 pc=0x55663e8e5b41
created by runtime.gcBgMarkStartWorkers in goroutine 1
	/usr/lib/golang/src/runtime/mgc.go:1695 +0x105

goroutine 264 gp=0x27c2b2ce6f00 m=nil [GC worker (idle)]:
runtime.gopark(0x0?, 0x0?, 0x0?, 0x0?, 0x0?)
	/usr/lib/golang/src/runtime/proc.go:462 +0xce fp=0x27c2b2c6f740 sp=0x27c2b2c6f720 pc=0x55663e8de0ae
runtime.gcBgMarkWorker(0x27c2b2d02070)
	/usr/lib/golang/src/runtime/mgc.go:1791 +0xeb fp=0x27c2b2c6f7c8 sp=0x27c2b2c6f740 pc=0x55663e88692b
runtime.gcBgMarkStartWorkers.gowrap1()
	/usr/lib/golang/src/runtime/mgc.go:1695 +0x17 fp=0x27c2b2c6f7e0 sp=0x27c2b2c6f7c8 pc=0x55663e886817
runtime.goexit({})
	/usr/lib/golang/src/runtime/asm_amd64.s:1771 +0x1 fp=0x27c2b2c6f7e8 sp=0x27c2b2c6f7e0 pc=0x55663e8e5b41
created by runtime.gcBgMarkStartWorkers in goroutine 1
	/usr/lib/golang/src/runtime/mgc.go:1695 +0x105

goroutine 265 gp=0x27c2b2ce70e0 m=nil [GC worker (idle)]:
runtime.gopark(0x0?, 0x0?, 0x0?, 0x0?, 0x0?)
	/usr/lib/golang/src/runtime/proc.go:462 +0xce fp=0x27c2b2c6ff40 sp=0x27c2b2c6ff20 pc=0x55663e8de0ae
runtime.gcBgMarkWorker(0x27c2b2d02070)
	/usr/lib/golang/src/runtime/mgc.go:1791 +0xeb fp=0x27c2b2c6ffc8 sp=0x27c2b2c6ff40 pc=0x55663e88692b
runtime.gcBgMarkStartWorkers.gowrap1()
	/usr/lib/golang/src/runtime/mgc.go:1695 +0x17 fp=0x27c2b2c6ffe0 sp=0x27c2b2c6ffc8 pc=0x55663e886817
runtime.goexit({})
	/usr/lib/golang/src/runtime/asm_amd64.s:1771 +0x1 fp=0x27c2b2c6ffe8 sp=0x27c2b2c6ffe0 pc=0x55663e8e5b41
created by runtime.gcBgMarkStartWorkers in goroutine 1
	/usr/lib/golang/src/runtime/mgc.go:1695 +0x105

goroutine 266 gp=0x27c2b2ce72c0 m=nil [GC worker (idle)]:
runtime.gopark(0x0?, 0x0?, 0x0?, 0x0?, 0x0?)
	/usr/lib/golang/src/runtime/proc.go:462 +0xce fp=0x27c2b2cec740 sp=0x27c2b2cec720 pc=0x55663e8de0ae
runtime.gcBgMarkWorker(0x27c2b2d02070)
	/usr/lib/golang/src/runtime/mgc.go:1791 +0xeb fp=0x27c2b2cec7c8 sp=0x27c2b2cec740 pc=0x55663e88692b
runtime.gcBgMarkStartWorkers.gowrap1()
	/usr/lib/golang/src/runtime/mgc.go:1695 +0x17 fp=0x27c2b2cec7e0 sp=0x27c2b2cec7c8 pc=0x55663e886817
runtime.goexit({})
	/usr/lib/golang/src/runtime/asm_amd64.s:1771 +0x1 fp=0x27c2b2cec7e8 sp=0x27c2b2cec7e0 pc=0x55663e8e5b41
created by runtime.gcBgMarkStartWorkers in goroutine 1
	/usr/lib/golang/src/runtime/mgc.go:1695 +0x105

goroutine 267 gp=0x27c2b2ce74a0 m=nil [GC worker (idle)]:
runtime.gopark(0x0?, 0x0?, 0x0?, 0x0?, 0x0?)
	/usr/lib/golang/src/runtime/proc.go:462 +0xce fp=0x27c2b2cecf40 sp=0x27c2b2cecf20 pc=0x55663e8de0ae
runtime.gcBgMarkWorker(0x27c2b2d02070)
	/usr/lib/golang/src/runtime/mgc.go:1791 +0xeb fp=0x27c2b2cecfc8 sp=0x27c2b2cecf40 pc=0x55663e88692b
runtime.gcBgMarkStartWorkers.gowrap1()
	/usr/lib/golang/src/runtime/mgc.go:1695 +0x17 fp=0x27c2b2cecfe0 sp=0x27c2b2cecfc8 pc=0x55663e886817
runtime.goexit({})
	/usr/lib/golang/src/runtime/asm_amd64.s:1771 +0x1 fp=0x27c2b2cecfe8 sp=0x27c2b2cecfe0 pc=0x55663e8e5b41
created by runtime.gcBgMarkStartWorkers in goroutine 1
	/usr/lib/golang/src/runtime/mgc.go:1695 +0x105

goroutine 147 gp=0x27c2b2d305a0 m=nil [GC worker (idle)]:
runtime.gopark(0x0?, 0x0?, 0x0?, 0x0?, 0x0?)
	/usr/lib/golang/src/runtime/proc.go:462 +0xce fp=0x27c2b2ce8740 sp=0x27c2b2ce8720 pc=0x55663e8de0ae
runtime.gcBgMarkWorker(0x27c2b2d02070)
	/usr/lib/golang/src/runtime/mgc.go:1791 +0xeb fp=0x27c2b2ce87c8 sp=0x27c2b2ce8740 pc=0x55663e88692b
runtime.gcBgMarkStartWorkers.gowrap1()
	/usr/lib/golang/src/runtime/mgc.go:1695 +0x17 fp=0x27c2b2ce87e0 sp=0x27c2b2ce87c8 pc=0x55663e886817
runtime.goexit({})
	/usr/lib/golang/src/runtime/asm_amd64.s:1771 +0x1 fp=0x27c2b2ce87e8 sp=0x27c2b2ce87e0 pc=0x55663e8e5b41
created by runtime.gcBgMarkStartWorkers in goroutine 1
	/usr/lib/golang/src/runtime/mgc.go:1695 +0x105

goroutine 148 gp=0x27c2b2d30780 m=nil [GC worker (idle)]:
runtime.gopark(0x0?, 0x0?, 0x0?, 0x0?, 0x0?)
	/usr/lib/golang/src/runtime/proc.go:462 +0xce fp=0x27c2b2ce8f40 sp=0x27c2b2ce8f20 pc=0x55663e8de0ae
runtime.gcBgMarkWorker(0x27c2b2d02070)
	/usr/lib/golang/src/runtime/mgc.go:1791 +0xeb fp=0x27c2b2ce8fc8 sp=0x27c2b2ce8f40 pc=0x55663e88692b
runtime.gcBgMarkStartWorkers.gowrap1()
	/usr/lib/golang/src/runtime/mgc.go:1695 +0x17 fp=0x27c2b2ce8fe0 sp=0x27c2b2ce8fc8 pc=0x55663e886817
runtime.goexit({})
	/usr/lib/golang/src/runtime/asm_amd64.s:1771 +0x1 fp=0x27c2b2ce8fe8 sp=0x27c2b2ce8fe0 pc=0x55663e8e5b41
created by runtime.gcBgMarkStartWorkers in goroutine 1
	/usr/lib/golang/src/runtime/mgc.go:1695 +0x105

goroutine 149 gp=0x27c2b2d30960 m=nil [GC worker (idle)]:
runtime.gopark(0x0?, 0x0?, 0x0?, 0x0?, 0x0?)
	/usr/lib/golang/src/runtime/proc.go:462 +0xce fp=0x27c2b2ce9740 sp=0x27c2b2ce9720 pc=0x55663e8de0ae
runtime.gcBgMarkWorker(0x27c2b2d02070)
	/usr/lib/golang/src/runtime/mgc.go:1791 +0xeb fp=0x27c2b2ce97c8 sp=0x27c2b2ce9740 pc=0x55663e88692b
runtime.gcBgMarkStartWorkers.gowrap1()
	/usr/lib/golang/src/runtime/mgc.go:1695 +0x17 fp=0x27c2b2ce97e0 sp=0x27c2b2ce97c8 pc=0x55663e886817
runtime.goexit({})
	/usr/lib/golang/src/runtime/asm_amd64.s:1771 +0x1 fp=0x27c2b2ce97e8 sp=0x27c2b2ce97e0 pc=0x55663e8e5b41
created by runtime.gcBgMarkStartWorkers in goroutine 1
	/usr/lib/golang/src/runtime/mgc.go:1695 +0x105

goroutine 235 gp=0x27c2b2c6a5a0 m=nil [GC worker (idle)]:
runtime.gopark(0x0?, 0x0?, 0x0?, 0x0?, 0x0?)
	/usr/lib/golang/src/runtime/proc.go:462 +0xce fp=0x27c2b2c70f40 sp=0x27c2b2c70f20 pc=0x55663e8de0ae
runtime.gcBgMarkWorker(0x27c2b2d02070)
	/usr/lib/golang/src/runtime/mgc.go:1791 +0xeb fp=0x27c2b2c70fc8 sp=0x27c2b2c70f40 pc=0x55663e88692b
runtime.gcBgMarkStartWorkers.gowrap1()
	/usr/lib/golang/src/runtime/mgc.go:1695 +0x17 fp=0x27c2b2c70fe0 sp=0x27c2b2c70fc8 pc=0x55663e886817
runtime.goexit({})
	/usr/lib/golang/src/runtime/asm_amd64.s:1771 +0x1 fp=0x27c2b2c70fe8 sp=0x27c2b2c70fe0 pc=0x55663e8e5b41
created by runtime.gcBgMarkStartWorkers in goroutine 1
	/usr/lib/golang/src/runtime/mgc.go:1695 +0x105

goroutine 236 gp=0x27c2b2c6a780 m=nil [GC worker (idle)]:
runtime.gopark(0x0?, 0x0?, 0x0?, 0x0?, 0x0?)
	/usr/lib/golang/src/runtime/proc.go:462 +0xce fp=0x27c2b2c71740 sp=0x27c2b2c71720 pc=0x55663e8de0ae
runtime.gcBgMarkWorker(0x27c2b2d02070)
	/usr/lib/golang/src/runtime/mgc.go:1791 +0xeb fp=0x27c2b2c717c8 sp=0x27c2b2c71740 pc=0x55663e88692b
runtime.gcBgMarkStartWorkers.gowrap1()
	/usr/lib/golang/src/runtime/mgc.go:1695 +0x17 fp=0x27c2b2c717e0 sp=0x27c2b2c717c8 pc=0x55663e886817
runtime.goexit({})
	/usr/lib/golang/src/runtime/asm_amd64.s:1771 +0x1 fp=0x27c2b2c717e8 sp=0x27c2b2c717e0 pc=0x55663e8e5b41
created by runtime.gcBgMarkStartWorkers in goroutine 1
	/usr/lib/golang/src/runtime/mgc.go:1695 +0x105

goroutine 237 gp=0x27c2b2c6a960 m=nil [GC worker (idle)]:
runtime.gopark(0x0?, 0x0?, 0x0?, 0x0?, 0x0?)
	/usr/lib/golang/src/runtime/proc.go:462 +0xce fp=0x27c2b2c71f40 sp=0x27c2b2c71f20 pc=0x55663e8de0ae
runtime.gcBgMarkWorker(0x27c2b2d02070)
	/usr/lib/golang/src/runtime/mgc.go:1791 +0xeb fp=0x27c2b2c71fc8 sp=0x27c2b2c71f40 pc=0x55663e88692b
runtime.gcBgMarkStartWorkers.gowrap1()
	/usr/lib/golang/src/runtime/mgc.go:1695 +0x17 fp=0x27c2b2c71fe0 sp=0x27c2b2c71fc8 pc=0x55663e886817
runtime.goexit({})
	/usr/lib/golang/src/runtime/asm_amd64.s:1771 +0x1 fp=0x27c2b2c71fe8 sp=0x27c2b2c71fe0 pc=0x55663e8e5b41
created by runtime.gcBgMarkStartWorkers in goroutine 1
	/usr/lib/golang/src/runtime/mgc.go:1695 +0x105

goroutine 238 gp=0x27c2b2c6ab40 m=nil [GC worker (idle)]:
runtime.gopark(0x0?, 0x0?, 0x0?, 0x0?, 0x0?)
	/usr/lib/golang/src/runtime/proc.go:462 +0xce fp=0x27c2b2c72740 sp=0x27c2b2c72720 pc=0x55663e8de0ae
runtime.gcBgMarkWorker(0x27c2b2d02070)
	/usr/lib/golang/src/runtime/mgc.go:1791 +0xeb fp=0x27c2b2c727c8 sp=0x27c2b2c72740 pc=0x55663e88692b
runtime.gcBgMarkStartWorkers.gowrap1()
	/usr/lib/golang/src/runtime/mgc.go:1695 +0x17 fp=0x27c2b2c727e0 sp=0x27c2b2c727c8 pc=0x55663e886817
runtime.goexit({})
	/usr/lib/golang/src/runtime/asm_amd64.s:1771 +0x1 fp=0x27c2b2c727e8 sp=0x27c2b2c727e0 pc=0x55663e8e5b41
created by runtime.gcBgMarkStartWorkers in goroutine 1
	/usr/lib/golang/src/runtime/mgc.go:1695 +0x105

goroutine 268 gp=0x27c2b2ce7680 m=nil [GC worker (idle)]:
runtime.gopark(0x0?, 0x0?, 0x0?, 0x0?, 0x0?)
	/usr/lib/golang/src/runtime/proc.go:462 +0xce fp=0x27c2b2ced740 sp=0x27c2b2ced720 pc=0x55663e8de0ae
runtime.gcBgMarkWorker(0x27c2b2d02070)
	/usr/lib/golang/src/runtime/mgc.go:1791 +0xeb fp=0x27c2b2ced7c8 sp=0x27c2b2ced740 pc=0x55663e88692b
runtime.gcBgMarkStartWorkers.gowrap1()
	/usr/lib/golang/src/runtime/mgc.go:1695 +0x17 fp=0x27c2b2ced7e0 sp=0x27c2b2ced7c8 pc=0x55663e886817
runtime.goexit({})
	/usr/lib/golang/src/runtime/asm_amd64.s:1771 +0x1 fp=0x27c2b2ced7e8 sp=0x27c2b2ced7e0 pc=0x55663e8e5b41
created by runtime.gcBgMarkStartWorkers in goroutine 1
	/usr/lib/golang/src/runtime/mgc.go:1695 +0x105

goroutine 150 gp=0x27c2b2d30b40 m=nil [GC worker (idle)]:
runtime.gopark(0x0?, 0x0?, 0x0?, 0x0?, 0x0?)
	/usr/lib/golang/src/runtime/proc.go:462 +0xce fp=0x27c2b2ce9f40 sp=0x27c2b2ce9f20 pc=0x55663e8de0ae
runtime.gcBgMarkWorker(0x27c2b2d02070)
	/usr/lib/golang/src/runtime/mgc.go:1791 +0xeb fp=0x27c2b2ce9fc8 sp=0x27c2b2ce9f40 pc=0x55663e88692b
runtime.gcBgMarkStartWorkers.gowrap1()
	/usr/lib/golang/src/runtime/mgc.go:1695 +0x17 fp=0x27c2b2ce9fe0 sp=0x27c2b2ce9fc8 pc=0x55663e886817
runtime.goexit({})
	/usr/lib/golang/src/runtime/asm_amd64.s:1771 +0x1 fp=0x27c2b2ce9fe8 sp=0x27c2b2ce9fe0 pc=0x55663e8e5b41
created by runtime.gcBgMarkStartWorkers in goroutine 1
	/usr/lib/golang/src/runtime/mgc.go:1695 +0x105

goroutine 151 gp=0x27c2b2d30d20 m=nil [GC worker (idle)]:
runtime.gopark(0x0?, 0x0?, 0x0?, 0x0?, 0x0?)
	/usr/lib/golang/src/runtime/proc.go:462 +0xce fp=0x27c2b2cea740 sp=0x27c2b2cea720 pc=0x55663e8de0ae
runtime.gcBgMarkWorker(0x27c2b2d02070)
	/usr/lib/golang/src/runtime/mgc.go:1791 +0xeb fp=0x27c2b2cea7c8 sp=0x27c2b2cea740 pc=0x55663e88692b
runtime.gcBgMarkStartWorkers.gowrap1()
	/usr/lib/golang/src/runtime/mgc.go:1695 +0x17 fp=0x27c2b2cea7e0 sp=0x27c2b2cea7c8 pc=0x55663e886817
runtime.goexit({})
	/usr/lib/golang/src/runtime/asm_amd64.s:1771 +0x1 fp=0x27c2b2cea7e8 sp=0x27c2b2cea7e0 pc=0x55663e8e5b41
created by runtime.gcBgMarkStartWorkers in goroutine 1
	/usr/lib/golang/src/runtime/mgc.go:1695 +0x105

goroutine 152 gp=0x27c2b2d30f00 m=nil [GC worker (idle)]:
runtime.gopark(0x0?, 0x0?, 0x0?, 0x0?, 0x0?)
	/usr/lib/golang/src/runtime/proc.go:462 +0xce fp=0x27c2b2ceaf40 sp=0x27c2b2ceaf20 pc=0x55663e8de0ae
runtime.gcBgMarkWorker(0x27c2b2d02070)
	/usr/lib/golang/src/runtime/mgc.go:1791 +0xeb fp=0x27c2b2ceafc8 sp=0x27c2b2ceaf40 pc=0x55663e88692b
runtime.gcBgMarkStartWorkers.gowrap1()
	/usr/lib/golang/src/runtime/mgc.go:1695 +0x17 fp=0x27c2b2ceafe0 sp=0x27c2b2ceafc8 pc=0x55663e886817
runtime.goexit({})
	/usr/lib/golang/src/runtime/asm_amd64.s:1771 +0x1 fp=0x27c2b2ceafe8 sp=0x27c2b2ceafe0 pc=0x55663e8e5b41
created by runtime.gcBgMarkStartWorkers in goroutine 1
	/usr/lib/golang/src/runtime/mgc.go:1695 +0x105

goroutine 153 gp=0x27c2b2d310e0 m=nil [runnable]:
runtime.gopark(0x0?, 0x0?, 0x0?, 0x0?, 0x0?)
	/usr/lib/golang/src/runtime/proc.go:462 +0xce fp=0x27c2b2ceb740 sp=0x27c2b2ceb720 pc=0x55663e8de0ae
runtime.gcBgMarkWorker(0x27c2b2d02070)
	/usr/lib/golang/src/runtime/mgc.go:1791 +0xeb fp=0x27c2b2ceb7c8 sp=0x27c2b2ceb740 pc=0x55663e88692b
runtime.gcBgMarkStartWorkers.gowrap1()
	/usr/lib/golang/src/runtime/mgc.go:1695 +0x17 fp=0x27c2b2ceb7e0 sp=0x27c2b2ceb7c8 pc=0x55663e886817
runtime.goexit({})
	/usr/lib/golang/src/runtime/asm_amd64.s:1771 +0x1 fp=0x27c2b2ceb7e8 sp=0x27c2b2ceb7e0 pc=0x55663e8e5b41
created by runtime.gcBgMarkStartWorkers in goroutine 1
	/usr/lib/golang/src/runtime/mgc.go:1695 +0x105

goroutine 154 gp=0x27c2b2d312c0 m=8 mp=0x27c2b2d07008 [GC worker (active)]:
runtime.systemstack_switch()
	/usr/lib/golang/src/runtime/asm_amd64.s:516 +0x8 fp=0x27c2b2cebf40 sp=0x27c2b2cebf30 pc=0x55663e8e3ea8
runtime.gcBgMarkWorker(0x27c2b2d02070)
	/usr/lib/golang/src/runtime/mgc.go:1847 +0x1df fp=0x27c2b2cebfc8 sp=0x27c2b2cebf40 pc=0x55663e886a1f
runtime.gcBgMarkStartWorkers.gowrap1()
	/usr/lib/golang/src/runtime/mgc.go:1695 +0x17 fp=0x27c2b2cebfe0 sp=0x27c2b2cebfc8 pc=0x55663e886817
runtime.goexit({})
	/usr/lib/golang/src/runtime/asm_amd64.s:1771 +0x1 fp=0x27c2b2cebfe8 sp=0x27c2b2cebfe0 pc=0x55663e8e5b41
created by runtime.gcBgMarkStartWorkers in goroutine 1
	/usr/lib/golang/src/runtime/mgc.go:1695 +0x105

goroutine 155 gp=0x27c2b2d314a0 m=nil [GC worker (idle)]:
runtime.gopark(0x6829840df6a9b?, 0x0?, 0x0?, 0x0?, 0x0?)
	/usr/lib/golang/src/runtime/proc.go:462 +0xce fp=0x27c2b2d38740 sp=0x27c2b2d38720 pc=0x55663e8de0ae
runtime.gcBgMarkWorker(0x27c2b2d02070)
	/usr/lib/golang/src/runtime/mgc.go:1791 +0xeb fp=0x27c2b2d387c8 sp=0x27c2b2d38740 pc=0x55663e88692b
runtime.gcBgMarkStartWorkers.gowrap1()
	/usr/lib/golang/src/runtime/mgc.go:1695 +0x17 fp=0x27c2b2d387e0 sp=0x27c2b2d387c8 pc=0x55663e886817
runtime.goexit({})
	/usr/lib/golang/src/runtime/asm_amd64.s:1771 +0x1 fp=0x27c2b2d387e8 sp=0x27c2b2d387e0 pc=0x55663e8e5b41
created by runtime.gcBgMarkStartWorkers in goroutine 1
	/usr/lib/golang/src/runtime/mgc.go:1695 +0x105

goroutine 156 gp=0x27c2b2d31680 m=nil [GC worker (idle)]:
runtime.gopark(0x0?, 0x0?, 0x0?, 0x0?, 0x0?)
	/usr/lib/golang/src/runtime/proc.go:462 +0xce fp=0x27c2b2d38f40 sp=0x27c2b2d38f20 pc=0x55663e8de0ae
runtime.gcBgMarkWorker(0x27c2b2d02070)
	/usr/lib/golang/src/runtime/mgc.go:1791 +0xeb fp=0x27c2b2d38fc8 sp=0x27c2b2d38f40 pc=0x55663e88692b
runtime.gcBgMarkStartWorkers.gowrap1()
	/usr/lib/golang/src/runtime/mgc.go:1695 +0x17 fp=0x27c2b2d38fe0 sp=0x27c2b2d38fc8 pc=0x55663e886817
runtime.goexit({})
	/usr/lib/golang/src/runtime/asm_amd64.s:1771 +0x1 fp=0x27c2b2d38fe8 sp=0x27c2b2d38fe0 pc=0x55663e8e5b41
created by runtime.gcBgMarkStartWorkers in goroutine 1
	/usr/lib/golang/src/runtime/mgc.go:1695 +0x105

goroutine 157 gp=0x27c2b2d31860 m=nil [GC worker (idle)]:
runtime.gopark(0x0?, 0x0?, 0x0?, 0x0?, 0x0?)
	/usr/lib/golang/src/runtime/proc.go:462 +0xce fp=0x27c2b2d39740 sp=0x27c2b2d39720 pc=0x55663e8de0ae
runtime.gcBgMarkWorker(0x27c2b2d02070)
	/usr/lib/golang/src/runtime/mgc.go:1791 +0xeb fp=0x27c2b2d397c8 sp=0x27c2b2d39740 pc=0x55663e88692b
runtime.gcBgMarkStartWorkers.gowrap1()
	/usr/lib/golang/src/runtime/mgc.go:1695 +0x17 fp=0x27c2b2d397e0 sp=0x27c2b2d397c8 pc=0x55663e886817
runtime.goexit({})
	/usr/lib/golang/src/runtime/asm_amd64.s:1771 +0x1 fp=0x27c2b2d397e8 sp=0x27c2b2d397e0 pc=0x55663e8e5b41
created by runtime.gcBgMarkStartWorkers in goroutine 1
	/usr/lib/golang/src/runtime/mgc.go:1695 +0x105

goroutine 158 gp=0x27c2b2d31a40 m=nil [GC worker (idle)]:
runtime.gopark(0x0?, 0x0?, 0x0?, 0x0?, 0x0?)
	/usr/lib/golang/src/runtime/proc.go:462 +0xce fp=0x27c2b2d39f40 sp=0x27c2b2d39f20 pc=0x55663e8de0ae
runtime.gcBgMarkWorker(0x27c2b2d02070)
	/usr/lib/golang/src/runtime/mgc.go:1791 +0xeb fp=0x27c2b2d39fc8 sp=0x27c2b2d39f40 pc=0x55663e88692b
runtime.gcBgMarkStartWorkers.gowrap1()
	/usr/lib/golang/src/runtime/mgc.go:1695 +0x17 fp=0x27c2b2d39fe0 sp=0x27c2b2d39fc8 pc=0x55663e886817
runtime.goexit({})
	/usr/lib/golang/src/runtime/asm_amd64.s:1771 +0x1 fp=0x27c2b2d39fe8 sp=0x27c2b2d39fe0 pc=0x55663e8e5b41
created by runtime.gcBgMarkStartWorkers in goroutine 1
	/usr/lib/golang/src/runtime/mgc.go:1695 +0x105

goroutine 159 gp=0x27c2b2d31c20 m=nil [GC worker (idle)]:
runtime.gopark(0x0?, 0x0?, 0x0?, 0x0?, 0x0?)
	/usr/lib/golang/src/runtime/proc.go:462 +0xce fp=0x27c2b2d3a740 sp=0x27c2b2d3a720 pc=0x55663e8de0ae
runtime.gcBgMarkWorker(0x27c2b2d02070)
	/usr/lib/golang/src/runtime/mgc.go:1791 +0xeb fp=0x27c2b2d3a7c8 sp=0x27c2b2d3a740 pc=0x55663e88692b
runtime.gcBgMarkStartWorkers.gowrap1()
	/usr/lib/golang/src/runtime/mgc.go:1695 +0x17 fp=0x27c2b2d3a7e0 sp=0x27c2b2d3a7c8 pc=0x55663e886817
runtime.goexit({})
	/usr/lib/golang/src/runtime/asm_amd64.s:1771 +0x1 fp=0x27c2b2d3a7e8 sp=0x27c2b2d3a7e0 pc=0x55663e8e5b41
created by runtime.gcBgMarkStartWorkers in goroutine 1
	/usr/lib/golang/src/runtime/mgc.go:1695 +0x105

goroutine 160 gp=0x27c2b2d3c000 m=nil [GC worker (idle)]:
runtime.gopark(0x0?, 0x0?, 0x0?, 0x0?, 0x0?)
	/usr/lib/golang/src/runtime/proc.go:462 +0xce fp=0x27c2b2d3af40 sp=0x27c2b2d3af20 pc=0x55663e8de0ae
runtime.gcBgMarkWorker(0x27c2b2d02070)
	/usr/lib/golang/src/runtime/mgc.go:1791 +0xeb fp=0x27c2b2d3afc8 sp=0x27c2b2d3af40 pc=0x55663e88692b
runtime.gcBgMarkStartWorkers.gowrap1()
	/usr/lib/golang/src/runtime/mgc.go:1695 +0x17 fp=0x27c2b2d3afe0 sp=0x27c2b2d3afc8 pc=0x55663e886817
runtime.goexit({})
	/usr/lib/golang/src/runtime/asm_amd64.s:1771 +0x1 fp=0x27c2b2d3afe8 sp=0x27c2b2d3afe0 pc=0x55663e8e5b41
created by runtime.gcBgMarkStartWorkers in goroutine 1
	/usr/lib/golang/src/runtime/mgc.go:1695 +0x105

goroutine 161 gp=0x27c2b2d3c1e0 m=nil [GC worker (idle)]:
runtime.gopark(0x0?, 0x0?, 0x0?, 0x0?, 0x0?)
	/usr/lib/golang/src/runtime/proc.go:462 +0xce fp=0x27c2b2d3b740 sp=0x27c2b2d3b720 pc=0x55663e8de0ae
runtime.gcBgMarkWorker(0x27c2b2d02070)
	/usr/lib/golang/src/runtime/mgc.go:1791 +0xeb fp=0x27c2b2d3b7c8 sp=0x27c2b2d3b740 pc=0x55663e88692b
runtime.gcBgMarkStartWorkers.gowrap1()
	/usr/lib/golang/src/runtime/mgc.go:1695 +0x17 fp=0x27c2b2d3b7e0 sp=0x27c2b2d3b7c8 pc=0x55663e886817
runtime.goexit({})
	/usr/lib/golang/src/runtime/asm_amd64.s:1771 +0x1 fp=0x27c2b2d3b7e8 sp=0x27c2b2d3b7e0 pc=0x55663e8e5b41
created by runtime.gcBgMarkStartWorkers in goroutine 1
	/usr/lib/golang/src/runtime/mgc.go:1695 +0x105

goroutine 274 gp=0x27c2b2d3c3c0 m=nil [GC worker (idle)]:
runtime.gopark(0x0?, 0x0?, 0x0?, 0x0?, 0x0?)
	/usr/lib/golang/src/runtime/proc.go:462 +0xce fp=0x27c2b2d3bf40 sp=0x27c2b2d3bf20 pc=0x55663e8de0ae
runtime.gcBgMarkWorker(0x27c2b2d02070)
	/usr/lib/golang/src/runtime/mgc.go:1791 +0xeb fp=0x27c2b2d3bfc8 sp=0x27c2b2d3bf40 pc=0x55663e88692b
runtime.gcBgMarkStartWorkers.gowrap1()
	/usr/lib/golang/src/runtime/mgc.go:1695 +0x17 fp=0x27c2b2d3bfe0 sp=0x27c2b2d3bfc8 pc=0x55663e886817
runtime.goexit({})
	/usr/lib/golang/src/runtime/asm_amd64.s:1771 +0x1 fp=0x27c2b2d3bfe8 sp=0x27c2b2d3bfe0 pc=0x55663e8e5b41
created by runtime.gcBgMarkStartWorkers in goroutine 1
	/usr/lib/golang/src/runtime/mgc.go:1695 +0x105

goroutine 239 gp=0x27c2b2c6ad20 m=nil [GC worker (idle)]:
runtime.gopark(0x0?, 0x0?, 0x0?, 0x0?, 0x0?)
	/usr/lib/golang/src/runtime/proc.go:462 +0xce fp=0x27c2b2c72f40 sp=0x27c2b2c72f20 pc=0x55663e8de0ae
runtime.gcBgMarkWorker(0x27c2b2d02070)
	/usr/lib/golang/src/runtime/mgc.go:1791 +0xeb fp=0x27c2b2c72fc8 sp=0x27c2b2c72f40 pc=0x55663e88692b
runtime.gcBgMarkStartWorkers.gowrap1()
	/usr/lib/golang/src/runtime/mgc.go:1695 +0x17 fp=0x27c2b2c72fe0 sp=0x27c2b2c72fc8 pc=0x55663e886817
runtime.goexit({})
	/usr/lib/golang/src/runtime/asm_amd64.s:1771 +0x1 fp=0x27c2b2c72fe8 sp=0x27c2b2c72fe0 pc=0x55663e8e5b41
created by runtime.gcBgMarkStartWorkers in goroutine 1
	/usr/lib/golang/src/runtime/mgc.go:1695 +0x105

goroutine 240 gp=0x27c2b2c6af00 m=nil [GC worker (idle)]:
runtime.gopark(0x0?, 0x0?, 0x0?, 0x0?, 0x0?)
	/usr/lib/golang/src/runtime/proc.go:462 +0xce fp=0x27c2b2c73740 sp=0x27c2b2c73720 pc=0x55663e8de0ae
runtime.gcBgMarkWorker(0x27c2b2d02070)
	/usr/lib/golang/src/runtime/mgc.go:1791 +0xeb fp=0x27c2b2c737c8 sp=0x27c2b2c73740 pc=0x55663e88692b
runtime.gcBgMarkStartWorkers.gowrap1()
	/usr/lib/golang/src/runtime/mgc.go:1695 +0x17 fp=0x27c2b2c737e0 sp=0x27c2b2c737c8 pc=0x55663e886817
runtime.goexit({})
	/usr/lib/golang/src/runtime/asm_amd64.s:1771 +0x1 fp=0x27c2b2c737e8 sp=0x27c2b2c737e0 pc=0x55663e8e5b41
created by runtime.gcBgMarkStartWorkers in goroutine 1
	/usr/lib/golang/src/runtime/mgc.go:1695 +0x105

goroutine 241 gp=0x27c2b2c6b0e0 m=nil [GC worker (idle)]:
runtime.gopark(0x0?, 0x0?, 0x0?, 0x0?, 0x0?)
	/usr/lib/golang/src/runtime/proc.go:462 +0xce fp=0x27c2b2c73f40 sp=0x27c2b2c73f20 pc=0x55663e8de0ae
runtime.gcBgMarkWorker(0x27c2b2d02070)
	/usr/lib/golang/src/runtime/mgc.go:1791 +0xeb fp=0x27c2b2c73fc8 sp=0x27c2b2c73f40 pc=0x55663e88692b
runtime.gcBgMarkStartWorkers.gowrap1()
	/usr/lib/golang/src/runtime/mgc.go:1695 +0x17 fp=0x27c2b2c73fe0 sp=0x27c2b2c73fc8 pc=0x55663e886817
runtime.goexit({})
	/usr/lib/golang/src/runtime/asm_amd64.s:1771 +0x1 fp=0x27c2b2c73fe8 sp=0x27c2b2c73fe0 pc=0x55663e8e5b41
created by runtime.gcBgMarkStartWorkers in goroutine 1
	/usr/lib/golang/src/runtime/mgc.go:1695 +0x105

goroutine 290 gp=0x27c2b2c6b2c0 m=nil [GC worker (idle)]:
runtime.gopark(0x0?, 0x0?, 0x0?, 0x0?, 0x0?)
	/usr/lib/golang/src/runtime/proc.go:462 +0xce fp=0x27c2b2d34740 sp=0x27c2b2d34720 pc=0x55663e8de0ae
runtime.gcBgMarkWorker(0x27c2b2d02070)
	/usr/lib/golang/src/runtime/mgc.go:1791 +0xeb fp=0x27c2b2d347c8 sp=0x27c2b2d34740 pc=0x55663e88692b
runtime.gcBgMarkStartWorkers.gowrap1()
	/usr/lib/golang/src/runtime/mgc.go:1695 +0x17 fp=0x27c2b2d347e0 sp=0x27c2b2d347c8 pc=0x55663e886817
runtime.goexit({})
	/usr/lib/golang/src/runtime/asm_amd64.s:1771 +0x1 fp=0x27c2b2d347e8 sp=0x27c2b2d347e0 pc=0x55663e8e5b41
created by runtime.gcBgMarkStartWorkers in goroutine 1
	/usr/lib/golang/src/runtime/mgc.go:1695 +0x105

goroutine 291 gp=0x27c2b2c6b4a0 m=nil [GC worker (idle)]:
runtime.gopark(0x0?, 0x0?, 0x0?, 0x0?, 0x0?)
	/usr/lib/golang/src/runtime/proc.go:462 +0xce fp=0x27c2b2d34f40 sp=0x27c2b2d34f20 pc=0x55663e8de0ae
runtime.gcBgMarkWorker(0x27c2b2d02070)
	/usr/lib/golang/src/runtime/mgc.go:1791 +0xeb fp=0x27c2b2d34fc8 sp=0x27c2b2d34f40 pc=0x55663e88692b
runtime.gcBgMarkStartWorkers.gowrap1()
	/usr/lib/golang/src/runtime/mgc.go:1695 +0x17 fp=0x27c2b2d34fe0 sp=0x27c2b2d34fc8 pc=0x55663e886817
runtime.goexit({})
	/usr/lib/golang/src/runtime/asm_amd64.s:1771 +0x1 fp=0x27c2b2d34fe8 sp=0x27c2b2d34fe0 pc=0x55663e8e5b41
created by runtime.gcBgMarkStartWorkers in goroutine 1
	/usr/lib/golang/src/runtime/mgc.go:1695 +0x105

goroutine 292 gp=0x27c2b2c6b680 m=nil [GC worker (idle)]:
runtime.gopark(0x0?, 0x0?, 0x0?, 0x0?, 0x0?)
	/usr/lib/golang/src/runtime/proc.go:462 +0xce fp=0x27c2b2d35740 sp=0x27c2b2d35720 pc=0x55663e8de0ae
runtime.gcBgMarkWorker(0x27c2b2d02070)
	/usr/lib/golang/src/runtime/mgc.go:1791 +0xeb fp=0x27c2b2d357c8 sp=0x27c2b2d35740 pc=0x55663e88692b
runtime.gcBgMarkStartWorkers.gowrap1()
	/usr/lib/golang/src/runtime/mgc.go:1695 +0x17 fp=0x27c2b2d357e0 sp=0x27c2b2d357c8 pc=0x55663e886817
runtime.goexit({})
	/usr/lib/golang/src/runtime/asm_amd64.s:1771 +0x1 fp=0x27c2b2d357e8 sp=0x27c2b2d357e0 pc=0x55663e8e5b41
created by runtime.gcBgMarkStartWorkers in goroutine 1
	/usr/lib/golang/src/runtime/mgc.go:1695 +0x105

goroutine 293 gp=0x27c2b2c6b860 m=nil [GC worker (idle)]:
runtime.gopark(0x0?, 0x0?, 0x0?, 0x0?, 0x0?)
	/usr/lib/golang/src/runtime/proc.go:462 +0xce fp=0x27c2b2d35f40 sp=0x27c2b2d35f20 pc=0x55663e8de0ae
runtime.gcBgMarkWorker(0x27c2b2d02070)
	/usr/lib/golang/src/runtime/mgc.go:1791 +0xeb fp=0x27c2b2d35fc8 sp=0x27c2b2d35f40 pc=0x55663e88692b
runtime.gcBgMarkStartWorkers.gowrap1()
	/usr/lib/golang/src/runtime/mgc.go:1695 +0x17 fp=0x27c2b2d35fe0 sp=0x27c2b2d35fc8 pc=0x55663e886817
runtime.goexit({})
	/usr/lib/golang/src/runtime/asm_amd64.s:1771 +0x1 fp=0x27c2b2d35fe8 sp=0x27c2b2d35fe0 pc=0x55663e8e5b41
created by runtime.gcBgMarkStartWorkers in goroutine 1
	/usr/lib/golang/src/runtime/mgc.go:1695 +0x105

goroutine 294 gp=0x27c2b2c6ba40 m=nil [GC worker (idle)]:
runtime.gopark(0x0?, 0x0?, 0x0?, 0x0?, 0x0?)
	/usr/lib/golang/src/runtime/proc.go:462 +0xce fp=0x27c2b2d36740 sp=0x27c2b2d36720 pc=0x55663e8de0ae
runtime.gcBgMarkWorker(0x27c2b2d02070)
	/usr/lib/golang/src/runtime/mgc.go:1791 +0xeb fp=0x27c2b2d367c8 sp=0x27c2b2d36740 pc=0x55663e88692b
runtime.gcBgMarkStartWorkers.gowrap1()
	/usr/lib/golang/src/runtime/mgc.go:1695 +0x17 fp=0x27c2b2d367e0 sp=0x27c2b2d367c8 pc=0x55663e886817
runtime.goexit({})
	/usr/lib/golang/src/runtime/asm_amd64.s:1771 +0x1 fp=0x27c2b2d367e8 sp=0x27c2b2d367e0 pc=0x55663e8e5b41
created by runtime.gcBgMarkStartWorkers in goroutine 1
	/usr/lib/golang/src/runtime/mgc.go:1695 +0x105

goroutine 295 gp=0x27c2b2c6bc20 m=nil [GC worker (idle)]:
runtime.gopark(0x0?, 0x0?, 0x0?, 0x0?, 0x0?)
	/usr/lib/golang/src/runtime/proc.go:462 +0xce fp=0x27c2b2d36f40 sp=0x27c2b2d36f20 pc=0x55663e8de0ae
runtime.gcBgMarkWorker(0x27c2b2d02070)
	/usr/lib/golang/src/runtime/mgc.go:1791 +0xeb fp=0x27c2b2d36fc8 sp=0x27c2b2d36f40 pc=0x55663e88692b
runtime.gcBgMarkStartWorkers.gowrap1()
	/usr/lib/golang/src/runtime/mgc.go:1695 +0x17 fp=0x27c2b2d36fe0 sp=0x27c2b2d36fc8 pc=0x55663e886817
runtime.goexit({})
	/usr/lib/golang/src/runtime/asm_amd64.s:1771 +0x1 fp=0x27c2b2d36fe8 sp=0x27c2b2d36fe0 pc=0x55663e8e5b41
created by runtime.gcBgMarkStartWorkers in goroutine 1
	/usr/lib/golang/src/runtime/mgc.go:1695 +0x105

goroutine 296 gp=0x27c2b2c76000 m=nil [GC worker (idle)]:
runtime.gopark(0x0?, 0x0?, 0x0?, 0x0?, 0x0?)
	/usr/lib/golang/src/runtime/proc.go:462 +0xce fp=0x27c2b2d37740 sp=0x27c2b2d37720 pc=0x55663e8de0ae
runtime.gcBgMarkWorker(0x27c2b2d02070)
	/usr/lib/golang/src/runtime/mgc.go:1791 +0xeb fp=0x27c2b2d377c8 sp=0x27c2b2d37740 pc=0x55663e88692b
runtime.gcBgMarkStartWorkers.gowrap1()
	/usr/lib/golang/src/runtime/mgc.go:1695 +0x17 fp=0x27c2b2d377e0 sp=0x27c2b2d377c8 pc=0x55663e886817
runtime.goexit({})
	/usr/lib/golang/src/runtime/asm_amd64.s:1771 +0x1 fp=0x27c2b2d377e8 sp=0x27c2b2d377e0 pc=0x55663e8e5b41
created by runtime.gcBgMarkStartWorkers in goroutine 1
	/usr/lib/golang/src/runtime/mgc.go:1695 +0x105

goroutine 297 gp=0x27c2b2c761e0 m=nil [GC worker (idle)]:
runtime.gopark(0x0?, 0x0?, 0x0?, 0x0?, 0x0?)
	/usr/lib/golang/src/runtime/proc.go:462 +0xce fp=0x27c2b2d37f40 sp=0x27c2b2d37f20 pc=0x55663e8de0ae
runtime.gcBgMarkWorker(0x27c2b2d02070)
	/usr/lib/golang/src/runtime/mgc.go:1791 +0xeb fp=0x27c2b2d37fc8 sp=0x27c2b2d37f40 pc=0x55663e88692b
runtime.gcBgMarkStartWorkers.gowrap1()
	/usr/lib/golang/src/runtime/mgc.go:1695 +0x17 fp=0x27c2b2d37fe0 sp=0x27c2b2d37fc8 pc=0x55663e886817
runtime.goexit({})
	/usr/lib/golang/src/runtime/asm_amd64.s:1771 +0x1 fp=0x27c2b2d37fe8 sp=0x27c2b2d37fe0 pc=0x55663e8e5b41
created by runtime.gcBgMarkStartWorkers in goroutine 1
	/usr/lib/golang/src/runtime/mgc.go:1695 +0x105

goroutine 298 gp=0x27c2b2c763c0 m=nil [GC worker (idle)]:
runtime.gopark(0x0?, 0x0?, 0x0?, 0x0?, 0x0?)
	/usr/lib/golang/src/runtime/proc.go:462 +0xce fp=0x27c2b2c7c740 sp=0x27c2b2c7c720 pc=0x55663e8de0ae
runtime.gcBgMarkWorker(0x27c2b2d02070)
	/usr/lib/golang/src/runtime/mgc.go:1791 +0xeb fp=0x27c2b2c7c7c8 sp=0x27c2b2c7c740 pc=0x55663e88692b
runtime.gcBgMarkStartWorkers.gowrap1()
	/usr/lib/golang/src/runtime/mgc.go:1695 +0x17 fp=0x27c2b2c7c7e0 sp=0x27c2b2c7c7c8 pc=0x55663e886817
runtime.goexit({})
	/usr/lib/golang/src/runtime/asm_amd64.s:1771 +0x1 fp=0x27c2b2c7c7e8 sp=0x27c2b2c7c7e0 pc=0x55663e8e5b41
created by runtime.gcBgMarkStartWorkers in goroutine 1
	/usr/lib/golang/src/runtime/mgc.go:1695 +0x105

goroutine 299 gp=0x27c2b2c765a0 m=nil [GC worker (idle)]:
runtime.gopark(0x0?, 0x0?, 0x0?, 0x0?, 0x0?)
	/usr/lib/golang/src/runtime/proc.go:462 +0xce fp=0x27c2b2c7cf40 sp=0x27c2b2c7cf20 pc=0x55663e8de0ae
runtime.gcBgMarkWorker(0x27c2b2d02070)
	/usr/lib/golang/src/runtime/mgc.go:1791 +0xeb fp=0x27c2b2c7cfc8 sp=0x27c2b2c7cf40 pc=0x55663e88692b
runtime.gcBgMarkStartWorkers.gowrap1()
	/usr/lib/golang/src/runtime/mgc.go:1695 +0x17 fp=0x27c2b2c7cfe0 sp=0x27c2b2c7cfc8 pc=0x55663e886817
runtime.goexit({})
	/usr/lib/golang/src/runtime/asm_amd64.s:1771 +0x1 fp=0x27c2b2c7cfe8 sp=0x27c2b2c7cfe0 pc=0x55663e8e5b41
created by runtime.gcBgMarkStartWorkers in goroutine 1
	/usr/lib/golang/src/runtime/mgc.go:1695 +0x105

goroutine 300 gp=0x27c2b2c76780 m=nil [GC worker (idle)]:
runtime.gopark(0x0?, 0x0?, 0x0?, 0x0?, 0x0?)
	/usr/lib/golang/src/runtime/proc.go:462 +0xce fp=0x27c2b2c7d740 sp=0x27c2b2c7d720 pc=0x55663e8de0ae
runtime.gcBgMarkWorker(0x27c2b2d02070)
	/usr/lib/golang/src/runtime/mgc.go:1791 +0xeb fp=0x27c2b2c7d7c8 sp=0x27c2b2c7d740 pc=0x55663e88692b
runtime.gcBgMarkStartWorkers.gowrap1()
	/usr/lib/golang/src/runtime/mgc.go:1695 +0x17 fp=0x27c2b2c7d7e0 sp=0x27c2b2c7d7c8 pc=0x55663e886817
runtime.goexit({})
	/usr/lib/golang/src/runtime/asm_amd64.s:1771 +0x1 fp=0x27c2b2c7d7e8 sp=0x27c2b2c7d7e0 pc=0x55663e8e5b41
created by runtime.gcBgMarkStartWorkers in goroutine 1
	/usr/lib/golang/src/runtime/mgc.go:1695 +0x105

goroutine 301 gp=0x27c2b2c76960 m=nil [GC worker (idle)]:
runtime.gopark(0x0?, 0x0?, 0x0?, 0x0?, 0x0?)
	/usr/lib/golang/src/runtime/proc.go:462 +0xce fp=0x27c2b2c7df40 sp=0x27c2b2c7df20 pc=0x55663e8de0ae
runtime.gcBgMarkWorker(0x27c2b2d02070)
	/usr/lib/golang/src/runtime/mgc.go:1791 +0xeb fp=0x27c2b2c7dfc8 sp=0x27c2b2c7df40 pc=0x55663e88692b
runtime.gcBgMarkStartWorkers.gowrap1()
	/usr/lib/golang/src/runtime/mgc.go:1695 +0x17 fp=0x27c2b2c7dfe0 sp=0x27c2b2c7dfc8 pc=0x55663e886817
runtime.goexit({})
	/usr/lib/golang/src/runtime/asm_amd64.s:1771 +0x1 fp=0x27c2b2c7dfe8 sp=0x27c2b2c7dfe0 pc=0x55663e8e5b41
created by runtime.gcBgMarkStartWorkers in goroutine 1
	/usr/lib/golang/src/runtime/mgc.go:1695 +0x105

goroutine 302 gp=0x27c2b2c76b40 m=nil [GC worker (idle)]:
runtime.gopark(0x0?, 0x0?, 0x0?, 0x0?, 0x0?)
	/usr/lib/golang/src/runtime/proc.go:462 +0xce fp=0x27c2b2c7e740 sp=0x27c2b2c7e720 pc=0x55663e8de0ae
runtime.gcBgMarkWorker(0x27c2b2d02070)
	/usr/lib/golang/src/runtime/mgc.go:1791 +0xeb fp=0x27c2b2c7e7c8 sp=0x27c2b2c7e740 pc=0x55663e88692b
runtime.gcBgMarkStartWorkers.gowrap1()
	/usr/lib/golang/src/runtime/mgc.go:1695 +0x17 fp=0x27c2b2c7e7e0 sp=0x27c2b2c7e7c8 pc=0x55663e886817
runtime.goexit({})
	/usr/lib/golang/src/runtime/asm_amd64.s:1771 +0x1 fp=0x27c2b2c7e7e8 sp=0x27c2b2c7e7e0 pc=0x55663e8e5b41
created by runtime.gcBgMarkStartWorkers in goroutine 1
	/usr/lib/golang/src/runtime/mgc.go:1695 +0x105

goroutine 303 gp=0x27c2b2c76d20 m=nil [GC worker (idle)]:
runtime.gopark(0x0?, 0x0?, 0x0?, 0x0?, 0x0?)
	/usr/lib/golang/src/runtime/proc.go:462 +0xce fp=0x27c2b2c7ef40 sp=0x27c2b2c7ef20 pc=0x55663e8de0ae
runtime.gcBgMarkWorker(0x27c2b2d02070)
	/usr/lib/golang/src/runtime/mgc.go:1791 +0xeb fp=0x27c2b2c7efc8 sp=0x27c2b2c7ef40 pc=0x55663e88692b
runtime.gcBgMarkStartWorkers.gowrap1()
	/usr/lib/golang/src/runtime/mgc.go:1695 +0x17 fp=0x27c2b2c7efe0 sp=0x27c2b2c7efc8 pc=0x55663e886817
runtime.goexit({})
	/usr/lib/golang/src/runtime/asm_amd64.s:1771 +0x1 fp=0x27c2b2c7efe8 sp=0x27c2b2c7efe0 pc=0x55663e8e5b41
created by runtime.gcBgMarkStartWorkers in goroutine 1
	/usr/lib/golang/src/runtime/mgc.go:1695 +0x105

goroutine 304 gp=0x27c2b2c76f00 m=nil [GC worker (idle)]:
runtime.gopark(0x0?, 0x0?, 0x0?, 0x0?, 0x0?)
	/usr/lib/golang/src/runtime/proc.go:462 +0xce fp=0x27c2b2c7f740 sp=0x27c2b2c7f720 pc=0x55663e8de0ae
runtime.gcBgMarkWorker(0x27c2b2d02070)
	/usr/lib/golang/src/runtime/mgc.go:1791 +0xeb fp=0x27c2b2c7f7c8 sp=0x27c2b2c7f740 pc=0x55663e88692b
runtime.gcBgMarkStartWorkers.gowrap1()
	/usr/lib/golang/src/runtime/mgc.go:1695 +0x17 fp=0x27c2b2c7f7e0 sp=0x27c2b2c7f7c8 pc=0x55663e886817
runtime.goexit({})
	/usr/lib/golang/src/runtime/asm_amd64.s:1771 +0x1 fp=0x27c2b2c7f7e8 sp=0x27c2b2c7f7e0 pc=0x55663e8e5b41
created by runtime.gcBgMarkStartWorkers in goroutine 1
	/usr/lib/golang/src/runtime/mgc.go:1695 +0x105

goroutine 305 gp=0x27c2b2c770e0 m=nil [GC worker (idle)]:
runtime.gopark(0x0?, 0x0?, 0x0?, 0x0?, 0x0?)
	/usr/lib/golang/src/runtime/proc.go:462 +0xce fp=0x27c2b2c7ff40 sp=0x27c2b2c7ff20 pc=0x55663e8de0ae
runtime.gcBgMarkWorker(0x27c2b2d02070)
	/usr/lib/golang/src/runtime/mgc.go:1791 +0xeb fp=0x27c2b2c7ffc8 sp=0x27c2b2c7ff40 pc=0x55663e88692b
runtime.gcBgMarkStartWorkers.gowrap1()
	/usr/lib/golang/src/runtime/mgc.go:1695 +0x17 fp=0x27c2b2c7ffe0 sp=0x27c2b2c7ffc8 pc=0x55663e886817
runtime.goexit({})
	/usr/lib/golang/src/runtime/asm_amd64.s:1771 +0x1 fp=0x27c2b2c7ffe8 sp=0x27c2b2c7ffe0 pc=0x55663e8e5b41
created by runtime.gcBgMarkStartWorkers in goroutine 1
	/usr/lib/golang/src/runtime/mgc.go:1695 +0x105

goroutine 306 gp=0x27c2b2c772c0 m=nil [GC worker (idle)]:
runtime.gopark(0x0?, 0x0?, 0x0?, 0x0?, 0x0?)
	/usr/lib/golang/src/runtime/proc.go:462 +0xce fp=0x27c2b2c78740 sp=0x27c2b2c78720 pc=0x55663e8de0ae
runtime.gcBgMarkWorker(0x27c2b2d02070)
	/usr/lib/golang/src/runtime/mgc.go:1791 +0xeb fp=0x27c2b2c787c8 sp=0x27c2b2c78740 pc=0x55663e88692b
runtime.gcBgMarkStartWorkers.gowrap1()
	/usr/lib/golang/src/runtime/mgc.go:1695 +0x17 fp=0x27c2b2c787e0 sp=0x27c2b2c787c8 pc=0x55663e886817
runtime.goexit({})
	/usr/lib/golang/src/runtime/asm_amd64.s:1771 +0x1 fp=0x27c2b2c787e8 sp=0x27c2b2c787e0 pc=0x55663e8e5b41
created by runtime.gcBgMarkStartWorkers in goroutine 1
	/usr/lib/golang/src/runtime/mgc.go:1695 +0x105

goroutine 307 gp=0x27c2b2c774a0 m=nil [GC worker (idle)]:
runtime.gopark(0x0?, 0x0?, 0x0?, 0x0?, 0x0?)
	/usr/lib/golang/src/runtime/proc.go:462 +0xce fp=0x27c2b2c78f40 sp=0x27c2b2c78f20 pc=0x55663e8de0ae
runtime.gcBgMarkWorker(0x27c2b2d02070)
	/usr/lib/golang/src/runtime/mgc.go:1791 +0xeb fp=0x27c2b2c78fc8 sp=0x27c2b2c78f40 pc=0x55663e88692b
runtime.gcBgMarkStartWorkers.gowrap1()
	/usr/lib/golang/src/runtime/mgc.go:1695 +0x17 fp=0x27c2b2c78fe0 sp=0x27c2b2c78fc8 pc=0x55663e886817
runtime.goexit({})
	/usr/lib/golang/src/runtime/asm_amd64.s:1771 +0x1 fp=0x27c2b2c78fe8 sp=0x27c2b2c78fe0 pc=0x55663e8e5b41
created by runtime.gcBgMarkStartWorkers in goroutine 1
	/usr/lib/golang/src/runtime/mgc.go:1695 +0x105

goroutine 308 gp=0x27c2b2c77680 m=nil [GC worker (idle)]:
runtime.gopark(0x0?, 0x0?, 0x0?, 0x0?, 0x0?)
	/usr/lib/golang/src/runtime/proc.go:462 +0xce fp=0x27c2b2c79740 sp=0x27c2b2c79720 pc=0x55663e8de0ae
runtime.gcBgMarkWorker(0x27c2b2d02070)
	/usr/lib/golang/src/runtime/mgc.go:1791 +0xeb fp=0x27c2b2c797c8 sp=0x27c2b2c79740 pc=0x55663e88692b
runtime.gcBgMarkStartWorkers.gowrap1()
	/usr/lib/golang/src/runtime/mgc.go:1695 +0x17 fp=0x27c2b2c797e0 sp=0x27c2b2c797c8 pc=0x55663e886817
runtime.goexit({})
	/usr/lib/golang/src/runtime/asm_amd64.s:1771 +0x1 fp=0x27c2b2c797e8 sp=0x27c2b2c797e0 pc=0x55663e8e5b41
created by runtime.gcBgMarkStartWorkers in goroutine 1
	/usr/lib/golang/src/runtime/mgc.go:1695 +0x105

goroutine 309 gp=0x27c2b2c77860 m=nil [GC worker (idle)]:
runtime.gopark(0x0?, 0x0?, 0x0?, 0x0?, 0x0?)
	/usr/lib/golang/src/runtime/proc.go:462 +0xce fp=0x27c2b2c79f40 sp=0x27c2b2c79f20 pc=0x55663e8de0ae
runtime.gcBgMarkWorker(0x27c2b2d02070)
	/usr/lib/golang/src/runtime/mgc.go:1791 +0xeb fp=0x27c2b2c79fc8 sp=0x27c2b2c79f40 pc=0x55663e88692b
runtime.gcBgMarkStartWorkers.gowrap1()
	/usr/lib/golang/src/runtime/mgc.go:1695 +0x17 fp=0x27c2b2c79fe0 sp=0x27c2b2c79fc8 pc=0x55663e886817
runtime.goexit({})
	/usr/lib/golang/src/runtime/asm_amd64.s:1771 +0x1 fp=0x27c2b2c79fe8 sp=0x27c2b2c79fe0 pc=0x55663e8e5b41
created by runtime.gcBgMarkStartWorkers in goroutine 1
	/usr/lib/golang/src/runtime/mgc.go:1695 +0x105

goroutine 310 gp=0x27c2b2c77a40 m=nil [GC worker (idle)]:
runtime.gopark(0x0?, 0x0?, 0x0?, 0x0?, 0x0?)
	/usr/lib/golang/src/runtime/proc.go:462 +0xce fp=0x27c2b2c7a740 sp=0x27c2b2c7a720 pc=0x55663e8de0ae
runtime.gcBgMarkWorker(0x27c2b2d02070)
	/usr/lib/golang/src/runtime/mgc.go:1791 +0xeb fp=0x27c2b2c7a7c8 sp=0x27c2b2c7a740 pc=0x55663e88692b
runtime.gcBgMarkStartWorkers.gowrap1()
	/usr/lib/golang/src/runtime/mgc.go:1695 +0x17 fp=0x27c2b2c7a7e0 sp=0x27c2b2c7a7c8 pc=0x55663e886817
runtime.goexit({})
	/usr/lib/golang/src/runtime/asm_amd64.s:1771 +0x1 fp=0x27c2b2c7a7e8 sp=0x27c2b2c7a7e0 pc=0x55663e8e5b41
created by runtime.gcBgMarkStartWorkers in goroutine 1
	/usr/lib/golang/src/runtime/mgc.go:1695 +0x105

goroutine 311 gp=0x27c2b2c77c20 m=nil [GC worker (idle)]:
runtime.gopark(0x0?, 0x0?, 0x0?, 0x0?, 0x0?)
	/usr/lib/golang/src/runtime/proc.go:462 +0xce fp=0x27c2b2c7af40 sp=0x27c2b2c7af20 pc=0x55663e8de0ae
runtime.gcBgMarkWorker(0x27c2b2d02070)
	/usr/lib/golang/src/runtime/mgc.go:1791 +0xeb fp=0x27c2b2c7afc8 sp=0x27c2b2c7af40 pc=0x55663e88692b
runtime.gcBgMarkStartWorkers.gowrap1()
	/usr/lib/golang/src/runtime/mgc.go:1695 +0x17 fp=0x27c2b2c7afe0 sp=0x27c2b2c7afc8 pc=0x55663e886817
runtime.goexit({})
	/usr/lib/golang/src/runtime/asm_amd64.s:1771 +0x1 fp=0x27c2b2c7afe8 sp=0x27c2b2c7afe0 pc=0x55663e8e5b41
created by runtime.gcBgMarkStartWorkers in goroutine 1
	/usr/lib/golang/src/runtime/mgc.go:1695 +0x105

goroutine 312 gp=0x27c2b2e02000 m=nil [GC worker (idle)]:
runtime.gopark(0x0?, 0x0?, 0x0?, 0x0?, 0x0?)
	/usr/lib/golang/src/runtime/proc.go:462 +0xce fp=0x27c2b2c7b740 sp=0x27c2b2c7b720 pc=0x55663e8de0ae
runtime.gcBgMarkWorker(0x27c2b2d02070)
	/usr/lib/golang/src/runtime/mgc.go:1791 +0xeb fp=0x27c2b2c7b7c8 sp=0x27c2b2c7b740 pc=0x55663e88692b
runtime.gcBgMarkStartWorkers.gowrap1()
	/usr/lib/golang/src/runtime/mgc.go:1695 +0x17 fp=0x27c2b2c7b7e0 sp=0x27c2b2c7b7c8 pc=0x55663e886817
runtime.goexit({})
	/usr/lib/golang/src/runtime/asm_amd64.s:1771 +0x1 fp=0x27c2b2c7b7e8 sp=0x27c2b2c7b7e0 pc=0x55663e8e5b41
created by runtime.gcBgMarkStartWorkers in goroutine 1
	/usr/lib/golang/src/runtime/mgc.go:1695 +0x105

goroutine 313 gp=0x27c2b2e021e0 m=nil [GC worker (idle)]:
runtime.gopark(0x0?, 0x0?, 0x0?, 0x0?, 0x0?)
	/usr/lib/golang/src/runtime/proc.go:462 +0xce fp=0x27c2b2c7bf40 sp=0x27c2b2c7bf20 pc=0x55663e8de0ae
runtime.gcBgMarkWorker(0x27c2b2d02070)
	/usr/lib/golang/src/runtime/mgc.go:1791 +0xeb fp=0x27c2b2c7bfc8 sp=0x27c2b2c7bf40 pc=0x55663e88692b
runtime.gcBgMarkStartWorkers.gowrap1()
	/usr/lib/golang/src/runtime/mgc.go:1695 +0x17 fp=0x27c2b2c7bfe0 sp=0x27c2b2c7bfc8 pc=0x55663e886817
runtime.goexit({})
	/usr/lib/golang/src/runtime/asm_amd64.s:1771 +0x1 fp=0x27c2b2c7bfe8 sp=0x27c2b2c7bfe0 pc=0x55663e8e5b41
created by runtime.gcBgMarkStartWorkers in goroutine 1
	/usr/lib/golang/src/runtime/mgc.go:1695 +0x105

goroutine 314 gp=0x27c2b2e023c0 m=nil [GC worker (idle)]:
runtime.gopark(0x0?, 0x0?, 0x0?, 0x0?, 0x0?)
	/usr/lib/golang/src/runtime/proc.go:462 +0xce fp=0x27c2b2e08740 sp=0x27c2b2e08720 pc=0x55663e8de0ae
runtime.gcBgMarkWorker(0x27c2b2d02070)
	/usr/lib/golang/src/runtime/mgc.go:1791 +0xeb fp=0x27c2b2e087c8 sp=0x27c2b2e08740 pc=0x55663e88692b
runtime.gcBgMarkStartWorkers.gowrap1()
	/usr/lib/golang/src/runtime/mgc.go:1695 +0x17 fp=0x27c2b2e087e0 sp=0x27c2b2e087c8 pc=0x55663e886817
runtime.goexit({})
	/usr/lib/golang/src/runtime/asm_amd64.s:1771 +0x1 fp=0x27c2b2e087e8 sp=0x27c2b2e087e0 pc=0x55663e8e5b41
created by runtime.gcBgMarkStartWorkers in goroutine 1
	/usr/lib/golang/src/runtime/mgc.go:1695 +0x105

goroutine 315 gp=0x27c2b2e025a0 m=nil [GC worker (idle)]:
runtime.gopark(0x0?, 0x0?, 0x0?, 0x0?, 0x0?)
	/usr/lib/golang/src/runtime/proc.go:462 +0xce fp=0x27c2b2e08f40 sp=0x27c2b2e08f20 pc=0x55663e8de0ae
runtime.gcBgMarkWorker(0x27c2b2d02070)
	/usr/lib/golang/src/runtime/mgc.go:1791 +0xeb fp=0x27c2b2e08fc8 sp=0x27c2b2e08f40 pc=0x55663e88692b
runtime.gcBgMarkStartWorkers.gowrap1()
	/usr/lib/golang/src/runtime/mgc.go:1695 +0x17 fp=0x27c2b2e08fe0 sp=0x27c2b2e08fc8 pc=0x55663e886817
runtime.goexit({})
	/usr/lib/golang/src/runtime/asm_amd64.s:1771 +0x1 fp=0x27c2b2e08fe8 sp=0x27c2b2e08fe0 pc=0x55663e8e5b41
created by runtime.gcBgMarkStartWorkers in goroutine 1
	/usr/lib/golang/src/runtime/mgc.go:1695 +0x105

goroutine 269 gp=0x27c2b2ce7860 m=nil [GC worker (idle)]:
runtime.gopark(0x0?, 0x0?, 0x0?, 0x0?, 0x0?)
	/usr/lib/golang/src/runtime/proc.go:462 +0xce fp=0x27c2b2cedf40 sp=0x27c2b2cedf20 pc=0x55663e8de0ae
runtime.gcBgMarkWorker(0x27c2b2d02070)
	/usr/lib/golang/src/runtime/mgc.go:1791 +0xeb fp=0x27c2b2cedfc8 sp=0x27c2b2cedf40 pc=0x55663e88692b
runtime.gcBgMarkStartWorkers.gowrap1()
	/usr/lib/golang/src/runtime/mgc.go:1695 +0x17 fp=0x27c2b2cedfe0 sp=0x27c2b2cedfc8 pc=0x55663e886817
runtime.goexit({})
	/usr/lib/golang/src/runtime/asm_amd64.s:1771 +0x1 fp=0x27c2b2cedfe8 sp=0x27c2b2cedfe0 pc=0x55663e8e5b41
created by runtime.gcBgMarkStartWorkers in goroutine 1
	/usr/lib/golang/src/runtime/mgc.go:1695 +0x105

goroutine 275 gp=0x27c2b2d3c5a0 m=nil [GC worker (idle)]:
runtime.gopark(0x0?, 0x0?, 0x0?, 0x0?, 0x0?)
	/usr/lib/golang/src/runtime/proc.go:462 +0xce fp=0x27c2b2e04740 sp=0x27c2b2e04720 pc=0x55663e8de0ae
runtime.gcBgMarkWorker(0x27c2b2d02070)
	/usr/lib/golang/src/runtime/mgc.go:1791 +0xeb fp=0x27c2b2e047c8 sp=0x27c2b2e04740 pc=0x55663e88692b
runtime.gcBgMarkStartWorkers.gowrap1()
	/usr/lib/golang/src/runtime/mgc.go:1695 +0x17 fp=0x27c2b2e047e0 sp=0x27c2b2e047c8 pc=0x55663e886817
runtime.goexit({})
	/usr/lib/golang/src/runtime/asm_amd64.s:1771 +0x1 fp=0x27c2b2e047e8 sp=0x27c2b2e047e0 pc=0x55663e8e5b41
created by runtime.gcBgMarkStartWorkers in goroutine 1
	/usr/lib/golang/src/runtime/mgc.go:1695 +0x105

goroutine 316 gp=0x27c2b2e02780 m=nil [GC worker (idle)]:
runtime.gopark(0x0?, 0x0?, 0x0?, 0x0?, 0x0?)
	/usr/lib/golang/src/runtime/proc.go:462 +0xce fp=0x27c2b2e09740 sp=0x27c2b2e09720 pc=0x55663e8de0ae
runtime.gcBgMarkWorker(0x27c2b2d02070)
	/usr/lib/golang/src/runtime/mgc.go:1791 +0xeb fp=0x27c2b2e097c8 sp=0x27c2b2e09740 pc=0x55663e88692b
runtime.gcBgMarkStartWorkers.gowrap1()
	/usr/lib/golang/src/runtime/mgc.go:1695 +0x17 fp=0x27c2b2e097e0 sp=0x27c2b2e097c8 pc=0x55663e886817
runtime.goexit({})
	/usr/lib/golang/src/runtime/asm_amd64.s:1771 +0x1 fp=0x27c2b2e097e8 sp=0x27c2b2e097e0 pc=0x55663e8e5b41
created by runtime.gcBgMarkStartWorkers in goroutine 1
	/usr/lib/golang/src/runtime/mgc.go:1695 +0x105

goroutine 270 gp=0x27c2b2ce7a40 m=nil [GC worker (idle)]:
runtime.gopark(0x0?, 0x0?, 0x0?, 0x0?, 0x0?)
	/usr/lib/golang/src/runtime/proc.go:462 +0xce fp=0x27c2b2cee740 sp=0x27c2b2cee720 pc=0x55663e8de0ae
runtime.gcBgMarkWorker(0x27c2b2d02070)
	/usr/lib/golang/src/runtime/mgc.go:1791 +0xeb fp=0x27c2b2cee7c8 sp=0x27c2b2cee740 pc=0x55663e88692b
runtime.gcBgMarkStartWorkers.gowrap1()
	/usr/lib/golang/src/runtime/mgc.go:1695 +0x17 fp=0x27c2b2cee7e0 sp=0x27c2b2cee7c8 pc=0x55663e886817
runtime.goexit({})
	/usr/lib/golang/src/runtime/asm_amd64.s:1771 +0x1 fp=0x27c2b2cee7e8 sp=0x27c2b2cee7e0 pc=0x55663e8e5b41
created by runtime.gcBgMarkStartWorkers in goroutine 1
	/usr/lib/golang/src/runtime/mgc.go:1695 +0x105

goroutine 317 gp=0x27c2b2e02960 m=nil [GC worker (idle)]:
runtime.gopark(0x0?, 0x0?, 0x0?, 0x0?, 0x0?)
	/usr/lib/golang/src/runtime/proc.go:462 +0xce fp=0x27c2b2e09f40 sp=0x27c2b2e09f20 pc=0x55663e8de0ae
runtime.gcBgMarkWorker(0x27c2b2d02070)
	/usr/lib/golang/src/runtime/mgc.go:1791 +0xeb fp=0x27c2b2e09fc8 sp=0x27c2b2e09f40 pc=0x55663e88692b
runtime.gcBgMarkStartWorkers.gowrap1()
	/usr/lib/golang/src/runtime/mgc.go:1695 +0x17 fp=0x27c2b2e09fe0 sp=0x27c2b2e09fc8 pc=0x55663e886817
runtime.goexit({})
	/usr/lib/golang/src/runtime/asm_amd64.s:1771 +0x1 fp=0x27c2b2e09fe8 sp=0x27c2b2e09fe0 pc=0x55663e8e5b41
created by runtime.gcBgMarkStartWorkers in goroutine 1
	/usr/lib/golang/src/runtime/mgc.go:1695 +0x105

goroutine 318 gp=0x27c2b2e02b40 m=nil [GC worker (idle)]:
runtime.gopark(0x0?, 0x0?, 0x0?, 0x0?, 0x0?)
	/usr/lib/golang/src/runtime/proc.go:462 +0xce fp=0x27c2b2e0a740 sp=0x27c2b2e0a720 pc=0x55663e8de0ae
runtime.gcBgMarkWorker(0x27c2b2d02070)
	/usr/lib/golang/src/runtime/mgc.go:1791 +0xeb fp=0x27c2b2e0a7c8 sp=0x27c2b2e0a740 pc=0x55663e88692b
runtime.gcBgMarkStartWorkers.gowrap1()
	/usr/lib/golang/src/runtime/mgc.go:1695 +0x17 fp=0x27c2b2e0a7e0 sp=0x27c2b2e0a7c8 pc=0x55663e886817
runtime.goexit({})
	/usr/lib/golang/src/runtime/asm_amd64.s:1771 +0x1 fp=0x27c2b2e0a7e8 sp=0x27c2b2e0a7e0 pc=0x55663e8e5b41
created by runtime.gcBgMarkStartWorkers in goroutine 1
	/usr/lib/golang/src/runtime/mgc.go:1695 +0x105

goroutine 319 gp=0x27c2b2e02d20 m=nil [GC worker (idle)]:
runtime.gopark(0x0?, 0x0?, 0x0?, 0x0?, 0x0?)
	/usr/lib/golang/src/runtime/proc.go:462 +0xce fp=0x27c2b2e0af40 sp=0x27c2b2e0af20 pc=0x55663e8de0ae
runtime.gcBgMarkWorker(0x27c2b2d02070)
	/usr/lib/golang/src/runtime/mgc.go:1791 +0xeb fp=0x27c2b2e0afc8 sp=0x27c2b2e0af40 pc=0x55663e88692b
runtime.gcBgMarkStartWorkers.gowrap1()
	/usr/lib/golang/src/runtime/mgc.go:1695 +0x17 fp=0x27c2b2e0afe0 sp=0x27c2b2e0afc8 pc=0x55663e886817
runtime.goexit({})
	/usr/lib/golang/src/runtime/asm_amd64.s:1771 +0x1 fp=0x27c2b2e0afe8 sp=0x27c2b2e0afe0 pc=0x55663e8e5b41
created by runtime.gcBgMarkStartWorkers in goroutine 1
	/usr/lib/golang/src/runtime/mgc.go:1695 +0x105

goroutine 320 gp=0x27c2b2e02f00 m=nil [GC worker (idle)]:
runtime.gopark(0x0?, 0x0?, 0x0?, 0x0?, 0x0?)
	/usr/lib/golang/src/runtime/proc.go:462 +0xce fp=0x27c2b2e0b740 sp=0x27c2b2e0b720 pc=0x55663e8de0ae
runtime.gcBgMarkWorker(0x27c2b2d02070)
	/usr/lib/golang/src/runtime/mgc.go:1791 +0xeb fp=0x27c2b2e0b7c8 sp=0x27c2b2e0b740 pc=0x55663e88692b
runtime.gcBgMarkStartWorkers.gowrap1()
	/usr/lib/golang/src/runtime/mgc.go:1695 +0x17 fp=0x27c2b2e0b7e0 sp=0x27c2b2e0b7c8 pc=0x55663e886817
runtime.goexit({})
	/usr/lib/golang/src/runtime/asm_amd64.s:1771 +0x1 fp=0x27c2b2e0b7e8 sp=0x27c2b2e0b7e0 pc=0x55663e8e5b41
created by runtime.gcBgMarkStartWorkers in goroutine 1
	/usr/lib/golang/src/runtime/mgc.go:1695 +0x105

goroutine 321 gp=0x27c2b2e030e0 m=nil [GC worker (idle)]:
runtime.gopark(0x0?, 0x0?, 0x0?, 0x0?, 0x0?)
	/usr/lib/golang/src/runtime/proc.go:462 +0xce fp=0x27c2b2e0bf40 sp=0x27c2b2e0bf20 pc=0x55663e8de0ae
runtime.gcBgMarkWorker(0x27c2b2d02070)
	/usr/lib/golang/src/runtime/mgc.go:1791 +0xeb fp=0x27c2b2e0bfc8 sp=0x27c2b2e0bf40 pc=0x55663e88692b
runtime.gcBgMarkStartWorkers.gowrap1()
	/usr/lib/golang/src/runtime/mgc.go:1695 +0x17 fp=0x27c2b2e0bfe0 sp=0x27c2b2e0bfc8 pc=0x55663e886817
runtime.goexit({})
	/usr/lib/golang/src/runtime/asm_amd64.s:1771 +0x1 fp=0x27c2b2e0bfe8 sp=0x27c2b2e0bfe0 pc=0x55663e8e5b41
created by runtime.gcBgMarkStartWorkers in goroutine 1
	/usr/lib/golang/src/runtime/mgc.go:1695 +0x105

goroutine 322 gp=0x27c2b2e032c0 m=nil [GC worker (idle)]:
runtime.gopark(0x0?, 0x0?, 0x0?, 0x0?, 0x0?)
	/usr/lib/golang/src/runtime/proc.go:462 +0xce fp=0x27c2b2e18740 sp=0x27c2b2e18720 pc=0x55663e8de0ae
runtime.gcBgMarkWorker(0x27c2b2d02070)
	/usr/lib/golang/src/runtime/mgc.go:1791 +0xeb fp=0x27c2b2e187c8 sp=0x27c2b2e18740 pc=0x55663e88692b
runtime.gcBgMarkStartWorkers.gowrap1()
	/usr/lib/golang/src/runtime/mgc.go:1695 +0x17 fp=0x27c2b2e187e0 sp=0x27c2b2e187c8 pc=0x55663e886817
runtime.goexit({})
	/usr/lib/golang/src/runtime/asm_amd64.s:1771 +0x1 fp=0x27c2b2e187e8 sp=0x27c2b2e187e0 pc=0x55663e8e5b41
created by runtime.gcBgMarkStartWorkers in goroutine 1
	/usr/lib/golang/src/runtime/mgc.go:1695 +0x105

goroutine 323 gp=0x27c2b2e034a0 m=nil [GC worker (idle)]:
runtime.gopark(0x0?, 0x0?, 0x0?, 0x0?, 0x0?)
	/usr/lib/golang/src/runtime/proc.go:462 +0xce fp=0x27c2b2e18f40 sp=0x27c2b2e18f20 pc=0x55663e8de0ae
runtime.gcBgMarkWorker(0x27c2b2d02070)
	/usr/lib/golang/src/runtime/mgc.go:1791 +0xeb fp=0x27c2b2e18fc8 sp=0x27c2b2e18f40 pc=0x55663e88692b
runtime.gcBgMarkStartWorkers.gowrap1()
	/usr/lib/golang/src/runtime/mgc.go:1695 +0x17 fp=0x27c2b2e18fe0 sp=0x27c2b2e18fc8 pc=0x55663e886817
runtime.goexit({})
	/usr/lib/golang/src/runtime/asm_amd64.s:1771 +0x1 fp=0x27c2b2e18fe8 sp=0x27c2b2e18fe0 pc=0x55663e8e5b41
created by runtime.gcBgMarkStartWorkers in goroutine 1
	/usr/lib/golang/src/runtime/mgc.go:1695 +0x105

goroutine 324 gp=0x27c2b2e03680 m=nil [GC worker (idle)]:
runtime.gopark(0x0?, 0x0?, 0x0?, 0x0?, 0x0?)
	/usr/lib/golang/src/runtime/proc.go:462 +0xce fp=0x27c2b2e19740 sp=0x27c2b2e19720 pc=0x55663e8de0ae
runtime.gcBgMarkWorker(0x27c2b2d02070)
	/usr/lib/golang/src/runtime/mgc.go:1791 +0xeb fp=0x27c2b2e197c8 sp=0x27c2b2e19740 pc=0x55663e88692b
runtime.gcBgMarkStartWorkers.gowrap1()
	/usr/lib/golang/src/runtime/mgc.go:1695 +0x17 fp=0x27c2b2e197e0 sp=0x27c2b2e197c8 pc=0x55663e886817
runtime.goexit({})
	/usr/lib/golang/src/runtime/asm_amd64.s:1771 +0x1 fp=0x27c2b2e197e8 sp=0x27c2b2e197e0 pc=0x55663e8e5b41
created by runtime.gcBgMarkStartWorkers in goroutine 1
	/usr/lib/golang/src/runtime/mgc.go:1695 +0x105

goroutine 325 gp=0x27c2b2e03860 m=nil [GC worker (idle)]:
runtime.gopark(0x0?, 0x0?, 0x0?, 0x0?, 0x0?)
	/usr/lib/golang/src/runtime/proc.go:462 +0xce fp=0x27c2b2e19f40 sp=0x27c2b2e19f20 pc=0x55663e8de0ae
runtime.gcBgMarkWorker(0x27c2b2d02070)
	/usr/lib/golang/src/runtime/mgc.go:1791 +0xeb fp=0x27c2b2e19fc8 sp=0x27c2b2e19f40 pc=0x55663e88692b
runtime.gcBgMarkStartWorkers.gowrap1()
	/usr/lib/golang/src/runtime/mgc.go:1695 +0x17 fp=0x27c2b2e19fe0 sp=0x27c2b2e19fc8 pc=0x55663e886817
runtime.goexit({})
	/usr/lib/golang/src/runtime/asm_amd64.s:1771 +0x1 fp=0x27c2b2e19fe8 sp=0x27c2b2e19fe0 pc=0x55663e8e5b41
created by runtime.gcBgMarkStartWorkers in goroutine 1
	/usr/lib/golang/src/runtime/mgc.go:1695 +0x105

goroutine 326 gp=0x27c2b2e03a40 m=nil [GC worker (idle)]:
runtime.gopark(0x0?, 0x0?, 0x0?, 0x0?, 0x0?)
	/usr/lib/golang/src/runtime/proc.go:462 +0xce fp=0x27c2b2e1a740 sp=0x27c2b2e1a720 pc=0x55663e8de0ae
runtime.gcBgMarkWorker(0x27c2b2d02070)
	/usr/lib/golang/src/runtime/mgc.go:1791 +0xeb fp=0x27c2b2e1a7c8 sp=0x27c2b2e1a740 pc=0x55663e88692b
runtime.gcBgMarkStartWorkers.gowrap1()
	/usr/lib/golang/src/runtime/mgc.go:1695 +0x17 fp=0x27c2b2e1a7e0 sp=0x27c2b2e1a7c8 pc=0x55663e886817
runtime.goexit({})
	/usr/lib/golang/src/runtime/asm_amd64.s:1771 +0x1 fp=0x27c2b2e1a7e8 sp=0x27c2b2e1a7e0 pc=0x55663e8e5b41
created by runtime.gcBgMarkStartWorkers in goroutine 1
	/usr/lib/golang/src/runtime/mgc.go:1695 +0x105

goroutine 327 gp=0x27c2b2e03c20 m=nil [GC worker (idle)]:
runtime.gopark(0x0?, 0x0?, 0x0?, 0x0?, 0x0?)
	/usr/lib/golang/src/runtime/proc.go:462 +0xce fp=0x27c2b2e1af40 sp=0x27c2b2e1af20 pc=0x55663e8de0ae
runtime.gcBgMarkWorker(0x27c2b2d02070)
	/usr/lib/golang/src/runtime/mgc.go:1791 +0xeb fp=0x27c2b2e1afc8 sp=0x27c2b2e1af40 pc=0x55663e88692b
runtime.gcBgMarkStartWorkers.gowrap1()
	/usr/lib/golang/src/runtime/mgc.go:1695 +0x17 fp=0x27c2b2e1afe0 sp=0x27c2b2e1afc8 pc=0x55663e886817
runtime.goexit({})
	/usr/lib/golang/src/runtime/asm_amd64.s:1771 +0x1 fp=0x27c2b2e1afe8 sp=0x27c2b2e1afe0 pc=0x55663e8e5b41
created by runtime.gcBgMarkStartWorkers in goroutine 1
	/usr/lib/golang/src/runtime/mgc.go:1695 +0x105

goroutine 328 gp=0x27c2b2e1c000 m=nil [GC worker (idle)]:
runtime.gopark(0x0?, 0x0?, 0x0?, 0x0?, 0x0?)
	/usr/lib/golang/src/runtime/proc.go:462 +0xce fp=0x27c2b2e1b740 sp=0x27c2b2e1b720 pc=0x55663e8de0ae
runtime.gcBgMarkWorker(0x27c2b2d02070)
	/usr/lib/golang/src/runtime/mgc.go:1791 +0xeb fp=0x27c2b2e1b7c8 sp=0x27c2b2e1b740 pc=0x55663e88692b
runtime.gcBgMarkStartWorkers.gowrap1()
	/usr/lib/golang/src/runtime/mgc.go:1695 +0x17 fp=0x27c2b2e1b7e0 sp=0x27c2b2e1b7c8 pc=0x55663e886817
runtime.goexit({})
	/usr/lib/golang/src/runtime/asm_amd64.s:1771 +0x1 fp=0x27c2b2e1b7e8 sp=0x27c2b2e1b7e0 pc=0x55663e8e5b41
created by runtime.gcBgMarkStartWorkers in goroutine 1
	/usr/lib/golang/src/runtime/mgc.go:1695 +0x105

goroutine 329 gp=0x27c2b2e1c1e0 m=nil [GC worker (idle)]:
runtime.gopark(0x0?, 0x0?, 0x0?, 0x0?, 0x0?)
	/usr/lib/golang/src/runtime/proc.go:462 +0xce fp=0x27c2b2e1bf40 sp=0x27c2b2e1bf20 pc=0x55663e8de0ae
runtime.gcBgMarkWorker(0x27c2b2d02070)
	/usr/lib/golang/src/runtime/mgc.go:1791 +0xeb fp=0x27c2b2e1bfc8 sp=0x27c2b2e1bf40 pc=0x55663e88692b
runtime.gcBgMarkStartWorkers.gowrap1()
	/usr/lib/golang/src/runtime/mgc.go:1695 +0x17 fp=0x27c2b2e1bfe0 sp=0x27c2b2e1bfc8 pc=0x55663e886817
runtime.goexit({})
	/usr/lib/golang/src/runtime/asm_amd64.s:1771 +0x1 fp=0x27c2b2e1bfe8 sp=0x27c2b2e1bfe0 pc=0x55663e8e5b41
created by runtime.gcBgMarkStartWorkers in goroutine 1
	/usr/lib/golang/src/runtime/mgc.go:1695 +0x105

goroutine 330 gp=0x27c2b2e1c3c0 m=nil [GC worker (idle)]:
runtime.gopark(0x0?, 0x0?, 0x0?, 0x0?, 0x0?)
	/usr/lib/golang/src/runtime/proc.go:462 +0xce fp=0x27c2b2e14740 sp=0x27c2b2e14720 pc=0x55663e8de0ae
runtime.gcBgMarkWorker(0x27c2b2d02070)
	/usr/lib/golang/src/runtime/mgc.go:1791 +0xeb fp=0x27c2b2e147c8 sp=0x27c2b2e14740 pc=0x55663e88692b
runtime.gcBgMarkStartWorkers.gowrap1()
	/usr/lib/golang/src/runtime/mgc.go:1695 +0x17 fp=0x27c2b2e147e0 sp=0x27c2b2e147c8 pc=0x55663e886817
runtime.goexit({})
	/usr/lib/golang/src/runtime/asm_amd64.s:1771 +0x1 fp=0x27c2b2e147e8 sp=0x27c2b2e147e0 pc=0x55663e8e5b41
created by runtime.gcBgMarkStartWorkers in goroutine 1
	/usr/lib/golang/src/runtime/mgc.go:1695 +0x105

goroutine 331 gp=0x27c2b2e1c5a0 m=nil [GC worker (idle)]:
runtime.gopark(0x0?, 0x0?, 0x0?, 0x0?, 0x0?)
	/usr/lib/golang/src/runtime/proc.go:462 +0xce fp=0x27c2b2e14f40 sp=0x27c2b2e14f20 pc=0x55663e8de0ae
runtime.gcBgMarkWorker(0x27c2b2d02070)
	/usr/lib/golang/src/runtime/mgc.go:1791 +0xeb fp=0x27c2b2e14fc8 sp=0x27c2b2e14f40 pc=0x55663e88692b
runtime.gcBgMarkStartWorkers.gowrap1()
	/usr/lib/golang/src/runtime/mgc.go:1695 +0x17 fp=0x27c2b2e14fe0 sp=0x27c2b2e14fc8 pc=0x55663e886817
runtime.goexit({})
	/usr/lib/golang/src/runtime/asm_amd64.s:1771 +0x1 fp=0x27c2b2e14fe8 sp=0x27c2b2e14fe0 pc=0x55663e8e5b41
created by runtime.gcBgMarkStartWorkers in goroutine 1
	/usr/lib/golang/src/runtime/mgc.go:1695 +0x105

goroutine 332 gp=0x27c2b2e1c780 m=nil [GC worker (idle)]:
runtime.gopark(0x0?, 0x0?, 0x0?, 0x0?, 0x0?)
	/usr/lib/golang/src/runtime/proc.go:462 +0xce fp=0x27c2b2e15740 sp=0x27c2b2e15720 pc=0x55663e8de0ae
runtime.gcBgMarkWorker(0x27c2b2d02070)
	/usr/lib/golang/src/runtime/mgc.go:1791 +0xeb fp=0x27c2b2e157c8 sp=0x27c2b2e15740 pc=0x55663e88692b
runtime.gcBgMarkStartWorkers.gowrap1()
	/usr/lib/golang/src/runtime/mgc.go:1695 +0x17 fp=0x27c2b2e157e0 sp=0x27c2b2e157c8 pc=0x55663e886817
runtime.goexit({})
	/usr/lib/golang/src/runtime/asm_amd64.s:1771 +0x1 fp=0x27c2b2e157e8 sp=0x27c2b2e157e0 pc=0x55663e8e5b41
created by runtime.gcBgMarkStartWorkers in goroutine 1
	/usr/lib/golang/src/runtime/mgc.go:1695 +0x105

goroutine 333 gp=0x27c2b2e1c960 m=nil [GC worker (idle)]:
runtime.gopark(0x0?, 0x0?, 0x0?, 0x0?, 0x0?)
	/usr/lib/golang/src/runtime/proc.go:462 +0xce fp=0x27c2b2e15f40 sp=0x27c2b2e15f20 pc=0x55663e8de0ae
runtime.gcBgMarkWorker(0x27c2b2d02070)
	/usr/lib/golang/src/runtime/mgc.go:1791 +0xeb fp=0x27c2b2e15fc8 sp=0x27c2b2e15f40 pc=0x55663e88692b
runtime.gcBgMarkStartWorkers.gowrap1()
	/usr/lib/golang/src/runtime/mgc.go:1695 +0x17 fp=0x27c2b2e15fe0 sp=0x27c2b2e15fc8 pc=0x55663e886817
runtime.goexit({})
	/usr/lib/golang/src/runtime/asm_amd64.s:1771 +0x1 fp=0x27c2b2e15fe8 sp=0x27c2b2e15fe0 pc=0x55663e8e5b41
created by runtime.gcBgMarkStartWorkers in goroutine 1
	/usr/lib/golang/src/runtime/mgc.go:1695 +0x105

goroutine 276 gp=0x27c2b2d3c780 m=nil [GC worker (idle)]:
runtime.gopark(0x0?, 0x0?, 0x0?, 0x0?, 0x0?)
	/usr/lib/golang/src/runtime/proc.go:462 +0xce fp=0x27c2b2e04f40 sp=0x27c2b2e04f20 pc=0x55663e8de0ae
runtime.gcBgMarkWorker(0x27c2b2d02070)
	/usr/lib/golang/src/runtime/mgc.go:1791 +0xeb fp=0x27c2b2e04fc8 sp=0x27c2b2e04f40 pc=0x55663e88692b
runtime.gcBgMarkStartWorkers.gowrap1()
	/usr/lib/golang/src/runtime/mgc.go:1695 +0x17 fp=0x27c2b2e04fe0 sp=0x27c2b2e04fc8 pc=0x55663e886817
runtime.goexit({})
	/usr/lib/golang/src/runtime/asm_amd64.s:1771 +0x1 fp=0x27c2b2e04fe8 sp=0x27c2b2e04fe0 pc=0x55663e8e5b41
created by runtime.gcBgMarkStartWorkers in goroutine 1
	/usr/lib/golang/src/runtime/mgc.go:1695 +0x105

goroutine 277 gp=0x27c2b2d3c960 m=nil [GC worker (idle)]:
runtime.gopark(0x0?, 0x0?, 0x0?, 0x0?, 0x0?)
	/usr/lib/golang/src/runtime/proc.go:462 +0xce fp=0x27c2b2e05740 sp=0x27c2b2e05720 pc=0x55663e8de0ae
runtime.gcBgMarkWorker(0x27c2b2d02070)
	/usr/lib/golang/src/runtime/mgc.go:1791 +0xeb fp=0x27c2b2e057c8 sp=0x27c2b2e05740 pc=0x55663e88692b
runtime.gcBgMarkStartWorkers.gowrap1()
	/usr/lib/golang/src/runtime/mgc.go:1695 +0x17 fp=0x27c2b2e057e0 sp=0x27c2b2e057c8 pc=0x55663e886817
runtime.goexit({})
	/usr/lib/golang/src/runtime/asm_amd64.s:1771 +0x1 fp=0x27c2b2e057e8 sp=0x27c2b2e057e0 pc=0x55663e8e5b41
created by runtime.gcBgMarkStartWorkers in goroutine 1
	/usr/lib/golang/src/runtime/mgc.go:1695 +0x105

goroutine 278 gp=0x27c2b2d3cb40 m=nil [GC worker (idle)]:
runtime.gopark(0x0?, 0x0?, 0x0?, 0x0?, 0x0?)
	/usr/lib/golang/src/runtime/proc.go:462 +0xce fp=0x27c2b2e05f40 sp=0x27c2b2e05f20 pc=0x55663e8de0ae
runtime.gcBgMarkWorker(0x27c2b2d02070)
	/usr/lib/golang/src/runtime/mgc.go:1791 +0xeb fp=0x27c2b2e05fc8 sp=0x27c2b2e05f40 pc=0x55663e88692b
runtime.gcBgMarkStartWorkers.gowrap1()
	/usr/lib/golang/src/runtime/mgc.go:1695 +0x17 fp=0x27c2b2e05fe0 sp=0x27c2b2e05fc8 pc=0x55663e886817
runtime.goexit({})
	/usr/lib/golang/src/runtime/asm_amd64.s:1771 +0x1 fp=0x27c2b2e05fe8 sp=0x27c2b2e05fe0 pc=0x55663e8e5b41
created by runtime.gcBgMarkStartWorkers in goroutine 1
	/usr/lib/golang/src/runtime/mgc.go:1695 +0x105

goroutine 279 gp=0x27c2b2d3cd20 m=nil [GC worker (idle)]:
runtime.gopark(0x0?, 0x0?, 0x0?, 0x0?, 0x0?)
	/usr/lib/golang/src/runtime/proc.go:462 +0xce fp=0x27c2b2e06740 sp=0x27c2b2e06720 pc=0x55663e8de0ae
runtime.gcBgMarkWorker(0x27c2b2d02070)
	/usr/lib/golang/src/runtime/mgc.go:1791 +0xeb fp=0x27c2b2e067c8 sp=0x27c2b2e06740 pc=0x55663e88692b
runtime.gcBgMarkStartWorkers.gowrap1()
	/usr/lib/golang/src/runtime/mgc.go:1695 +0x17 fp=0x27c2b2e067e0 sp=0x27c2b2e067c8 pc=0x55663e886817
runtime.goexit({})
	/usr/lib/golang/src/runtime/asm_amd64.s:1771 +0x1 fp=0x27c2b2e067e8 sp=0x27c2b2e067e0 pc=0x55663e8e5b41
created by runtime.gcBgMarkStartWorkers in goroutine 1
	/usr/lib/golang/src/runtime/mgc.go:1695 +0x105

goroutine 181 gp=0x27c2b2d905a0 m=nil [GC worker (idle)]:
runtime.gopark(0x0?, 0x0?, 0x0?, 0x0?, 0x0?)
	/usr/lib/golang/src/runtime/proc.go:462 +0xce fp=0x27c2b2cbdf40 sp=0x27c2b2cbdf20 pc=0x55663e8de0ae
runtime.gcBgMarkWorker(0x27c2b2d02070)
	/usr/lib/golang/src/runtime/mgc.go:1791 +0xeb fp=0x27c2b2cbdfc8 sp=0x27c2b2cbdf40 pc=0x55663e88692b
runtime.gcBgMarkStartWorkers.gowrap1()
	/usr/lib/golang/src/runtime/mgc.go:1695 +0x17 fp=0x27c2b2cbdfe0 sp=0x27c2b2cbdfc8 pc=0x55663e886817
runtime.goexit({})
	/usr/lib/golang/src/runtime/asm_amd64.s:1771 +0x1 fp=0x27c2b2cbdfe8 sp=0x27c2b2cbdfe0 pc=0x55663e8e5b41
created by runtime.gcBgMarkStartWorkers in goroutine 1
	/usr/lib/golang/src/runtime/mgc.go:1695 +0x105

goroutine 182 gp=0x27c2b2d90780 m=nil [GC worker (idle)]:
runtime.gopark(0x0?, 0x0?, 0x0?, 0x0?, 0x0?)
	/usr/lib/golang/src/runtime/proc.go:462 +0xce fp=0x27c2b2cbe740 sp=0x27c2b2cbe720 pc=0x55663e8de0ae
runtime.gcBgMarkWorker(0x27c2b2d02070)
	/usr/lib/golang/src/runtime/mgc.go:1791 +0xeb fp=0x27c2b2cbe7c8 sp=0x27c2b2cbe740 pc=0x55663e88692b
runtime.gcBgMarkStartWorkers.gowrap1()
	/usr/lib/golang/src/runtime/mgc.go:1695 +0x17 fp=0x27c2b2cbe7e0 sp=0x27c2b2cbe7c8 pc=0x55663e886817
runtime.goexit({})
	/usr/lib/golang/src/runtime/asm_amd64.s:1771 +0x1 fp=0x27c2b2cbe7e8 sp=0x27c2b2cbe7e0 pc=0x55663e8e5b41
created by runtime.gcBgMarkStartWorkers in goroutine 1
	/usr/lib/golang/src/runtime/mgc.go:1695 +0x105

goroutine 271 gp=0x27c2b2ce7c20 m=nil [GC worker (idle)]:
runtime.gopark(0x0?, 0x0?, 0x0?, 0x0?, 0x0?)
	/usr/lib/golang/src/runtime/proc.go:462 +0xce fp=0x27c2b2ceef40 sp=0x27c2b2ceef20 pc=0x55663e8de0ae
runtime.gcBgMarkWorker(0x27c2b2d02070)
	/usr/lib/golang/src/runtime/mgc.go:1791 +0xeb fp=0x27c2b2ceefc8 sp=0x27c2b2ceef40 pc=0x55663e88692b
runtime.gcBgMarkStartWorkers.gowrap1()
	/usr/lib/golang/src/runtime/mgc.go:1695 +0x17 fp=0x27c2b2ceefe0 sp=0x27c2b2ceefc8 pc=0x55663e886817
runtime.goexit({})
	/usr/lib/golang/src/runtime/asm_amd64.s:1771 +0x1 fp=0x27c2b2ceefe8 sp=0x27c2b2ceefe0 pc=0x55663e8e5b41
created by runtime.gcBgMarkStartWorkers in goroutine 1
	/usr/lib/golang/src/runtime/mgc.go:1695 +0x105

goroutine 280 gp=0x27c2b2d3cf00 m=nil [GC worker (idle)]:
runtime.gopark(0x0?, 0x0?, 0x0?, 0x0?, 0x0?)
	/usr/lib/golang/src/runtime/proc.go:462 +0xce fp=0x27c2b2e06f40 sp=0x27c2b2e06f20 pc=0x55663e8de0ae
runtime.gcBgMarkWorker(0x27c2b2d02070)
	/usr/lib/golang/src/runtime/mgc.go:1791 +0xeb fp=0x27c2b2e06fc8 sp=0x27c2b2e06f40 pc=0x55663e88692b
runtime.gcBgMarkStartWorkers.gowrap1()
	/usr/lib/golang/src/runtime/mgc.go:1695 +0x17 fp=0x27c2b2e06fe0 sp=0x27c2b2e06fc8 pc=0x55663e886817
runtime.goexit({})
	/usr/lib/golang/src/runtime/asm_amd64.s:1771 +0x1 fp=0x27c2b2e06fe8 sp=0x27c2b2e06fe0 pc=0x55663e8e5b41
created by runtime.gcBgMarkStartWorkers in goroutine 1
	/usr/lib/golang/src/runtime/mgc.go:1695 +0x105

goroutine 281 gp=0x27c2b2d3d0e0 m=nil [GC worker (idle)]:
runtime.gopark(0x0?, 0x0?, 0x0?, 0x0?, 0x0?)
	/usr/lib/golang/src/runtime/proc.go:462 +0xce fp=0x27c2b2e07740 sp=0x27c2b2e07720 pc=0x55663e8de0ae
runtime.gcBgMarkWorker(0x27c2b2d02070)
	/usr/lib/golang/src/runtime/mgc.go:1791 +0xeb fp=0x27c2b2e077c8 sp=0x27c2b2e07740 pc=0x55663e88692b
runtime.gcBgMarkStartWorkers.gowrap1()
	/usr/lib/golang/src/runtime/mgc.go:1695 +0x17 fp=0x27c2b2e077e0 sp=0x27c2b2e077c8 pc=0x55663e886817
runtime.goexit({})
	/usr/lib/golang/src/runtime/asm_amd64.s:1771 +0x1 fp=0x27c2b2e077e8 sp=0x27c2b2e077e0 pc=0x55663e8e5b41
created by runtime.gcBgMarkStartWorkers in goroutine 1
	/usr/lib/golang/src/runtime/mgc.go:1695 +0x105

goroutine 282 gp=0x27c2b2d3d2c0 m=nil [GC worker (idle)]:
runtime.gopark(0x0?, 0x0?, 0x0?, 0x0?, 0x0?)
	/usr/lib/golang/src/runtime/proc.go:462 +0xce fp=0x27c2b2e07f40 sp=0x27c2b2e07f20 pc=0x55663e8de0ae
runtime.gcBgMarkWorker(0x27c2b2d02070)
	/usr/lib/golang/src/runtime/mgc.go:1791 +0xeb fp=0x27c2b2e07fc8 sp=0x27c2b2e07f40 pc=0x55663e88692b
runtime.gcBgMarkStartWorkers.gowrap1()
	/usr/lib/golang/src/runtime/mgc.go:1695 +0x17 fp=0x27c2b2e07fe0 sp=0x27c2b2e07fc8 pc=0x55663e886817
runtime.goexit({})
	/usr/lib/golang/src/runtime/asm_amd64.s:1771 +0x1 fp=0x27c2b2e07fe8 sp=0x27c2b2e07fe0 pc=0x55663e8e5b41
created by runtime.gcBgMarkStartWorkers in goroutine 1
	/usr/lib/golang/src/runtime/mgc.go:1695 +0x105

goroutine 183 gp=0x27c2b2d90960 m=nil [GC worker (idle)]:
runtime.gopark(0x0?, 0x0?, 0x0?, 0x0?, 0x0?)
	/usr/lib/golang/src/runtime/proc.go:462 +0xce fp=0x27c2b2cbef40 sp=0x27c2b2cbef20 pc=0x55663e8de0ae
runtime.gcBgMarkWorker(0x27c2b2d02070)
	/usr/lib/golang/src/runtime/mgc.go:1791 +0xeb fp=0x27c2b2cbefc8 sp=0x27c2b2cbef40 pc=0x55663e88692b
runtime.gcBgMarkStartWorkers.gowrap1()
	/usr/lib/golang/src/runtime/mgc.go:1695 +0x17 fp=0x27c2b2cbefe0 sp=0x27c2b2cbefc8 pc=0x55663e886817
runtime.goexit({})
	/usr/lib/golang/src/runtime/asm_amd64.s:1771 +0x1 fp=0x27c2b2cbefe8 sp=0x27c2b2cbefe0 pc=0x55663e8e5b41
created by runtime.gcBgMarkStartWorkers in goroutine 1
	/usr/lib/golang/src/runtime/mgc.go:1695 +0x105

goroutine 184 gp=0x27c2b2d90b40 m=nil [GC worker (idle)]:
runtime.gopark(0x0?, 0x0?, 0x0?, 0x0?, 0x0?)
	/usr/lib/golang/src/runtime/proc.go:462 +0xce fp=0x27c2b2cbf740 sp=0x27c2b2cbf720 pc=0x55663e8de0ae
runtime.gcBgMarkWorker(0x27c2b2d02070)
	/usr/lib/golang/src/runtime/mgc.go:1791 +0xeb fp=0x27c2b2cbf7c8 sp=0x27c2b2cbf740 pc=0x55663e88692b
runtime.gcBgMarkStartWorkers.gowrap1()
	/usr/lib/golang/src/runtime/mgc.go:1695 +0x17 fp=0x27c2b2cbf7e0 sp=0x27c2b2cbf7c8 pc=0x55663e886817
runtime.goexit({})
	/usr/lib/golang/src/runtime/asm_amd64.s:1771 +0x1 fp=0x27c2b2cbf7e8 sp=0x27c2b2cbf7e0 pc=0x55663e8e5b41
created by runtime.gcBgMarkStartWorkers in goroutine 1
	/usr/lib/golang/src/runtime/mgc.go:1695 +0x105

goroutine 185 gp=0x27c2b2d90d20 m=nil [GC worker (idle)]:
runtime.gopark(0x0?, 0x0?, 0x0?, 0x0?, 0x0?)
	/usr/lib/golang/src/runtime/proc.go:462 +0xce fp=0x27c2b2cbff40 sp=0x27c2b2cbff20 pc=0x55663e8de0ae
runtime.gcBgMarkWorker(0x27c2b2d02070)
	/usr/lib/golang/src/runtime/mgc.go:1791 +0xeb fp=0x27c2b2cbffc8 sp=0x27c2b2cbff40 pc=0x55663e88692b
runtime.gcBgMarkStartWorkers.gowrap1()
	/usr/lib/golang/src/runtime/mgc.go:1695 +0x17 fp=0x27c2b2cbffe0 sp=0x27c2b2cbffc8 pc=0x55663e886817
runtime.goexit({})
	/usr/lib/golang/src/runtime/asm_amd64.s:1771 +0x1 fp=0x27c2b2cbffe8 sp=0x27c2b2cbffe0 pc=0x55663e8e5b41
created by runtime.gcBgMarkStartWorkers in goroutine 1
	/usr/lib/golang/src/runtime/mgc.go:1695 +0x105

goroutine 283 gp=0x27c2b2d3d4a0 m=nil [GC worker (idle)]:
runtime.gopark(0x0?, 0x0?, 0x0?, 0x0?, 0x0?)
	/usr/lib/golang/src/runtime/proc.go:462 +0xce fp=0x27c2b2d44740 sp=0x27c2b2d44720 pc=0x55663e8de0ae
runtime.gcBgMarkWorker(0x27c2b2d02070)
	/usr/lib/golang/src/runtime/mgc.go:1791 +0xeb fp=0x27c2b2d447c8 sp=0x27c2b2d44740 pc=0x55663e88692b
runtime.gcBgMarkStartWorkers.gowrap1()
	/usr/lib/golang/src/runtime/mgc.go:1695 +0x17 fp=0x27c2b2d447e0 sp=0x27c2b2d447c8 pc=0x55663e886817
runtime.goexit({})
	/usr/lib/golang/src/runtime/asm_amd64.s:1771 +0x1 fp=0x27c2b2d447e8 sp=0x27c2b2d447e0 pc=0x55663e8e5b41
created by runtime.gcBgMarkStartWorkers in goroutine 1
	/usr/lib/golang/src/runtime/mgc.go:1695 +0x105

goroutine 284 gp=0x27c2b2d3d680 m=nil [GC worker (idle)]:
runtime.gopark(0x0?, 0x0?, 0x0?, 0x0?, 0x0?)
	/usr/lib/golang/src/runtime/proc.go:462 +0xce fp=0x27c2b2d44f40 sp=0x27c2b2d44f20 pc=0x55663e8de0ae
runtime.gcBgMarkWorker(0x27c2b2d02070)
	/usr/lib/golang/src/runtime/mgc.go:1791 +0xeb fp=0x27c2b2d44fc8 sp=0x27c2b2d44f40 pc=0x55663e88692b
runtime.gcBgMarkStartWorkers.gowrap1()
	/usr/lib/golang/src/runtime/mgc.go:1695 +0x17 fp=0x27c2b2d44fe0 sp=0x27c2b2d44fc8 pc=0x55663e886817
runtime.goexit({})
	/usr/lib/golang/src/runtime/asm_amd64.s:1771 +0x1 fp=0x27c2b2d44fe8 sp=0x27c2b2d44fe0 pc=0x55663e8e5b41
created by runtime.gcBgMarkStartWorkers in goroutine 1
	/usr/lib/golang/src/runtime/mgc.go:1695 +0x105

goroutine 285 gp=0x27c2b2d3d860 m=nil [GC worker (idle)]:
runtime.gopark(0x0?, 0x0?, 0x0?, 0x0?, 0x0?)
	/usr/lib/golang/src/runtime/proc.go:462 +0xce fp=0x27c2b2d45740 sp=0x27c2b2d45720 pc=0x55663e8de0ae
runtime.gcBgMarkWorker(0x27c2b2d02070)
	/usr/lib/golang/src/runtime/mgc.go:1791 +0xeb fp=0x27c2b2d457c8 sp=0x27c2b2d45740 pc=0x55663e88692b
runtime.gcBgMarkStartWorkers.gowrap1()
	/usr/lib/golang/src/runtime/mgc.go:1695 +0x17 fp=0x27c2b2d457e0 sp=0x27c2b2d457c8 pc=0x55663e886817
runtime.goexit({})
	/usr/lib/golang/src/runtime/asm_amd64.s:1771 +0x1 fp=0x27c2b2d457e8 sp=0x27c2b2d457e0 pc=0x55663e8e5b41
created by runtime.gcBgMarkStartWorkers in goroutine 1
	/usr/lib/golang/src/runtime/mgc.go:1695 +0x105

goroutine 286 gp=0x27c2b2d3da40 m=nil [GC worker (idle)]:
runtime.gopark(0x0?, 0x0?, 0x0?, 0x0?, 0x0?)
	/usr/lib/golang/src/runtime/proc.go:462 +0xce fp=0x27c2b2d45f40 sp=0x27c2b2d45f20 pc=0x55663e8de0ae
runtime.gcBgMarkWorker(0x27c2b2d02070)
	/usr/lib/golang/src/runtime/mgc.go:1791 +0xeb fp=0x27c2b2d45fc8 sp=0x27c2b2d45f40 pc=0x55663e88692b
runtime.gcBgMarkStartWorkers.gowrap1()
	/usr/lib/golang/src/runtime/mgc.go:1695 +0x17 fp=0x27c2b2d45fe0 sp=0x27c2b2d45fc8 pc=0x55663e886817
runtime.goexit({})
	/usr/lib/golang/src/runtime/asm_amd64.s:1771 +0x1 fp=0x27c2b2d45fe8 sp=0x27c2b2d45fe0 pc=0x55663e8e5b41
created by runtime.gcBgMarkStartWorkers in goroutine 1
	/usr/lib/golang/src/runtime/mgc.go:1695 +0x105

goroutine 287 gp=0x27c2b2d3dc20 m=nil [GC worker (idle)]:
runtime.gopark(0x0?, 0x0?, 0x0?, 0x0?, 0x0?)
	/usr/lib/golang/src/runtime/proc.go:462 +0xce fp=0x27c2b2d46740 sp=0x27c2b2d46720 pc=0x55663e8de0ae
runtime.gcBgMarkWorker(0x27c2b2d02070)
	/usr/lib/golang/src/runtime/mgc.go:1791 +0xeb fp=0x27c2b2d467c8 sp=0x27c2b2d46740 pc=0x55663e88692b
runtime.gcBgMarkStartWorkers.gowrap1()
	/usr/lib/golang/src/runtime/mgc.go:1695 +0x17 fp=0x27c2b2d467e0 sp=0x27c2b2d467c8 pc=0x55663e886817
runtime.goexit({})
	/usr/lib/golang/src/runtime/asm_amd64.s:1771 +0x1 fp=0x27c2b2d467e8 sp=0x27c2b2d467e0 pc=0x55663e8e5b41
created by runtime.gcBgMarkStartWorkers in goroutine 1
	/usr/lib/golang/src/runtime/mgc.go:1695 +0x105

goroutine 288 gp=0x27c2b2d4a000 m=nil [GC worker (idle)]:
runtime.gopark(0x0?, 0x0?, 0x0?, 0x0?, 0x0?)
	/usr/lib/golang/src/runtime/proc.go:462 +0xce fp=0x27c2b2d46f40 sp=0x27c2b2d46f20 pc=0x55663e8de0ae
runtime.gcBgMarkWorker(0x27c2b2d02070)
	/usr/lib/golang/src/runtime/mgc.go:1791 +0xeb fp=0x27c2b2d46fc8 sp=0x27c2b2d46f40 pc=0x55663e88692b
runtime.gcBgMarkStartWorkers.gowrap1()
	/usr/lib/golang/src/runtime/mgc.go:1695 +0x17 fp=0x27c2b2d46fe0 sp=0x27c2b2d46fc8 pc=0x55663e886817
runtime.goexit({})
	/usr/lib/golang/src/runtime/asm_amd64.s:1771 +0x1 fp=0x27c2b2d46fe8 sp=0x27c2b2d46fe0 pc=0x55663e8e5b41
created by runtime.gcBgMarkStartWorkers in goroutine 1
	/usr/lib/golang/src/runtime/mgc.go:1695 +0x105

rax    0x0
rbx    0x7f86a7fff640
rcx    0x7f86dda8d38c
rdx    0x6
rdi    0x3398b9
rsi    0x3398c8
rbp    0x3398c8
rsp    0x7f86a7ffe7f0
r8     0x7f86a7ffe8c0
r9     0x7f86ddbb1d20
r10    0x8
r11    0x246
r12    0x6
r13    0x7f86a7ffebc0
r14    0x27c2b2d4a3c0
r15    0xffffffffffffffff
rip    0x7f86dda8d38c
rflags 0x246
cs     0x33
fs     0x0
gs     0x0

-----

SIGQUIT: quit
PC=0x55663e8e7663 m=2 sigcode=0

goroutine 0 gp=0x27c2b26a2b40 m=2 mp=0x27c2b2c0a808 [idle]:
runtime.futex(0x556640fbcb60, 0x80, 0x0, 0x7f86b6d9eca8, 0x0, 0x0)
	/usr/lib/golang/src/runtime/sys_linux_amd64.s:570 +0x23 fp=0x7f86b6d9ec78 sp=0x7f86b6d9ec70 pc=0x55663e8e7663
runtime.futexsleep(0x682984da3ba40?, 0xb26a2b40?, 0x0?)
	/usr/lib/golang/src/runtime/os_linux.go:79 +0xa5 fp=0x7f86b6d9ecc8 sp=0x7f86b6d9ec78 pc=0x55663e8a20a5
runtime.notetsleep_internal(0x556640fbcb60, 0xdf8475800)
	/usr/lib/golang/src/runtime/lock_futex.go:89 +0xb5 fp=0x7f86b6d9ed08 sp=0x7f86b6d9ecc8 pc=0x55663e8781f5
runtime.notetsleep(0x682984da3aa40?, 0x7f86b6d9ed70?)
	/usr/lib/golang/src/runtime/lock_futex.go:112 +0x29 fp=0x7f86b6d9ed28 sp=0x7f86b6d9ed08 pc=0x55663e878329
runtime.sysmon()
	/usr/lib/golang/src/runtime/proc.go:6542 +0x1d8 fp=0x7f86b6d9eda8 sp=0x7f86b6d9ed28 pc=0x55663e8b5c58
runtime.mstart1()
	/usr/lib/golang/src/runtime/proc.go:1935 +0x95 fp=0x7f86b6d9edd0 sp=0x7f86b6d9eda8 pc=0x55663e8abe95
runtime.mstart0()
	/usr/lib/golang/src/runtime/proc.go:1888 +0x75 fp=0x7f86b6d9ee00 sp=0x7f86b6d9edd0 pc=0x55663e8abdd5
runtime.mstart()
	/usr/lib/golang/src/runtime/asm_amd64.s:426 +0xc fp=0x7f86b6d9ee08 sp=0x7f86b6d9ee00 pc=0x55663e8e3e0c
rax    0xfffffffffffffffc
rbx    0x0
rcx    0x55663e8e7663
rdx    0x0
rdi    0x556640fbcb60
rsi    0x80
rbp    0x7f86b6d9ecb8
rsp    0x7f86b6d9ec70
r8     0x0
r9     0x0
r10    0x7f86b6d9eca8
r11    0x246
r12    0x7f86b6d9eca8
r13    0x1
r14    0x27c2b26a2b40
r15    0x0
rip    0x55663e8e7663
rflags 0x246
cs     0x33
fs     0x0
gs     0x0

-----

SIGQUIT: quit
PC=0x55663e8e7661 m=3 sigcode=0

goroutine 0 gp=0x27c2b26a30e0 m=3 mp=0x27c2b2c0b008 [idle]:
runtime.futex(0x27c2b2c0b160, 0x80, 0x0, 0x0, 0x0, 0x0)
	/usr/lib/golang/src/runtime/sys_linux_amd64.s:569 +0x21 fp=0x7f86b659da78 sp=0x7f86b659da70 pc=0x55663e8e7661
runtime.futexsleep(0x0?, 0xb659daf0?, 0x55663e8b74a8?)
	/usr/lib/golang/src/runtime/os_linux.go:73 +0x30 fp=0x7f86b659dac8 sp=0x7f86b659da78 pc=0x55663e8a2030
runtime.notesleep(0x27c2b2c0b160)
	/usr/lib/golang/src/runtime/lock_futex.go:47 +0x87 fp=0x7f86b659db00 sp=0x7f86b659dac8 pc=0x55663e8780c7
runtime.mPark(...)
	/usr/lib/golang/src/runtime/proc.go:1967
runtime.stopm()
	/usr/lib/golang/src/runtime/proc.go:3008 +0x8c fp=0x7f86b659db30 sp=0x7f86b659db00 pc=0x55663e8ad6cc
runtime.gcstopm()
	/usr/lib/golang/src/runtime/proc.go:3319 +0xd1 fp=0x7f86b659db58 sp=0x7f86b659db30 pc=0x55663e8ae151
runtime.findRunnable()
	/usr/lib/golang/src/runtime/proc.go:3404 +0x33e fp=0x7f86b659dd28 sp=0x7f86b659db58 pc=0x55663e8ae6fe
runtime.schedule()
	/usr/lib/golang/src/runtime/proc.go:4164 +0xb1 fp=0x7f86b659dd68 sp=0x7f86b659dd28 pc=0x55663e8b03d1
runtime.park_m(0x27c2b2d90b40)
	/usr/lib/golang/src/runtime/proc.go:4304 +0x285 fp=0x7f86b659ddc8 sp=0x7f86b659dd68 pc=0x55663e8b0865
runtime.mcall()
	/usr/lib/golang/src/runtime/asm_amd64.s:496 +0x57 fp=0x7f86b659dde0 sp=0x7f86b659ddc8 pc=0x55663e8e3e97
rax    0xca
rbx    0x0
rcx    0x55663e8e7663
rdx    0x0
rdi    0x27c2b2c0b160
rsi    0x80
rbp    0x7f86b659dab8
rsp    0x7f86b659da70
r8     0x0
r9     0x0
r10    0x0
r11    0x286
r12    0x7f86b659db10
r13    0x1
r14    0x27c2b26a30e0
r15    0x9f
rip    0x55663e8e7661
rflags 0x286
cs     0x33
fs     0x0
gs     0x0

-----

SIGQUIT: quit
PC=0x55663e8e7661 m=4 sigcode=0

goroutine 0 gp=0x27c2b26a3860 m=4 mp=0x27c2b2c0b808 [idle]:
runtime.futex(0x27c2b2c0b960, 0x80, 0x0, 0x0, 0x0, 0x0)
	/usr/lib/golang/src/runtime/sys_linux_amd64.s:569 +0x21 fp=0x7f86b5d9caa0 sp=0x7f86b5d9ca98 pc=0x55663e8e7661
runtime.futexsleep(0x7f86b5d9cb28?, 0xb5d9cb18?, 0x55663e8b74a8?)
	/usr/lib/golang/src/runtime/os_linux.go:73 +0x30 fp=0x7f86b5d9caf0 sp=0x7f86b5d9caa0 pc=0x55663e8a2030
runtime.notesleep(0x27c2b2c0b960)
	/usr/lib/golang/src/runtime/lock_futex.go:47 +0x87 fp=0x7f86b5d9cb28 sp=0x7f86b5d9caf0 pc=0x55663e8780c7
runtime.mPark(...)
	/usr/lib/golang/src/runtime/proc.go:1967
runtime.stopm()
	/usr/lib/golang/src/runtime/proc.go:3008 +0x8c fp=0x7f86b5d9cb58 sp=0x7f86b5d9cb28 pc=0x55663e8ad6cc
runtime.findRunnable()
	/usr/lib/golang/src/runtime/proc.go:3796 +0xec8 fp=0x7f86b5d9cd28 sp=0x7f86b5d9cb58 pc=0x55663e8af288
runtime.schedule()
	/usr/lib/golang/src/runtime/proc.go:4164 +0xb1 fp=0x7f86b5d9cd68 sp=0x7f86b5d9cd28 pc=0x55663e8b03d1
runtime.park_m(0x27c2b2d3c780)
	/usr/lib/golang/src/runtime/proc.go:4304 +0x285 fp=0x7f86b5d9cdc8 sp=0x7f86b5d9cd68 pc=0x55663e8b0865
runtime.mcall()
	/usr/lib/golang/src/runtime/asm_amd64.s:496 +0x57 fp=0x7f86b5d9cde0 sp=0x7f86b5d9cdc8 pc=0x55663e8e3e97
rax    0xca
rbx    0x0
rcx    0x55663e8e7663
rdx    0x0
rdi    0x27c2b2c0b960
rsi    0x80
rbp    0x7f86b5d9cae0
rsp    0x7f86b5d9ca98
r8     0x0
r9     0x0
r10    0x0
r11    0x286
r12    0x7f86b5d9cb18
r13    0x1
r14    0x27c2b26a3860
r15    0x133
rip    0x55663e8e7661
rflags 0x286
cs     0x33
fs     0x0
gs     0x0

-----

SIGQUIT: quit
PC=0x55663e8e7661 m=5 sigcode=0

goroutine 0 gp=0x27c2b2c841e0 m=5 mp=0x27c2b2c80008 [idle]:
runtime.futex(0x27c2b2c80160, 0x80, 0x0, 0x0, 0x0, 0x0)
	/usr/lib/golang/src/runtime/sys_linux_amd64.s:569 +0x21 fp=0x7f86b559bc48 sp=0x7f86b559bc40 pc=0x55663e8e7661
runtime.futexsleep(0x0?, 0xb559bcc0?, 0x55663e8b74a8?)
	/usr/lib/golang/src/runtime/os_linux.go:73 +0x30 fp=0x7f86b559bc98 sp=0x7f86b559bc48 pc=0x55663e8a2030
runtime.notesleep(0x27c2b2c80160)
	/usr/lib/golang/src/runtime/lock_futex.go:47 +0x87 fp=0x7f86b559bcd0 sp=0x7f86b559bc98 pc=0x55663e8780c7
runtime.mPark(...)
	/usr/lib/golang/src/runtime/proc.go:1967
runtime.stopm()
	/usr/lib/golang/src/runtime/proc.go:3008 +0x8c fp=0x7f86b559bd00 sp=0x7f86b559bcd0 pc=0x55663e8ad6cc
runtime.startlockedm(0x27c2b2d3f400?)
	/usr/lib/golang/src/runtime/proc.go:3291 +0x5e fp=0x7f86b559bd28 sp=0x7f86b559bd00 pc=0x55663e8ae03e
runtime.schedule()
	/usr/lib/golang/src/runtime/proc.go:4226 +0x6a fp=0x7f86b559bd68 sp=0x7f86b559bd28 pc=0x55663e8b038a
runtime.park_m(0x27c2b2d90d20)
	/usr/lib/golang/src/runtime/proc.go:4304 +0x285 fp=0x7f86b559bdc8 sp=0x7f86b559bd68 pc=0x55663e8b0865
runtime.mcall()
	/usr/lib/golang/src/runtime/asm_amd64.s:496 +0x57 fp=0x7f86b559bde0 sp=0x7f86b559bdc8 pc=0x55663e8e3e97
rax    0xca
rbx    0x0
rcx    0x55663e8e7663
rdx    0x0
rdi    0x27c2b2c80160
rsi    0x80
rbp    0x7f86b559bc88
rsp    0x7f86b559bc40
r8     0x0
r9     0x0
r10    0x0
r11    0x286
r12    0x7f86b559bbd8
r13    0xf
r14    0x27c2b2c841e0
r15    0x25
rip    0x55663e8e7661
rflags 0x286
cs     0x33
fs     0x0
gs     0x0

-----

SIGQUIT: quit
PC=0x55663e8e7661 m=6 sigcode=0

goroutine 0 gp=0x27c2b2d005a0 m=6 mp=0x27c2b2d06008 [idle]:
runtime.futex(0x27c2b2d06160, 0x80, 0x0, 0x0, 0x0, 0x0)
	/usr/lib/golang/src/runtime/sys_linux_amd64.s:569 +0x21 fp=0x7f86b4adac48 sp=0x7f86b4adac40 pc=0x55663e8e7661
runtime.futexsleep(0x0?, 0xb4adacc0?, 0x55663e8b74a8?)
	/usr/lib/golang/src/runtime/os_linux.go:73 +0x30 fp=0x7f86b4adac98 sp=0x7f86b4adac48 pc=0x55663e8a2030
runtime.notesleep(0x27c2b2d06160)
	/usr/lib/golang/src/runtime/lock_futex.go:47 +0x87 fp=0x7f86b4adacd0 sp=0x7f86b4adac98 pc=0x55663e8780c7
runtime.mPark(...)
	/usr/lib/golang/src/runtime/proc.go:1967
runtime.stopm()
	/usr/lib/golang/src/runtime/proc.go:3008 +0x8c fp=0x7f86b4adad00 sp=0x7f86b4adacd0 pc=0x55663e8ad6cc
runtime.startlockedm(0x27c2b2d48200?)
	/usr/lib/golang/src/runtime/proc.go:3291 +0x5e fp=0x7f86b4adad28 sp=0x7f86b4adad00 pc=0x55663e8ae03e
runtime.schedule()
	/usr/lib/golang/src/runtime/proc.go:4226 +0x6a fp=0x7f86b4adad68 sp=0x7f86b4adad28 pc=0x55663e8b038a
runtime.park_m(0x27c2b2d4a000)
	/usr/lib/golang/src/runtime/proc.go:4304 +0x285 fp=0x7f86b4adadc8 sp=0x7f86b4adad68 pc=0x55663e8b0865
runtime.mcall()
	/usr/lib/golang/src/runtime/asm_amd64.s:496 +0x57 fp=0x7f86b4adade0 sp=0x7f86b4adadc8 pc=0x55663e8e3e97
rax    0xca
rbx    0x0
rcx    0x55663e8e7663
rdx    0x0
rdi    0x27c2b2d06160
rsi    0x80
rbp    0x7f86b4adac88
rsp    0x7f86b4adac40
r8     0x0
r9     0x0
r10    0x0
r11    0x286
r12    0x7f86b4adabd8
r13    0xf
r14    0x27c2b2d005a0
r15    0x1d
rip    0x55663e8e7661
rflags 0x286
cs     0x33
fs     0x0
gs     0x0

-----

SIGQUIT: quit
PC=0x55663e8e572a m=8 sigcode=0

goroutine 0 gp=0x27c2b2d4a780 m=8 mp=0x27c2b2d07008 [idle]:
runtime.procyieldAsm(0xa)
	/usr/lib/golang/src/runtime/asm_amd64.s:869 +0xa fp=0x7f86a77fdb90 sp=0x7f86a77fdb88 pc=0x55663e8e572a
runtime.procyield(...)
	/usr/lib/golang/src/runtime/stubs.go:282
runtime.suspendG(0x27c2b26a21e0)
	/usr/lib/golang/src/runtime/preempt.go:249 +0x365 fp=0x7f86a77fdc10 sp=0x7f86a77fdb90 pc=0x55663e8a6d25
runtime.markroot.func1()
	/usr/lib/golang/src/runtime/mgcmark.go:298 +0x85 fp=0x7f86a77fdc60 sp=0x7f86a77fdc10 pc=0x55663e888d45
runtime.markroot(0x27c2b2843260, 0x16, 0x1)
	/usr/lib/golang/src/runtime/mgcmark.go:280 +0x1a5 fp=0x7f86a77fdd10 sp=0x7f86a77fdc60 pc=0x55663e8889c5
runtime.gcDrain(0x27c2b2843260, 0x3)
	/usr/lib/golang/src/runtime/mgcmark.go:1275 +0x4a7 fp=0x7f86a77fdd80 sp=0x7f86a77fdd10 pc=0x55663e88aec7
runtime.gcDrainMarkWorkerDedicated(...)
	/usr/lib/golang/src/runtime/mgcmark.go:1178
runtime.gcBgMarkWorker.func2()
	/usr/lib/golang/src/runtime/mgc.go:1862 +0x9a fp=0x7f86a77fddd0 sp=0x7f86a77fdd80 pc=0x55663e886c3a
runtime.systemstack(0x800000)
	/usr/lib/golang/src/runtime/asm_amd64.s:562 +0x47 fp=0x7f86a77fdde0 sp=0x7f86a77fddd0 pc=0x55663e8e3f07
rax    0x3
rbx    0x27c2b2d07008
rcx    0x0
rdx    0x20db9843
rdi    0x1
rsi    0x7f86a77fdb60
rbp    0x7f86a77fdc00
rsp    0x7f86a77fdb88
r8     0x20db9843
r9     0x3fffffffffffffff
r10    0x4000000000000000
r11    0x556640df91a0
r12    0x7f86a77fdb70
r13    0x16
r14    0x27c2b2d4a780
r15    0x0
rip    0x55663e8e572a
rflags 0x206
cs     0x33
fs     0x0
gs     0x0

-----

SIGQUIT: quit
PC=0x55663e8e7661 m=10 sigcode=0

goroutine 0 gp=0x27c2b2d4ab40 m=10 mp=0x27c2b2d07808 [idle]:
runtime.futex(0x27c2b2d07960, 0x80, 0x0, 0x0, 0x0, 0x0)
	/usr/lib/golang/src/runtime/sys_linux_amd64.s:569 +0x21 fp=0x7f86a6ffcaa0 sp=0x7f86a6ffca98 pc=0x55663e8e7661
runtime.futexsleep(0x27c2b2d07808?, 0xa6ffcb18?, 0x55663e8b74a8?)
	/usr/lib/golang/src/runtime/os_linux.go:73 +0x30 fp=0x7f86a6ffcaf0 sp=0x7f86a6ffcaa0 pc=0x55663e8a2030
runtime.notesleep(0x27c2b2d07960)
	/usr/lib/golang/src/runtime/lock_futex.go:47 +0x87 fp=0x7f86a6ffcb28 sp=0x7f86a6ffcaf0 pc=0x55663e8780c7
runtime.mPark(...)
	/usr/lib/golang/src/runtime/proc.go:1967
runtime.stopm()
	/usr/lib/golang/src/runtime/proc.go:3008 +0x8c fp=0x7f86a6ffcb58 sp=0x7f86a6ffcb28 pc=0x55663e8ad6cc
runtime.findRunnable()
	/usr/lib/golang/src/runtime/proc.go:3796 +0xec8 fp=0x7f86a6ffcd28 sp=0x7f86a6ffcb58 pc=0x55663e8af288
runtime.schedule()
	/usr/lib/golang/src/runtime/proc.go:4164 +0xb1 fp=0x7f86a6ffcd68 sp=0x7f86a6ffcd28 pc=0x55663e8b03d1
runtime.park_m(0x27c2b26a34a0)
	/usr/lib/golang/src/runtime/proc.go:4304 +0x285 fp=0x7f86a6ffcdc8 sp=0x7f86a6ffcd68 pc=0x55663e8b0865
runtime.mcall()
	/usr/lib/golang/src/runtime/asm_amd64.s:496 +0x57 fp=0x7f86a6ffcde0 sp=0x7f86a6ffcdc8 pc=0x55663e8e3e97
rax    0xca
rbx    0x0
rcx    0x55663e8e7663
rdx    0x0
rdi    0x27c2b2d07960
rsi    0x80
rbp    0x7f86a6ffcae0
rsp    0x7f86a6ffca98
r8     0x0
r9     0x0
r10    0x0
r11    0x286
r12    0x27c2b283e008
r13    0x1
r14    0x27c2b2d4ab40
r15    0xfd
rip    0x55663e8e7661
rflags 0x286
cs     0x33
fs     0x0
gs     0x0

-----

